title,date,keywords,abstract,multilingual_abstract
순환신경망과 벡터 양자화를 이용한 비정상 소나 신호 탐지,2023,"['비정상 신호 탐지', '오토인코더', '벡터 양자화', '순환신경망', 'Abnormal signal detection', 'Autoencoder', 'Vector quantization', 'Recurrent neural network']","수동소나 신호에는 정상신호와 비정상 신호가 같이 존재하는 경우가 대부분이다. 정상신호와 혼재된 비정상신호는 주로 정상신호만을 학습하는 오토인코더를 이용하여 탐지된다. 하지만 기존의 오토인코더는 혼재된 신호로부터 왜곡된 정상신호를 복원하므로 부정확한 탐지를 수행할 수 있다. 이러한 한계를 개선하고자, 본 논문에서는 순환신경망과 벡터 양자화 기반의 비정상 신호 탐지 모델을 제안한다. 제안된 모델은 학습된 잠재벡터들을 대표하는 코드 북을 생성하고, 제안된 코드벡터의 탐색을 통해 보다 정확하게 비정상 신호를 탐지한다. 공개된 수중 음향 데이터를 이용한 실험에서 제안된 기법이 적용된 오토인코더와 변이형 오토인코더는 기존 모델에 비해 최소 2.4 % 향상된 탐지 성능과 최소 9.2 % 높은 비정상 신호 추출 성능을 보였다.","Passive sonar signals mainly contain both normal and abnormal signals. The abnormal signals mixed with normal signals are primarily detected using an AutoEncoder (AE) that learns only normal signals. However, existing AEs may perform inaccurate detection by reconstructing distorted normal signals from mixed signal. To address these limitations, we propose an abnormal signal detection model based on a Recurrent Neural Network (RNN) and vector quantization. The proposed model generates a codebook representing the learned latent vectors and detects abnormal signals more accurately through the proposed search process of code vectors.In experiments using publicly available underwater acoustic data, the AE and Variational AutoEncoder (VAE) using the proposed method showed at least a 2.4 % improvement in the detection performance and at least a 9.2 % improvement in the extraction performance for abnormal signals than the existing models."
순환신경망을 이용한 충주수상태양광 발전량 예측,2023,"['Recurrent Neural Network', 'Power Generation Prediction', 'Floating Photovoltaic', 'LSTM', 'AI']",,
순환신경망을 이용한 유도 법칙 및 유도 파라미터 추정,2023,"['BiLSTM', 'guidance law parameter estimation', 'proportional navigation guidance', 'impact angle control guidance']",,"Drones have increasingly been illegally operated and pose a variety of threats. The illegally operated drones are used for delivering drugs or capturing security information without permission or approval. These misuse cases have become more severe, which means drones can pose physical threats to key national facilities, such as airports and nuclear power plants. Such threats can be fatal if preemptive defense technology is not developed, and preliminary defense technology is essential for preventing accidents. This study introduces an anti-drone system, namely Drone-cop, and its operational framework is securing key national facilities from threats posed by illegally operated drones. Drone-cop consists of heterogeneous UAVs, with one performing reconnaissance in preparation for infiltration and attack by illegal drones and the other neutralizing detected illegal drones using mission equipment. Patrol Drone-cop is capable of vertical take-off and landing and is equipped with three detection and recognition sensors. Response Drone-cop is a hexacopter that is optionally equipped with one of four neutralizing devices. This paper describes the requirements and operational frameworks required for patrol Drone-cop and response Drone-cop to protect key national facilities from illegal drones."
순환신경망 모델을 활용한 팔당호의 단기 수질 예측,2023,"['Feature Importance', 'GRU', 'LSTM', 'Random Forest', 'Recurrent Neural Network', 'Water Quality']",,"Climate change causes fluctuations in water quality in the aquatic environment, which can cause changes in water circulation patterns and severe adverse effects on aquatic ecosystems in the future. Therefore, research is needed to predict and respond to water quality changes caused by climate change in advance. In this study, we tried to predict the dissolved oxygen (DO), chlorophyll-a, and turbidity of the Paldang reservoir for about two weeks using long short-term memory (LSTM) and gated recurrent units (GRU), which are deep learning algorithms based on recurrent neural networks. The model was built based on real-time water quality data and meteorological data. The observation period was set from July to September in the summer of 2021 (Period 1) and from March to May in the spring of 2022 (Period 2). We tried to select an algorithm with optimal predictive power for each water quality parameter. In addition, to improve thepredictive power of the model, an important variable extraction technique using random forest was used to select only the important variables as input variables. In both Periods 1 and 2, the predictive power after extracting important variables was further improved. Except for DO in Period 2, GRU was selected as the best model in all water quality parameters. This methodology can be useful for preventive water quality management by identifying the variability of water quality in advance and predicting water quality in a short period."
순환신경망을 이용한 압력신호기반 벌크 트레일러의 분말 순간배출량 추정,2023,"['bulk trailer', 'instantaneous exhaust', 'automatic exhaust system', 'recurrent neural network', 'pressure sensors', 'flowmeter']",,"Bulk trailers are vehicles that are used for transporting powdered construction materials such as cement and fly ash. To ensure high transportation efficiency and low transportation costs, materials stored in the tank of bulk trailers must be quickly exhausted. One approach is to replace the existing manual exhaust operation with an automatic control system. For the development of an automatic control system for bulk trailers, measurement of the instantaneous exhaust of powdered materials is required. However, flowmeters for powders are expensive and also tricky to install on bulk trailers requiring a straight pipeline of a certain length or more. Therefore, in this paper, a deep learning-based method was proposed for estimating the instantaneous exhaust from the pressure signals of a bulk trailer without using a flowmeter. In the proposed method, a recurrent neural network (i.e., a long short-term memory network) is used to estimate the instantaneous exhaust of powder by using the pressure signals. For the training and validation of the proposed neural network, the signals from pressure sensors and flowmeter were collected during actual cement exhaust operations. The performance of the proposed method was experimentally validated: the normalized root mean square errors of instantaneous and accumulated exhausts were 9.29% and 3.32%, respectively. Thus, the results showed that the instantaneous exhaust information can be effectively estimated using low-cost pressure sensor signals instead of a flowmeter."
분할 연산 기반 순환 신경망의 추론 성능 분석,2023,"['딥러닝', '엣지 디바이스', '순환 신경망', '분할 연산', '엣지 컴퓨팅', 'Deep Learning', 'Edge device', 'Recurrent Neural Network', 'Split Computing', 'Edge Computing']",,
순환 신경망을 이용한 착용형 관성센서기반 하지 관절 역학 추정,2023,"['Joint moment', 'Inertial sensor', 'Inverse dynamics', 'Recurrent neural network', 'Deep learning', '관절 모멘트', '관성 센서', '역동역학', '순환신경망', '심층 학습']",,"Recently, the estimation of joint kinetics such as joint force and moment using wearable inertial sensors has received great attention in biomechanics. Generally, the joint force and moment are calculated though inverse dynamics using segment kinematic data, ground reaction force, and moment. However, this approach has problems such as estimation error of kinematic data and soft tissue artifacts, which can lead to inaccuracy of joint forces and moments in inverse dynamics. This study aimed to apply a recurrent neural network (RNN) instead of inverse dynamics to joint force and moment estimation. The proposed RNN could receive signals from inertial sensors and force plate as input vector and output lower extremity joints forces and moments. As the proposed method does not depend on inverse dynamics, it is independent of the inaccuracy problem of the conventional method. Experimental results showed that the estimation performance of hip joint moment of the proposed RNN was improved by 66.4% compared to that of the inverse dynamics-based method."
인코더와 디코더에 기반한 합성곱 신경망과 순환 신경망의 새로운 하이브리드 접근법,2023,"['Deep Learning', 'CNN', 'RNN', 'LSTM', 'BiLSTM', 'CRNN', '딥러닝', 'RNN', 'LSTM', 'BiLSTM', 'CRNN']","빅데이터 시대를 맞이하여 인공지능 분야는 괄목할만한 성장을 보이고 있으며 특히 딥러닝에 의한이미지 분류 학습방법이 중요한 영역으로 자리하고 있다. 이미지 분류에서 많이 사용되어 온 CNN의성능을 더욱 개선하기 위해 다양한 연구가 활발하게 진행되었는데, 이 중에서 대표적인 방법이CRNN(Convolutional Recurrent Neural Network) 알고리즘이다. CRNN 알고리즘은 이미지 분류를 위한CNN과 시계열적 요소를 인식하기 위한 RNN의 조합으로 구성되는데, CRNN의 RNN영역에서 사용하는입력값은 학습 대상의 이미지를 합성곱과 풀링 기법을 적용하여 추출된 결과물을 flatten한 값이고, 이 입력값들은 이미지 내 동일 위상에 있는 픽셀값들이 서로 다른 순서로 나타나기 때문에, RNN에서의도한 이미지 내 배열 순서를 제대로 학습하기 어렵다는 한계점을 지닌다. 따라서 본 연구는 인코더와디코더의 개념을 응용한 CNN과 RNN의 새로운 하이브리드 방법을 제안하여, 이미지 분류 성능을향상시키는 것을 목적으로 하였다. 본 연구에서는 다양한 알고리즘 비교 실험을 통해, 새로운 하이브리드방법의 효과성을 검증하였다. 본 연구는 인코더와 디코더 개념의 적용 가능성을 넓히고, 제안한 방법이기존 하이브리드 방법에 비해, 복잡도가 크게 증가하지 않아 모델 학습 시간과 인프라 구축 비용측면에서 이점을 있다는 점에서 학문적 시사점을 가진다. 또한, 정확한 이미지 분류가 필요한 다양한분야에서 제공되는 서비스의 품질을 높일 수 있는 가능성을 제시하였다는 점에서 실무적 시사점을가진다.","In the era of big data, the field of artificial intelligence is showing remarkable growth, and in particular, the image classification learning methods by deep learning are becoming an important area. Various studies have been actively conducted to further improve the performance of CNNs, which have been widely used in image classification, among which a representative method is the Convolutional Recurrent Neural Network (CRNN) algorithm. The CRNN algorithm consists of a combination of CNN for image classification and RNNs for recognizing time series elements. However, since the inputs used in the RNN area of CRNN are the flatten values extracted by applying the convolution and pooling technique to the image, pixel values in the same phase in the image appear in different order. And this makes it difficult to properly learn the sequence of arrangements in the image intended by the RNN. Therefore, this study aims to improve image classification performance by proposing a novel hybrid method of CNN and RNN applying the concepts of encoder and decoder. In this study, the effectiveness of the new hybrid method was verified through various experiments. This study has academic implications in that it broadens the applicability of encoder and decoder concepts, and the proposed method has advantages in terms of model learning time and infrastructure construction costs as it does not significantly increase complexity compared to conventional hybrid methods. In addition, this study has practical implications in that it presents the possibility of improving the quality of services provided in various fields that require accurate image classification."
해양환경 모니터링을 위한 순환 신경망 기반의 돌고래 클릭 신호 분류 알고리즘 개발,2023,"['분류', '돌고래 클릭 신호', '순환 신경망', '모니터링', '분수 푸리에 변환', 'classification', 'dolphin click signals', 'recurrent neural network', 'monitoring', 'fractional Fourier transform']","본 연구에서는 해양 모니터링 중에 기록된 돌고래 클릭 신호를 분류하기 위해 순환 신경망(RNN)을 적용하는 방법을 검토했다. 클릭 신 호 분류의 정확도를 높이기 위해 단일 시계열 자료를 분수 푸리에 변환을 사용하여 분수 영역으로 변환하여 특징을 확장했으며, 분류를 위한 최적의 네트워크를 결정하기 위해 세 가지 순환 신경망 모델(LSTM, GRU, BiLSTM)을 비교 분석하였다. 순환 신경망 모델의 입력 자 료로써 이용된 분수 영역 자료의 경우, 분수 푸리에 변환 시 회전 각도에 따라 다른 특성을 가지므로, 각 네트워크 모델에 따라 우수한 성 능을 가지는 회전 각도 범위를 분석했다. 이때 네트워크 성능 분석을 위해 정확도, 정밀도, 재현율, F1-점수와 같은 성능 평가 지표를 도 입했다. 수치실험 결과, 세 가지 네트워크 모두 높은 성능을 보였으며, BiLSTM 네트워크가 LSTM, GRU에 비해 뛰어난 학습 결과를 제공 했다. 마지막으로, 현장 자료 적용 가능성 측면에서 BiLSTM 네트워크가 다른 네트워크에 비해 낮은 오탐지 결과를 제공하였다.","In this study, a recurrent neural network (RNN) was employed as a methodological approach to classify dolphin click signals derived from ocean monitoring data. To improve the accuracy of click signal classification, the single time series data were transformed into fractional domains using fractional Fourier transform to expand its features. Transformed data were used as input for three RNN models: long short-term memory (LSTM), gated recurrent unit (GRU), and bidirectional LSTM (BiLSTM), which were compared to determine the optimal network for the classification of signals. Because the fractional Fourier transform displayed different characteristics depending on the chosen angle parameter, the optimal angle range for each RNN was first determined. To evaluate network performance, metrics such as accuracy, precision, recall, and F1-score were employed. Numerical experiments demonstrated that all three networks performed well, however, the BiLSTM network outperformed LSTM and GRU in terms of learning results. Furthermore, the BiLSTM network provided lower misclassification than the other networks and was deemed the most practically appliable to field data."
특징점과 장단기 메모리를 활용한 순환 신경망 기반 사고 감지 시스템,2023,"['장단기 메모리', '순환 신경망', '인공지능', '사고 감지', 'Mediapipe', '특징점', 'LSTM', 'RNN', 'AI', 'accident detection', 'Mediapipe', 'keypoints']","사고 상황에서의 빠른 조치는 인적, 물적 손실을 최소화하는 가장 효과적인 방법이다. 그러나 관리 감독이 부족한 작업환경에서는 빠르게 사고를 감지하고 조치하기 어렵다. 이러한 문제를 해결하기 위해 인공지능을 활용한 낙상 감지 시스템이 개발되었다. 그러나 작업 현장의 특성상 낙상 감지만으로는 모든 사고를 감지하기에 부족하다. 따라서, 본 논문에서는 낙상뿐만 아니라 기절 등 분류 기준을 추가한 사고 감지 시스템을 제안한다. 본 연구에서는, 사고 발생 여부를 탐지할 수 있는 시스템을 구현하였다. 구현된 시스템은 우선 Mediapipe를 이용하여 영상에서 특징점을 추출하고, 장단기 메모리(Long Short Term Memory: LSTM)을 기반한 순환 신경망(Recurrent Neural Network: RNN)을 이용하여 사고를 식별하였다. 자체 실험 결과, 구현 시스템이 낙상 상태뿐만이 아닌 기절 상태 또한 사고로 감지하면서도 우수한 정확도를 보였다.",
순환 신경망 기반 소프트웨어 신뢰성 추정 모델의 정확성 및 안정성 비교 분석 연구,2023,"['소프트웨어 신뢰성', '소프트웨어 신뢰성 추정 모델', '기계 학습', '순환 신경망', 'software reliability', 'software reliability estimation model', 'machine learning', 'recurrent neural networks']",,"Existing studies on software reliability estimation based on recurrent neural networks have used networks to create one model under the same conditions and evaluated the accuracy of the model. However, due to the randomness of artificial neural networks, such recurrent neural networks can generate different training results of models even under the same conditions, which can lead to inaccurate software reliability estimation. Therefore, this paper compares and analyzes which recurrent neural networks could estimate software reliability more stably and accurately. We estimated software reliability in eight real projects using three representative recurrent neural networks and compared and analyzed the performances of these models in terms of accuracy and stability. As a result, Long Short-Term Memory showed the most stable and accurate software reliability estimation performance.A more accurate and stable software reliability estimation model is expected to be selected based on the results of this study."
순환 신경망 기반 딥러닝 모델들을 활용한 실시간 스트리밍 트래픽 예측,2023,"['Real-Time Streaming Service', 'Traffic Prediction', 'Recurrent Neural Network', 'Deep-Learning', '실시간 스트리밍 서비스', '트래픽 예측', '순환 신경망', '딥러닝']",,"Recently, the demand and traffic volume for various multimedia contents are rapidly increasing through real-time streaming platforms. In this paper, we predict real-time streaming traffic to improve the quality of service (QoS). Statistical models have been used to predict network traffic. However, since real-time streaming traffic changes dynamically, we used recurrent neural network-based deep learning models rather than a statistical model. Therefore, after the collection and preprocessing for real-time streaming data, we exploit vanilla RNN, LSTM, GRU, Bi-LSTM, and Bi-GRU models to predict real-time streaming traffic. In evaluation, the training time and accuracy of each model are measured and compared."
순환 신경망 모델을 이용한 소형어선의 운동응답 예측 연구,2023,"['Deep learning', 'Recurrent neural network', 'Long short-term memory', 'Fishing vessel', 'Hydrodynamic performance', '딥러닝', '순환 신경망', '장단기 메모리', '소형어선', '운동성능']",,"In the present study, a deep learning model was established to predict the motion response of small fishing vessels. Hydrodynamic performances were evaluated for two small fishing vessels for the dataset of deep learning model. The deep learning model of the Long Short-Term Memory (LSTM) which is one of the recurrent neural network was utilized. The input data of LSTM model consisted of time series of six(6) degrees of freedom motions and wave height and the output label was selected as the time series data of six(6) degrees of freedom motions. The hyperparameter and input window length studies were performed to optimize LSTM model. The time series motion response according to different wave direction was predicted by establised LSTM. The predicted time series motion response showed good overall agreement with the analysis results. As the length of the time series increased, differences between the predicted values and analysis results were increased, which is due to the reduced influence of long-term data in the training process. The overall error of the predicted data indicated that more than 85% of the data showed an error within 10%. The established LSTM model is expected to be utilized in monitoring and alarm systems for small fishing vessels."
불확정 표적 모델에 대한 순환 신경망 기반 칼만 필터 설계,2023,"['Recurrent Neural Network(순환 신경망)', 'Kalman Filter(칼만 필터)', 'Extended Kalman Filter(확장 칼만 필터)', 'State-Estimation(상태 관측)', 'Target Tracking(표적 추적)']",,"For various target tracking applications, it is well known that the Kalman filter is the optimal estimator(in the minimum mean-square sense) to predict and estimate the state(position and/or velocity) of linear dynamical systems driven by Gaussian stochastic noise. In the case of nonlinear systems, Extended Kalman filter(EKF) and/or Unscented Kalman filter(UKF) are widely used, which can be viewed as approximations of the(linear) Kalman filter in the sense of the conditional expectation. However, to implement EKF and UKF, the exact dynamical model information and the statistical information of noise are still required. In this paper, we propose the recurrent neural-network based Kalman filter, where its Kalman gain is obtained via the proposed GRU-LSTM based neural-network framework that does not need the precise model information as well as the noise covariance information. By the proposed neural-network based Kalman filter, the state estimation performance is enhanced in terms of the tracking error, which is verified through various linear and nonlinear tracking problems with incomplete model and statistical covariance information."
지자기센서를 이용하지 않는 6축 IMU 기반의 3차원 관절각 추정용 순환 신경망,2023,"['관절각 추정', '관성측정장치', '지자기센서', '순환 신경망', '관절 구속조건', 'Joint angle estimation', 'Inertial measurement unit', 'Magnetometer', 'Recurrent neural network', 'Joint constraint']",,"Inertial measurement unit (IMU)-based 3D joint angle estimation have a wide range of important applications, among them, in gait analysis and exoskeleton robot control. Conventionally, the joint angle was determined via the estimation of 3D orientation of each body segment using 9-axis IMUs including 3-axis magnetometers. However, a magnetometer is limited by magnetic disturbance in the vicinity of the sensor, which highly affects the accuracy of the joint angle. Accordingly, this study aims to estimate the joint angle using the 6-axis IMU signals composed of a 3-axis accelerometer and a 3-axis gyroscope without a magnetometer. This paper proposes a recurrent neural network (RNN) model, which indirectly utilizes the joint kinematic constraint and thus estimates joint angles based on 6-axis IMUs without using a magnetometer signal. The performance of the proposed model was validated for a mechanical joint and human elbow joint, under magnetically disturbed environments. Experimental results showed that the proposed RNN approach outperformed the conventional approach based on a Kalman filter (KF), i.e., RNN 3.48o vs. KF 10.01o for the mechanical joint and RNN 7.39o vs. KF 21.27o for the elbow joint."
코로나가 생활폐기물 발생량에 미치는 영향 : 머신러닝 기반 신경망을 이용한 실증연구,2023,"['Household waste generation', 'Forecasting model', 'Machine learning', 'Neural Network']",,"An accurate forecasting of waste generation is important to establish an efficient waste management. Although the patterns of waste generation are changing due to the COVID-19 pandemic, which started in 2020, there has been no accurate analysis and evaluation. Therefore, this study aims to assess the effects of COVID-19 on household waste generation using machine learning-based neural networks (ANN, LSTM, RNN, and GRU). This study partitioned data into training data (January 2017 - June 2021) and verification data (July 2021 - May 2022) and predicted future waste generation for June 2022 - December 2028. The results showed excellent prediction performance except for high-volatility recyclable waste. Forecasting based on household waste not by type can guarantee predictive performance. In addition, the impact of COVID-19 on household waste generation was a 4.65% increase in garbage waste, a 9.4% increase in food waste, and a 15.53% decrease in recyclable waste."
그래프 합성곱-신경망 구조 탐색 : 그래프 합성곱 신경망을 이용한 신경망 구조 탐색,2023,"['Neural Architecture Search', 'Graph Convolutional Network', 'Recurrent Neural Network', 'Model Architecture Design.', '신경망 구조 탐색', '그래프 합성곱 신경망', '순환 신경망', '모델 구조 설계']","본 논문은 그래프 합성곱 신경망을 이용한 신경망 구조 탐색 모델 설계를 제안한다. 딥 러닝은 블랙박스로 학습이 진행되는 특성으로 인해 설계한 모델이 최적화된 성능을 가지는 구조인지 검증하지 못하는 문제점이 존재한다. 신경망 구조 탐색 모델은 모델을 생성하는 순환 신경망과 생성된 네트워크인 합성곱 신경망으로 구성되어있다. 통상의 신경망 구조 탐색 모델은 순환신경망 계열을 사용하지만 우리는 본 논문에서 순환신경망 대신 그래프 합성곱 신경망을 사용하여 합성곱 신경망 모델을 생성하는 GC-NAS를 제안한다. 제안하는 GC-NAS는 Layer Extraction Block을 이용하여 Depth를 탐색하며 Hyper Parameter Prediction Block을 이용하여 Depth 정보를 기반으로 한 spatial, temporal 정보(hyper parameter)를 병렬적으로 탐색합니다. 따라서 Depth 정보를 반영하기 때문에 탐색 영역이 더 넓으며 Depth 정보와 병렬적 탐색을 진행함으로 모델의 탐색 영역의 목적성이 분명하기 때문에 GC-NAS대비 이론적 구조에 있어서 우위에 있다고 판단된다. GC-NAS는 그래프 합성곱 신경망 블록 및 그래프 생성 알고리즘을 통하여 기존 신경망 구조 탐색 모델에서 순환 신경망이 가지는 고차원 시간 축의 문제와 공간적 탐색의 범위 문제를 해결할 것으로 기대한다. 또한 우리는 본 논문이 제안하는 GC-NAS를 통하여 신경망 구조 탐색에 그래프 합성곱 신경망을 적용하는 연구가 활발히 이루어질 수 있는 계기가 될 수 있기를 기대한다.","This paper proposes the design of a neural network structure search model using graph convolutional neural networks. Deep learning has a problem of not being able to verify whether the designed model has a structure with optimized performance due to the nature of learning as a black box. The neural network structure search model is composed of a recurrent neural network that creates a model and a convolutional neural network that is the generated network. Conventional neural network structure search models use recurrent neural networks, but in this paper, we propose GC-NAS, which uses graph convolutional neural networks instead of recurrent neural networks to create convolutional neural network models. The proposed GC-NAS uses the Layer Extraction Block to explore depth, and the Hyper Parameter Prediction Block to explore spatial and temporal information (hyper parameters) based on depth information in parallel. Therefore, since the depth information is reflected, the search area is wider, and the purpose of the search area of the model is clear by conducting a parallel search with depth information, so it is judged to be superior in theoretical structure compared to GC-NAS. GC-NAS is expected to solve the problem of the high-dimensional time axis and the range of spatial search of recurrent neural networks in the existing neural network structure search model through the graph convolutional neural network block and graph generation algorithm. In addition, we hope that the GC-NAS proposed in this paper will serve as an opportunity for active research on the application of graph convolutional neural networks to neural network structure search."
금융 시계열 예측 신경망에서의 과적합 완화를 위한 임의 증강 기법,2023,"['과적합', 'LSTM 순환 신경망', '기울기 감쇠', '임의 데이터 증강', 'VIX 지수', 'Overfitting', 'LSTM recurrent network', 'learning rate decay', 'random augmentation method', 'VIX Index']","과적합 현상은 금융 시계열 자료 예측 작업을 수행하기 위해 신경망 모형을 활용할 때 발생하는 주요 문제 중 하나이다. 금융 시계열 자료는 다른 분야에 비해 상대적으로 자료 개수가 적어 과적합 특징이 두드러지는 경향이 있다. 우리는 본연구를 통해 제시한 임의 증강 기법 알고리즘으로 신경망 기반 시계열 자료 예측 작업에서 과적합을 완화하는 방법을 제안하고자 한다. 본 연구의 신경망은 LSTM 순환 신경망 구조를 가지며, 제안 방법은 학습 과정에서 단계적으로 학습 기울기를 감소시키면서, 학습자료를 확률적으로 증강하는 방식을 따른다. 제안한 알고리즘의 성능을 검증하기 위해 가장 유명한 변동성 지수인 VIX 지수 시계열을 네 개의 구간으로 나누어 교차 검증을 진행하였다. 본 연구에서 진행한 실험 결과에 따르면 학습자료 증강 과정에서 임의선택영역 비중이 증가할수록 모형의 예측 성능이 향상되는 경향을 보이며, 알고리즘이 적용되지 않은 보편적인 LSTM 신경망과 비교하였을 때 네 개의 교차 검증 데이터에서 RMSE 수치가 각각 23%, 34%, 32%, 34% 감소하여 과적합 현상 완화에 효과적임을 확인하였다.","Overfitting is one of the major challenges encountered when using neural network models for financial time series forecasting tasks. The nature of financial time series data, often sparser than in other fields, tends to exacerbate the symptoms of overfitting. In this study, we propose a method to alleviate overfitting in neural network-based time series forecasting tasks through a novel data augmentation algorithm. The neural network structure employed in this research is a Long Short-Term Memory (LSTM) recurrent network. The proposed method gradually reduces the learning rate during the training process, whilst randomly augmenting the training data. To validate the performance of the proposed algorithm, we divided the VIX Index, into four sections and performed cross-validation. When compared to a standard LSTM network without the application of our algorithm, we confirmed that the Root Mean Square Error (RMSE) was reduced by 23%, 34%, 32%, and 34% in each cross-validation section respectively."
순환 아키텍쳐 및 하이퍼파라미터 최적화를 이용한 데이터 기반 군사 동작 판별 알고리즘,2023,"['Data-driven Model', 'Motion Recognition', 'Wearable Device', 'Recurrent Architecture', 'Hyperparameter Optimization', '딥러닝', '동작 인식', '웨어러블 기기', '순환 신경망', '하이퍼파라미터 최적화.']","군인의 동작 및 운동 상태를 인식하는 기술은 웨어러블 테크놀로지와 인공지능의 결합으로 최근 대두되어 병력 관리의 패러다임을 바꿀 기술로 주목받고 있다. 이때 훈련 상황에서의 평가 및 솔루션 제공, 전투 상황에서의 효율적 모니터링 기능을 의도한대로 제공하기 위해서는 상태 판별의 정확도가 매우 높은 수준으로 유지되어야만 한다. 하지만 입력 데이터가 시계열 또는 시퀀스로 주어지는 경우, 기존의 피드포워드 신경망으로는 분류 성능을 극대화하는데 한계가 발생한다. 전장에서의 군사 동작 인식을 위해 다뤄지는 인간의 행동양식 데이터(3축 가속도 및 3축 각속도)는 시의존적 특성의 분석이 요구되기 때문에, 본 논문은 순환 신경망인 LSTM(Long-short Term Memory) 네트워크를 활용하여 취득 데이터의 이동 양상 및 순서 의존성을 파악하고 여덟 가지의 대표적 군사 동작(Sitting, Standing, Walking, Running, Ascending, Descending, Low Crawl, High Crawl)을 분류하는 고성능 인공지능 모델을 제안한다. 이때, 학습 조건 및 모델 변수는 그정확도에 결정적인 영향을 끼치지만 인간의 수동적 조정이 필요해 비용 비효율적이고 최적의 값을 보장하지 못한다. 본논문은 기계 스스로 일반화 성능이 극대화된 조건들을 취득할 수 있도록 베이지안 최적화를 활용해 하이퍼파라미터를 최적화한다. 그 결과, 최종 아키텍쳐는 학습 가능한 파라미터의 개수가 유사한 기존의 인공 신경망과 비교해서 오차율이 62.56% 감소할 수 있었으며, 최종적으로 98.39%의 정확도로 군사 동작 인식 기능을 구현할 수 있었다.","The technology that recognizes a soldier’s motion and movement status has recently attracted large attention as a combination of wearable technology and artificial intelligence, which is expected to upend the paradigm of troop management. The accuracy of state determination should be maintained at a high-end level to make sure of the expected vital functions both in a training situation; an evaluation and solution provision for each individual’s motion, and in a combat situation; overall enhancement in managing troops. However, when input data is given as a timer series or sequence, existing feedforward networks would show overt limitations in maximizing classification performance. Since human behavior data (3-axis accelerations and 3-axis angular velocities) handled for military motion recognition requires the process of analyzing its time-dependent characteristics, this study proposes a high-performance data-driven classifier which utilizes the long-short term memory to identify the order dependence of acquired data, learning to classify eight representative military operations (Sitting, Standing, Walking, Running, Ascending, Descending, Low Crawl, and High Crawl). Since the accuracy is highly dependent on a network’s learning conditions and variables, manual adjustment may neither be cost-effective nor guarantee optimal results during learning. Therefore, in this study, we optimized hyperparameters using Bayesian optimization for maximized generalization performance. As a result, the final architecture could reduce the error rate by 62.56% compared to the existing network with a similar number of learnable parameters, with the final accuracy of 98.39% for various military operations."
학습 데이터 자동 구축을 통한 양방향 게이트 순환 유닛 기반 도로명주소 파싱 모델,2023,"['Address Components', 'Address Errors', 'Automated Generating Training Dataset', 'Gate Recurrent Unit', '주소 구성요소', '주소 오류', '학습데이터 자동 생성', '게이트 순환 유닛']","공공데이터의 공간적 분석을 수행하기 위해서는 주소에 대한 정제가 반드시 요구된다. 국외에서는 주소를 정제하고 매칭하기 위하여 딥러닝을 적용한 연구가 활발히 진행되고 있으나 국내에서는 규칙에 기반한 주소 정제가 연구되어 왔다. 따라서 본 연구에서는 순환신경망을 적용하여 상세주소가 포함된 한글 도로명주소를 구성하는 요소별로 파싱하는 모델을 개발하고자 한다. 이를 위하여 첫 번째로 상세주소까지 포함된 도로명주소의 구성요소를 정의하였다. 두 번째로 정부에서 제공 중인 공공데이터를 바탕으로 사용자 오류를 분석하고, 오류가 포함된 학습데이터를 자동으로 생성하였다. 세 번째로 호주 주소데이터 파싱에 적용된 순환신경망을 한글 도로명주소에 적용하여 파싱모델을 구축하였다. 주소정보누리집에서 제공하는 도로명주소 데이터에 적용하였고, 정확도 평가를 수행한 결과 99.93%의 높은 정확도를 보였다.","In order to perform spatial analysis of public data, address refinement is absolutely required. Overseas, studies applying deep learning to refine and match addresses are actively being conducted, but rule-based address refinement has been studied in Korea. Therefore, in this study, a RNN (Recurrent Neural Network) is applied to develop a parsing model for each components that constitutes a Korean street name address including a detailed address. For this, firstly, the components of the street name address including the detailed address were defined. Second, based on public open data provided by the government, user errors were analyzed and training data containing errors were automatically generated. Thirdly, a parsing model was constructed by applying the RNN applied to Australian address data parsing to Korean street name addresses. It was applied to the street name address dataset provided by the address information website, and as a result of performing an accuracy evaluation, it showed a high accuracy of 99.93%."
Fantastic AI Sinawi: 심층신경망 기반 국악 선율 작곡을 활용한 시나위 창작,2023,"['국악', '딥러닝', '시나위', '음악 시각화', '음악 인공지능', '음악 정보 검색', 'Korean traditional music', 'Deep learning', 'Sinawi', 'Music visualization', 'Music AI', 'Music information retrieval']",본 연구에서는 심층신경망을 이용하여 새로운 국악 선율을 생성하고 이를 활용해 인간과 인공지능 간의 합주 시나위를 완성하는 과정을 소개한다. 국악 선율 생성을 위해 시나위 악보 데이터셋을 수집하고 편집하였으며 이를 이용해 순환신경망 기반의 선율 생성 모델을 학습하였다. 학습 데이터의 부족함을 극복하기 위해 다른 단선율 데이터셋을 이용한 사전학습을 적용하였다. 학습된 모델이 생성한 선율들을 활용하여 하나의 시나위 악곡으로 구성하였고 가상악기를 활용하여 각 악기에 적합한 주법을 적용할 수 있도록 선율을 편집하였다. 이렇게 구성한 반주 파트에 해금 연주자가 선율을 모방하는 즉흥 연주를 함께하여 Fantastic AI Sinawi를 완성하였다. 작품의 시각적인 몰입을 돕기 위해 해금 연주 오디오를 입력으로 받는 실시간 인터랙티브 시각화를 함께 제안하였다.,"This study presents a method for generating new Korean traditional music melodies using deep neural networks. Furthermore, it explores their use in collaboration between humans and artificial intelligence. To create these melodies, we collected and edited a dataset of Sinawi scores, which were then used to train a melody generation model based on the recurrent neural network. Because of limited training data, we used pre-training techniques using additional monophonic melody datasets. We composed a single Sinawi piece using 20 melodies generated by the trained model. We used virtual instruments to synthesize melodies while editing each phrase with proper transposition and articulation for each instrument. The generated accompaniment part was performed with a Haegeum player who improvised to mimic the melody, thereby completing Fantastic AI Sinawi. We also proposed a real-time interactive visualization that responds to the audio of the performance."
시-공간 그래프 모델을 이용한 자전거 대여 예측,2023,"['Graph Neural Network', 'Recurrent Neural Network', 'Spatial-Temporal Model', '그래프 신경망', '순환 신경망', '시-공간 모델']","시간-공간적 의존성을 모두 고려하는 방법으로 그래프 신경망과 순환 신경망을 함께 사용하는 연구가 많이 진행되고 있다. 특히 그래프 신경망은 새롭게 활발히 연구되고 있는 분야이다. 서울시 자전거 대여 서비스(일명 따릉이)는서울시 곳곳에 대여소를 갖추고 있으며 각 대여소에서 대여 정보가 충실하게 기록되어 있는 시계열 자료이다. 각 대여소의 대여 정보는 시간에 따른 주기성을 보이는 시간적인 특성을 갖추고 있으며, 지역적인 특성도 대여 현황에 큰 영향을 미치리라고 생각된다. 지역적 상관관계는 그래프 신경망을 이용하여 잘 이해할 수 있다. 이 연구에서는 서울시 자전거 대여 서비스의 시계열 데이터를 그래프로 재구성하고 그래프 신경망과 순차 신경망을 결합한 대여 예측 모델을 개발하였다. 시간에 따른 주기성과 같은 시간 특성과 지역적인 특성 및 각 대여소의 중요도 정도를 고려하였다. 대여소의중요도 정도는 대여량 예측에 중요한 인자로 사용됨을 확인하였다.","There is a lot of research on using a combination of graph neural networks and recurrent neural networks as a way to account for both temporal and spatial dependencies. In particular, graph neural networks are an emerging area of research. Seoul's bicycle rental service (aka Daereungi) has rental stations all over the city of Seoul, and the rental information at each station is a time series that is faithfully recorded. The rental information of each rental station has temporal characteristics that show periodicity over time, and regional characteristics are also thought to have important effects on the rental status. Regional correlations can be well understood using graph neural networks. In this study, we reconstructed the time series data of Seoul's bicycle rental service into a graph and developed a rental prediction model that combines a graph neural network and a recurrent neural network. We considered temporal characteristics such as periodicity over time, regional characteristics, and the degree importance of each rental station."
C-LSTM 모델을 이용한 단기 전력 예측,2023,"['Deep Learning', 'C-LSTM', 'Electricity Forecasting', '딥러닝', 'C-LSTM', '전력 예측']","효율적인 발전 설비 운용과 에너지 공급을 위해서는 정확한 전력 예측이 필수적이다. 전력 예측은 수일 내의 전력 사용량의 변화를 예측하는 단기 예측과 수개월 간의 전력 사용량의 흐름을 예측을 하는 장기 예측으로 나누어진다. 본 논문은 신경망을 활용한 단기 전력 예측에 대해 분석하고 성능을 개선하는 방안을 제안한다. 시계열 데이터를 효과적으로 처리하기 위해 합성곱 신경망(CNN: Convolutional Neural Network)과 순환 신경망(RNN: Recurrent Neural Network)의 일종인 LSTM(Long short-Term Memory)을 결합한 C-LSTM 딥러닝 모델을 제안한다. 본 연구에서는 신경망을 활용하여 전력량 같은 값의 변화 범위가 넓고 예측이 어려운 시계열 데이터 예측에 있어 정확도에 미치는 요인을 분석하였다. 그 결과 1) 신경망 입력의 범위를 결정하는 데이터의 정규화, 2) 신경망 출력에 영향을 주는 활성화 함수가 정확도에 영향을 미치는 것을 확인하였다. UK-DALE 데이터를 사용한 단기 전력 예측 실험에서 기존의 정규화 방법 중에서 MinMax 정규화 방법과 신경망의 활성화 함수 Leaky-ReLU를 결합하였을 때 MAE 기준 98%의 가장 높은 정확도를 보이는 것을 확인하였다. 또한, 전력량의 정확도를 높이기 위해 외부 요인으로 날씨와 날짜를 추가적인 입력으로 사용한 실험을 수행하였으나 정확도 향상에는 크게 영향이 없었다. 이는 전력량 단기 예측에는 외부 요인의 영향력이 적으며, 계절의 변화에 따른 장기 예측 결과에 좀 더 영향이 큰 것으로 예측된다.","Electricity forecasting is essential for efficient operation of power generation facilities and energy supply. Electricity forecasts are divided into short-term forecasts that predict changes in electricity usage within days and long-term forecasts that predict the flow of electricity usage over several months. This paper proposes a short-term electricity forecasting method using neural networks. To handle time series data effectively, we propose a C-LSTM deep learning model that combines convolutional neural networks (CNN) and long short-term memory (LSTM), a type of recurrent neural network (RNN). In this study, a neural network was used to analyze the factors affecting accuracy in predicting time series data with no fixed range of values such as electricity. As a result, we verified 1) normalization of data that determines the range of neural network input, and 2) activation functions that affect neural network output affect prediction accuracy. Short-term electricity forecasting experiments using UK-DALE data showed the highest accuracy of 98% based on MAE when combining the MinMax normalization method with the neural network activation function Leaky-ReLU. In addition, an experiment using weather and date as additional inputs was conducted to increase the accuracy of electricity, but there was no significant effect on the prediction accuracy improvement. We assumed that the weather and date information does not affect short-term electricity prediction, but is a useful factor for long-term forecasting that reflects the season."
트랜스포머 기반 시계열 데이터 분류작업을 위한 GASF와 CNN을 사용한 CLS 토큰 추가 임베딩 방법,2023,"['time series', 'deep learning', 'RNN', 'CNN', 'transformer', 'Gramian angular field', '시계열', '딥러닝', '순환 신경망', '컨볼루션 신경망', '트랜스포머', '그라미안 각도 필드']","시계열 데이터란 일정한 시간 동안 수집된 일련의 순차적으로 정해진 데이터 셋의 집합을 의미하며 예측, 분류, 이상치 탐지 등에 활용되고 있다. 기존 시계열 분야는 순환신경망으로 구성된 모델을 주로 활용하여 분석하였지만, 최근 트랜스포머의 개발로 인하여 연구 추세가 변화하고 있다. 하지만 트랜스포머는 시계열 데이터 예측에는 좋은 성능을 보이지만, 분류 작업에는 상대적으로 부족한 성능을 보인다. 본 논문에서는 시계열 데이터를 트랜스포머에 입력으로 활용하기 위해 그라미안 각도 합산 필드와 컨볼루션 신경망을 사용하여 생성한 분류 토큰을 추가하는 임베딩 방식을 제안하며, 사전 학습 기법을 활용하여 성능을 향상시킴을 보인다. 제안하는 모델 성능을 비교하기 위하여 12개의 서로 다른 모델들과 평균 정확도를 기준으로 성능 평가를 진행하였으며, 제안하는 모델은 다른 모델에 비해 최소 1.4% 최대 21.1%까지 성능 향상을 보인다.",
STFT와 시계열 데이터 이미지화 알고리즘을 활용한 시계열 데이터 분류 성능 분석,2023,"['Time Series Data', 'GAF', 'MTF', 'RP', 'STFT', 'Spectrogram', 'CNN', '시계열 데이터', '스펙트로그램']","본 논문은 순환 신경망 대신 합성곱 신경망을 사용하여 시계열 데이터 분류 성능을 분석한다. TSC(Time Series Community)에는 GAF(Gramian Angular Field), MTF(Markov Transition Field), RP(Recurrence Plot)와 같은 전통적인 시계열 데이터 이미지화 알고리즘들이 있다. 실험은 이미지화 알고리즘들에 필요한 하이퍼 파라미터들을 조정하면서 합성곱 신경망의 성능을 평가하는 방식으로 진행된다. UCR 아카이브의 GunPoint 데이터셋을 기준으로 성능을 평가했을 때, 본 논문에서 제안하는 STFT(Short Time Fourier Transform) 알고리즘이 최적화된 하이퍼 파라미터를 찾은 경우, 기존의 알고리즘들 대비 정확도가 높고, 동적으로 feature map 이미지의 크기도 조절가능하다는 장점이 있다. GAF 또한 98~99%의 높은 정확도를 보이지만, feature map 이미지의 크기를 동적으로 조절할 수 없어 크다는 단점이 존재한다.","In this paper, instead of using recurrent neural network, we compare a classification performance of time series imaging algorithms using convolution neural network. There are traditional algorithms that imaging time series data (e.g. GAF(Gramian Angular Field), MTF(Markov Transition Field), RP(Recurrence Plot)) in TSC(Time Series Classification) community. Furthermore, we compare STFT(Short Time Fourier Transform) algorithm that can acquire spectrogram that visualize feature of voice data. We experiment CNN’s performance by adjusting hyper parameters of imaging algorithms. When evaluate with GunPoint dataset in UCR archive, STFT(Short-Time Fourier transform) has higher accuracy than other algorithms. GAF has 98~99% accuracy either, but there is a disadvantage that size of image is massive."
자율주행 차량의 안전한 제어권 전환을 위한 운전자 상태와 주행 특성을 고려하는 종방향 제어 알고리즘 개발,2023,"['Electroencephalogram', 'Recurrent Neural Network', 'Driver Status', 'Takeover', 'Driving Characteristics', 'Sliding Mode Control', '뇌파', '순환 신경망', '운전자 상태', '제어권 전환', '주행 특성', '슬라이딩 모드 제어']","본 논문은 뇌파를 통해 운전자의 상태를 분류하고 이를 이용하여 제어권 전환 시간을 결정함으로써 운전자의 상태 및 주행 데이터 기반 도출된 주행 특성을 고려하는 자율주행 차량의 종방향 제어 알고리즘을 제안한다. 운전자 상태는 전방 주시 또는 비-주행 관련 과업으로 구분하였으며, 순환 신경망을 이용하여 분류 모델을 설계하였다. 분류된 운전자 상태를 기반으로 제어권 전환 시간을 결정하고 이를 확보할 수 있는 요구 상대 거리를 도출하였다. 운전자 주행 특성을 고려하는 슬라이딩 모드 제어기를 설계하여 요구 상대 거리를 추종하는 종방향 가속도를 계산하였다. Matlab/Simulink 및 CarMaker를 이용하여 개발 알고리즘의 성능 평가를 진행하였으며, 운전자 상태 분류 모델의 정확도 분석을 수행하였다.","This study devised driver status classification algorithm using driver electroencephalogram (EEG) data and sliding mode-based longitudinal control algorithm considering the takeover time (TOT) and driving characteristics for autonomous vehicles. Feature extraction and driver status classification algorithms were developed using the acquired EEG data and a recurrent neural network. The TOT was selected by the classified driver status and the desired clearance was computed to ensure the TOT. To track the desired clearance, the sliding mode controller was designed to obtain the desired longitudinal acceleration considering driving characteristics. The performance was evaluated via co-simulation using MATLAB/Simulink and CarMaker to ensure reasonable evaluation. The accuracy of the classification model and the performance of the controller were analyzed."
Application of Informer for time-series NO2 prediction,2023,"['Deep learning', 'Prediction', 'LSTM', 'BI-LSTM', 'Transformer', 'Informer', '딥러닝', '예측', '장단기 메모리', '양방향 장단기 메모리', '변환기', '정보 제공자']","본 논문에서는 딥러닝 시계열 예측 모형을 평가한다. 최근 연구에 따르면 이 모형은 ARIMA와 같은 기존 예측 모형보다 성능이 우수하다고 결론짓는다. 그 중 히든 레이어에 이전 정보를 저장하는 순환 신경망이 이를 위한 예측 모형 중 하나이다. 네트워크의 그래디언트 소실 문제를 해결하기 위해 LSTM은 데이터 흐름의 반대 방향으로 숨겨진 레이어가 추가되는 BI-LSTM과 함께 순환 신경망 내부의 작은 메모리로 사용된다. 본 논문은 서울의 2018년 1월 1일부터 2022년도 1월 1일까지의 NO2 자료에 대해 Informer의 성능을 LSTM, BI-LSTM, Transformer와 비교하였다. 이에 실제 값과 예측값 사이의 평균 제곱근 오차와 평균 절대 오차를 구하였다. 그 결과 Test 데이터 (2021.09.01.~2022.01.01.)에 대해 Informer는 다른 방법에 비해 가장 높은 예측 정확도 (가장 낮은 예측 오차: 평균 제곱근 오차: 0.0167, 평균 절대 오차: 0.0138)를 보여 타 방법에 비해 그 우수성을 입증하였다. Informer는 당초 취지와 부합되게 다른 방법들이 갖고 있는 장기 시계열 예측에 있어서의 문제점을 개선하는 결과를 나타내고 있다.","In this paper, we evaluate deep learning time series forecasting models. Recent studies show that those models perform better than the traditional prediction model such as ARIMA. Among them, recurrent neural networks to store previous information in the hidden layer are one of the prediction models. In order to solve the gradient vanishing problem in the network, LSTM is used with small memory inside the recurrent neural network along with BI-LSTM in which the hidden layer is added in the reverse direction of the data flow.  In this paper, we compared the performance of Informer by comparing with other models (LSTM, BI-LSTM, and Transformer) for real Nitrogen dioxide (NO2) data. In order to evaluate the accuracy of each method, mean square root error and mean absolute error between the real value and the predicted value were obtained . Consequently, Informer has improved prediction accuracy compared with other methods."
머신러닝을 이용한 태양광 발전량 예측 및 태양 추적 패널을 이용한 발전량 연구,2023,"['기계학습', '순환신경망', '피어슨 상관관계', '앙상블', '태양광 발전', '실험', '태양추적시스템', '태양위치계산', 'Machine Learning', 'Recurrent Neural Network', 'Pearson Correlation', 'Ensemble', 'Photovoltaics', 'Field Experiments', 'Sun Tracking System', 'Computation of Sun Position']","전 세계적으로 신재생 에너지의 중요성이 부각됨에 때라 대한민국은 2030년까지 신재생에너지 발전비중을 30.2%까지 늘리는 것을 목표로 하고 있다. 태양광 발전은 국내 신재생 에너지 발전량 중 80% 이상을 차지하는 중요한 역할을 한다. 하지만, 태양광 발전은 기상요소에 따라 발전량이 크게 변동하므로 안정적인 에너지 확보를 위해서 태양광 발전의 불안정성에 대한 대응과 발전량 증대가 필요하다. 따라서 본 논문에서는 기상데이터를 기반으로 머신러닝 모델을 학습시켜 태양광 발전량을 예측하고, 계절 및 시간에 따라 변화하는 태양 고도와 방위각을 계산하고, 태양을 추적하도록 발전 패널 제어하여 태양광 발전량을 증가시킨다. 실험 결과 0.208의 제곱평균오차 이내로 발전량을 예측했고, 태양 추적 전후 발전량의 차이가 23.4%임을 확인하였다.","As the importance of renewable energy is growing worldwide, Republic of Korea aims to increase the proportion of renewable energy generation to 30.2% by 2030. Solar power plays an important role, accounting for more than 80% of domestic renewable energy generation. However, since the amount of solar power generation varies greatly depending on weather factors, it is necessary to respond to the instability of solar power generation and increase the generation amount in order to secure stable energy. Therefore, in this paper, we learn a machine learning model based on weather data to predict the amount of solar power generation, calculate the solar altitude and azimuth that change according to seasons and time, and increase the amount of solar power generation by controlling the solar power panel. As a result of the experiment, the power generation was predicted to be within 0.208 mean square error, and it was confirmed that the difference in power generation before and after sun tracking was 23.4%."
학습데이터 크기 변화에 따른 트랜스포머 아키텍처의 여름철 실내온도와 열부하 예측성능 평가,2023,"['기계학습', '심층학습', '시계열 예측', '모델예측제어', '트랜스포머', '어텐션 메커니즘', '순환신경망', '장단기 메모리', '다층 퍼셉트론', 'Machine Learning', 'Deep Learning', 'Time-Series Forecasting', 'Model Predictive Control(MPC)', 'Transformer', 'Attention Mechanism', 'Recurrent Neural Network(RNN)', 'Long Short-Term Memory(LSTM)', 'Multilayer Perceptron(MLP)']",,
판결문과 8하원칙에 기반한 인공지능 범죄 예측 모델링,2023,"['인공지능', '리걸테크', '판결문', 'RNN', '범죄스크립트분석', 'AI', 'Legaltech', 'Judgment', 'RNN', 'Crime Script Analysis']","4차 산업혁명 시대의 흐름에 발맞춰 형사사법 분야에서는 효율적인 법률서비스 제공을 위해 인공지능을 활용한 리걸테크(Legaltech)에 주목하고 있다. 본 논문은 국내 형사사법 분야의 리걸테크 활용 가능성을 증대시키기 위해 순환신경망(RNN)을 적용할 수 있는 범죄 예측 모델을 제시한다. 이를 위하여 판결문상 기술된 범죄사실에 기반하여 스크립트 분석기법 활용을 통해 범행 과정을 전·중·후 단계로 구분하였다. 또한, 각 시점에 따라 범죄의 수법과 증거 등을 수사 8하원칙이 가지는 문장 구성 요소와 한국어 품사 구성에 기반하여 객체·행위·환경으로 분류하였다. 이 연구에서 도출된 사건 요약 분석 틀은 특정 범죄 수법의 전형적인 패턴을 파악하기에 용이하며 상황적 범죄예방 전략을 수립하는데 기여할 수 있다. 나아가 이 연구의 결과는 향후 후속연구에서의 RNN모델 기반 범죄 상황 예측 데이터 생성 연구에 유용한 참고자료로 활용될 수 있을 것이다.","In the 4th industrial revolution, the field of criminal justice is paying attention to Legaltech using artificial intelligence to provide efficient legal services. This paper attempted to create a crime prediction model that can apply Recurrent Neural Network(RNN) to increase the potential for using legal technology in the domestic criminal justice field. To this end, the crime process was divided into pre, during, and post stages based on the criminal facts described in the judgment, utilizing crime script analysis techniques. In addition, at each time point, the method and evidence of crime were classified into objects, actions, and environments based on the sentence composition elements and the 8 principles of investigation. The case summary analysis framework derived from this study can contribute to establishing situational crime prevention strategies because it is easy to identify typical patterns of specific crime methods. Furthermore, the results of this study can be used as a useful reference for research on generating crime situation prediction data based on RNN models in future follow-up studies."
대규모 언어모델을 활용한 리걸 마인드 개발의 현황과 전망,2023,"['대규모 언어모델', '리걸 마인드', '법률 인공지능 서비스', '리걸테크', 'Large Language Model', 'Legal Mind', 'Legal AI Service', 'Legal Tech']","본 논문은 대규모 언어모델이 리걸 마인드(Legal Mind)를 가질 수 있는지에 관하여, 특히 변호사 시험 문제를 해결하기 위한 능력을 가질 수 있는지에 대한 물음을 통해 그 현황을 살펴보고 전망을 제시한다. 본 연구는 먼저, 자연어 인공지능 모델의 발전사를 소개한다. 순환신경망(Recurrent Neural Network, RNN)부터 임베딩(Embedding)을 위한 단어의 벡터 전환(Word to Vector) 기술, 트랜스포머(Transformer) 구조를 활용한 BERT(Bidirectional Encoder Representations from Transformers)를 거쳐, 1,750억 개의 파라미터를 가진 GPT 같은 대규모 언어모델들의 발전 과정을 서술하고, 최근 법률 분야에 자연어 인공지능 모델의 활용이 화두가 되고 있는 이유를 설명한다.다음으로 ChatGPT 프롬프터(Prompter)에 한국의 민법 규정과 대법원 판례를 입력함으로써 새로운 학습과정 없이도 ChatGPT에게 점진적으로 리걸 마인드를 형성시킬 수 있음을 보여준다.마지막으로 법률 인공지능 서비스의 발전 전망을 소개하고, 리걸 마인드를 탑재한 대규모 언어모델이 법률 시장에 미치는 영향을 논의한다. 대규모 언어모델에 리걸 마인드를 형성시키는 연구는 법률 시장에 혁신적인 변화를 가져올 것으로 기대되며, 본 논문에서는 기술 발전에 따른 앞으로의 법률 시장 변화를 제안한다.","This paper presents an assessment and outlook on whether large-scale language models can possess Legal Mind, the capability to solve attorney exam questions. Initially, it introduces the developmental history of natural language artificial intelligence models, traversing from Recurrent Neural Networks (RNNs) to Word to Vector techniques for Embedding, and the application of the Transformer architecture in BERT (Bidirectional Encoder Representations from Transformers). It delineates the developmental trajectory of large-scale language models like ChatGPT with 175 billion parameters and elucidates the recent focus on the utilization of natural language AI models in the legal domain.Subsequently, it demonstrates the incremental formation of Legal Mind within ChatGPT without the need for new learning processes by inputting South Korean civil law provisions and Supreme Court precedents into the ChatGPT Prompter.Finally, it outlines the developmental prospects of legal AI services and discusses the impact of integrating Legal Mind into large-scale language models on the legal market. Research aimed at instilling Legal Mind within large-scale language models is expected to bring innovative changes to the legal market, and this paper proposes future changes in the legal market in line with technological advancements."
기상 데이터를 활용한 CNN-LSTM 기반 유량 예측 모델 연구,2023,"['Water Flow Rate Prediction', 'Deep Learning', 'Data Combination', 'CNN-LSTM', 'LSTM', 'GRU']","기후변화, 폭우 등 이상기후가 빈번히 발생하고 홍수, 가뭄 등 자연재해는 주변 지역에 심각한 영향을 미친다.홍수로부터의 재해를 방지하기 위해 유량을 예측하는 것은 중요하다. 하지만, 유량 예측을 위해 강우의 패턴, 지속시간, 하천의 형상, 기온 등 예측하기 어려운 다양한 변수와 공간적 상관관계들에 의해 복합적으로 영향을 받기 때문에 개념적으로 표현하기가 매우 어려우며, 본 연구에서는 순환신경망 계열의 모델을 활용하였다. 기존 연구에서는 특정 신경망모델의 선택, 매개변수 설정을 통한 예측의 정확도를 높이는 연구가 주를 이루고 있었지만, 학습데이터의 보완 사례는미흡한 것으로 식별되었다. 따라서, 본 연구에서는 환경부에서 제공하는 유량 자료와 기상청에서 제공하는 기상 데이터를 결합하여 예측 모델의 성능을 비교·분석하였다. 데이터는 강원도 인제군의 기상 관측소 측정 기상데이터와 근접 지역의 리빙스턴교에서 측정되는 유량 데이터이며, 결측 데이터의 처리, 정규화 등의 절차를 거쳐 학습데이터를 구성하였다.본 연구에서 수행된 모델은 LSTM(Long Short Term Memory), GRU(Gated Recurrent Unit), CNN-LSTM (Convolutional Neural Network-Long Short Term Memory)이며, 각 모델의 은닉층의 크기, 타임스텝, 필터의 크기 등의 파라미터를 조정하여 총 20개의 딥러닝 모델으로 예측 성능을 확인하였으며, 이 중 CNN-LSTM이 RMSE는15.8402, R2는 0.9780으로 예측 정확도 등에서 가장 우수하였다.",
음향 이벤트 검출을 위한 DenseNet-Recurrent Neural  Network 학습 방법에 관한 연구,2023,"['음향 이벤트 인식', '네트워크 구조', '평균 교사 모델', '밀집 연결', '스킵 연결', 'Sound event detection', 'Network architecture', 'Mean-teacher model', 'Dense connection', 'Skip connection']","음향 이벤트 검출(Sound Event Detection, SED)은 음향 신호에서 관심 있는 음향의 종류와 발생 구간을검출하는 기술로, 음향 감시 시스템 및 모니터링 시스템 등 다양한 분야에서 활용되고 있다. 최근 음향 신호 분석에 관한국제 경연 대회(Detection and Classification of Acoustic Scenes and Events, DCASE) Task 4를 통해 다양한 방법이소개되고 있다. 본 연구는 다양한 영역에서 성능 향상을 이끌고 있는 Dense Convolutional Networks(DenseNet)을음향 이벤트 검출에 적용하기 위해 설계 변수에 따른 성능 변화를 비교 및 분석한다. 실험에서는 DenseNet with Bottleneck and Compression(DenseNet-BC)와 순환신경망(Recurrent Neural Network, RNN)의 한 종류인 양방향게이트 순환 유닛(Bidirectional Gated Recurrent Unit, Bi-GRU)을 결합한 DenseRNN 모델을 설계하고, 평균 교사모델(Mean Teacher Model)을 통해 모델을 학습한다. DCASE task4의 성능 평가 기준에 따라 이벤트 기반 f-score를바탕으로 설계 변수에 따른 DenseRNN의 성능 변화를 분석한다. 실험 결과에서 DenseRNN의 복잡도가 높을수록 성능이 향상되지만 일정 수준에 도달하면 유사한 성능을 보임을 확인할 수 있다. 또한, 학습과정에서 중도탈락을 적용하지 않는 경우, 모델이 효과적으로 학습됨을 확인할 수 있다.","Sound Event Detection (SED) aims to identify not only sound category but also time interval for target sounds in an audio waveform. It is a critical technique in field of acoustic surveillance system and monitoring system. Recently, various models have introduced through Detection and Classification of Acoustic Scenes and Events (DCASE) Task 4. This paper explored how to design optimal parameters of DenseNet based model, which has led to outstanding performance in other recognition system. In experiment, DenseRNN as an SED model consists of DensNet-BC and bi-directional Gated Recurrent Units (GRU). This model is trained with Mean teacher model. With an event-based f-score, evaluation is performed depending on parameters, related to model architecture as well as model training, under the assessment protocol of DCASE task4. Experimental result shows that the performance goes up and has been saturated to near the best. Also, DenseRNN would be trained more effectively without dropout technique."
음성 기반 감정인식을 위한 음성 특징의 다중 해상도 조합 비교,2023,"['Speech emotion recogniiton', 'Categorical emotion', 'Short-time Fourier transform', 'MFCC', 'Mel spectrogram']","최근 대부분의 감정 인식 연구는 컨볼루션 및 순환 신경망과 같은 딥 러닝 알고리즘의 개발과 함께 광범위하게 수행되었다. 딥 러닝 모델 구조 및 응용에 대한 많은 관심에 비해 음성 감정 인식을 위한 오디오 신호 자체의 고유한 특성에 대한 연구는 부족한 현황이다. 본 논문에서는 단시간 푸리에 변환, 멜-스펙트럼, MFCC를 포함하여 일반적으로 사용되는 음성 특징의 다양한 시간 및 주파수 해상도의 영향을 탐색한다. 실험은 Conformer 기반의 심층 신경망을 사용하였으며, 널리 상용되는 두 개의 공개 데이터베이스인 EmoDB와 IEMOCAP으로 훈련 및 평가하였다. 본 논문에서는 다양한 시간 및 주파수 해상도를 사용하는 단일 해상도 특징과 여러 해상도를 조합한 다중 해상도 특징에 대한 실험 결과를 보인다. EmoDB와 IEMOCAP에 대해 가장 높은 비가중치 정확도는 각각 홉 크기가 10인 다중 해상도 단시간 푸리에 변환과 윈도우 크기가 32 ms 이고 홉 크기가 10 ms인 멜-스펙트로그램으로부터 도출된다.","Most of recent emotion recognition studies have been extensively conducted with the development of deep learning algorithms, especially using convolutional and recurrent neural networks. Compared to the vast interest in deep learning model architectures and applications, studies on the intrinsic feature of audio signal itself for speech emotion recognition (SER) have been relatively less explored. In this paper, we explore the effect of various time and frequency resolutions of commonly used audio features including Short-time Fourier transform, Mel-spectrogram, and MFCC for SER. The experiments are conducted on two publicly available datasets, namly EmoDB and IEMOCAP, using a deep neural network based on Conformer. Experimental results with various time and frequency resolutions of single features as well the combinations of multiple resolutions are presented. The highest UAs are yielded with a multi-resolution short-time Fourier transform with a hop size of 10 ms and a Mel spectrogram with window size of 32 ms and a hop size of 10 ms for EmoDB and IEMOCAP, respectively."
청크 기반 시계열 음성의 감정 인식 연구,2023,"['RNN', 'GRU', 'LSTM', 'Speech Emotion Recognition', 'Voice Feature', 'RNN', 'GRU', 'LSTM', '음성 감정 인식', '음성 특징']","최근 음성 감정 인식(Speech Emotion Recognition, SER)분야는 음성 특징과 모델링을 활용하여 인식률을 개선하기 위한 많은 연구가 진행되고 있다. 기존 음성 감정 인식의 정확도를 높이기 위한 모델링 연구 이외에도 음성 특징을 다양한 방법으로 활용하는 연구들이 진행되고 있다. 본 논문에서는 음성 감정이 시간 흐름과 연관이 있음을 착안하여 시계열 방식으로 음성파일을 시간 구간별로 분리한다. 파일 분리 이후, 음성 특징인 Mel, Chroma, zero-crossing rate (ZCR), root mean square (RMS), mel-frequency cepastral  coefficients (MFCC)를 추출하여서 순차적 데이터 처리에 사용하는 순환형 신경망 모델에 적용하여 음성 데이터에서 감정을 분류하는 모델을 제안한다. 제안한 모델은 librosa를 사용하여 음성 특징들을 모든 파일에서 추출하여, 신경망 모델에 적용하였다. 시뮬레이션은 영어 데이터 셋인  Interactive Emotional Dyadic Motion Capture (IEMOCAP)을 이용하여 recurrent neural network (RNN), long short-term memory (LSTM) and gated recurrent unit(GRU)의 모델들의 성능을 비교 및 분석하였다.","Recently, in the field of Speech Emotion Recognition (SER), many studies have been conducted to improve accuracy using voice features and modeling. In addition to modeling studies to improve the accuracy of existing voice emotion recognition, various studies using voice features are being conducted. This paper, voice files are separated by time interval in a time series method, focusing on the fact that voice emotions are related to time flow. After voice file separation, we propose a model for classifying emotions of speech data by extracting speech features Mel, Chroma, zero-crossing rate (ZCR), root mean square (RMS), and mel-frequency cepstrum coefficients (MFCC) and applying them to a recurrent neural network model used for sequential data processing. As proposed method, voice features were extracted from all files using ‘librosa’ library and applied to neural network models. The experimental method compared and analyzed the performance of models of recurrent neural network (RNN), long short-term memory (LSTM) and gated recurrent unit (GRU) using the Interactive emotional dyadic motion capture Interactive Emotional Dyadic Motion Capture (IEMOCAP) english dataset."
선형보간법을 이용한 기계학습 기반 매립지 침출수 발생량 예측 모델 개발,2023,"['게이트순환유닛', '기계학습', '매립지', '선형보간법', '침출수', 'Gated recurrent unit', 'Landfill', 'Leachate', 'Linear interpolation', 'Machine learning']","목적 : 기계학습을 이용한 결측치 처리방식에 따른 침출수 발생량 최적 예측 모델을 제시하고자 한다. 방법 : 입력인자로 침출수 발생량, 매립가스 발생량, 기상데이터(강수량, 풍속, 일사량, 온도, 상대습도) 등을 2002년 6월에서 2018년 10월까지 사용하였다. 결측치 처리방식으로 선형보간법과 평균법을 사용한 데이터를 최적 비율에 따라 학습과 테스트데이터로 나누어 실험을 진행하였다. 다양한 단일모델을 사용하였으며 모델의 예측성능을 비교, 평가하기 위해 결정계수를 사용하였다. 결과 및 토의 : 단일모델 중 게이트순환유닛을 사용했을 때 가장 예측성능이 우수했다. 게이트순환유닛(gated recurrent unit, GRU)의 경우 선형보간법 결정계수(0.867)가 평균법 결정계수(0.839)보다 높아 선형보간법을 사용한 GRU 모델이 침출수 발생량 예측에 가장 적합하였다. 인공신경망(artificial neural network, ANN) 모델에서 결정계수는 선형보간법의 경우 0.862, 평균법의 경우 0.828이었다. 장단기메모리(long short-term memory, LSTM) 모델에서 결정계수는 선형보간법 0.779, 평균법 0.762로 나타났다. 랜덤포레스트(random forest, RF) 모델에서도 선형보간법을 사용한 결정계수(0.700)가 평균법을 사용한 결정계수(0.665)보다 높았다. 모델의 성능은 GRU > ANN > LSTM > RF 순으로 나타났다. 본 실험에 사용한 모든 모델에서 평균법보다 선형보간법을 사용하는 것이 결정계수가 높았다. 결론 : 매립지 침출수 발생량을 예측할 때 선형보간법을 사용한 GRU 모델이 가장 우수하였다.","Purpose : The purpose of this study is to compare single models according to the missing value handling techniques for predicting leachate generation. Method : Input factors such as leachate generation, landfill gas generation, and weather data (precipitation, wind speed, radiation, temperature, and relative humidity) were used from June 2002 to October 2018. Linear interpolation and mean method were used as the missing value handling technique. The experiment was conducted by dividing the data into train and test data according to the optimal ratio. Various single models were used, and the prediction performance of the model was compared and evaluated using coefficient of determination (R2). Result and discussion : The gated recurrent unit (GRU) model was the best among the single models. In the GRU model, R2 was 0.867 for linear interpolation and R2 was 0.839 for the mean method, so that the GRU model using linear interpolation was most suitable for predicting leachate generation. In the ANN model, R2 of linear interpolation (0.862) was higher than that of mean method (0.828). In the long short-term memory (LSTM) model, R2 was 0.779 for linear interpolation and 0.762 for mean method. In the random forest (RF) model, R2 for linear interpolation (0.700) was also higher than that for the mean method (0.665). The model performance was excellent in the order GRU > ANN > LSTM > RF. The linear interpolation for the missing value handling technique was superior to the mean method in all models used in this experiment. Conclusion : The GRU using linear interpolation was the most suitable model for predicting landfill leachate generation."
자연어 및 시계열 데이터 처리를 지원하는 C++ 기반 오픈소스 딥러닝 프레임워크 WICWIU.v3,2023,"['딥러닝', '오픈소스', '프레임워크', '자연어 처리', '순환 신경망', '트랜스포머', 'deep learning', 'open source', 'deep learning framework', 'natural language processing', 'recurrent neural network', 'transformer']","WICWIU(위큐)는 국내 대학에서 최초로 공개한 오픈소스 딥러닝 프레임워크이다. 본 연구에서는 자연어 및 시계열 데이터 처리 기능들이 추가된 WICWIU.v3를 개발하였다. WICWIU는 C++ 환경을 위해 설계되었고, GPU 기반 병렬처리를 지원하며, 가독성과 확장성이 우수해 사용자가 직접 새로운 기능을 추가하기에 용이하다. CNN(Convolutional Neural Networks), GAN(Generative Adversarial Networks) 등 영상처리 모델에 중점을 둔 WICWIU.v1과 v2에 비해 WICWIU.v3에는 LSTM(Long Short-Term Memory Networks)과 GRU(Gated Recurrent Units)를 포함한 순환 신경망(RNN), 어텐션 모듈, 트랜스포머(Transformer) 등 자연어 및 시계열 데이터 처리를 위한 클래스와 함수들이 추가되었다. WICWIU.v3를 이용해 기계번역 및 텍스트 합성 모델을 구현함으로써 새로 추가된 자연어 및 시계열 처리 기능들이 정상적으로 동작함을 확인하였다.","WICWIU is the first open-source deep learning framework developed by Korean university. In this work, we developed WICWIU.v3 that includes features for natural language and time-series data processing. WICWIU was designed for C++ environment, and supports GPU-based parallel processing, and has excellent readability and extensibility, allowing users to easily add new features. In addition to WICWIU.v1 and v2 that focus on image processing models, such as convolutional neural networks (CNN) and general adversarial networks (GAN), WICWIU.v3 provides classes and functions for natural language and time-series data processing, such as recurrent neural networks (RNN), including LSTM (Long Short-Term Memory Networks) and GRU (Gated Recurrent Units), attention modules, and Transformers. We validated the newly added functions for natural language and time-series data by implementing a machine translator and a text generator with WICWIU.v3."
딥러닝을 활용한 인터넷 불법금융광고 판별 모델에 관한 연구,2023,"['Illegal Financial Advertisements', 'Deep Learning', 'CNN', 'RNN', 'LSTM', 'GRU', '불법금융광고', '딥러닝', '합성곱 신경망', '순환 신경망', '장단기 메모리', '게이트 순환 유닛']",,"The study proposes a model that utilizes Python-based deep learning text classification techniques to detect the legality of illegal financial advertising posts on the internet. These posts aim to promote unlawful financial activities, including the trading of bank accounts, credit card fraud, cashing out through mobile payments, and the sale of personal credit information. Despite the efforts of financial regulatory authorities, the prevalence of illegal financial activities persists. By applying this proposed model, the intention is to aid in identifying and detecting illicit content in internet-based illegal financial advertisining, thus contributing to the ongoing efforts to combat such activities. The study utilizes convolutional neural networks(CNN) and recurrent neural networks(RNN, LSTM, GRU), which are commonly used text classification techniques. The raw data for the model is based on manually confirmed regulatory judgments. By adjusting the hyperparameters of the Korean natural language processing and deep learning models, the study has achieved an optimized model with the best performance. This research holds significant meaning as it presents a deep learning model for discerning internet illegal financial advertising, which has not been previously explored. Additionally, with an accuracy range of 91.3% to 93.4% in a deep learning model, there is a hopeful anticipation for the practical application of this model in the task of detecting illicit financial advertisements, ultimately contributing to the eradication of such unlawful financial advertisements."
AI 이미지 제너레이터를 활용한 디지털아트의 사회적 가치에 관한 연구 -포스트휴먼 시대 AI 이미지 제너레이터를 활용한 디지털아트 연구-,2023,"['AI 이미지 제너레이터', '포스트휴먼 시대', '딥러닝 기술', 'AI Image Generator', 'Post-Human Era', 'Deep Learning Technology']","최근 AI 이미지 제작기술이 화두에 올랐다. 특히 주목받은 것은 입력한 텍스트나 이미지에 기반하여 이미지를생성해주는 기술이다. AI 창작기술은 이미지, 3D, 영상 등 다방면으로 연구되어 단순 모사가 아닌 새로운 특징을가진 작품을 제작할 수 있는 수준까지 이르렀다. 앞으로의 사회는 기술 발전으로 예술적 감각과 실력 없이도 AI를활용하여 누구나 창작할 수 있는 새로운 시대로 변하고 있다고 볼 수 있다.연구범위는 현재 상용화된 AI 이미지 제너레이터들과 창작물이다. 연구방법은 첫째, AI 창작물의 정의와 역사를조사한다. 둘째, AI 이미지 제너레이터의 기술을 분석하고 생성방식에 따라 분류한다. 셋째, 문헌조사를 통해 포스트휴먼 시대의 정의를 파악하고, 주요 인터넷 이용자를 대상으로 AI 이미지 생성기의 사회적 가치를 조사하여 창작자를 위한 한가지 지표가 되고자 한다. 연구결과, AI 창작물은 현재 회선 신경망, 순환 신경망, 생성적 적대 신경망 등의 딥러닝 시스템이 복합적으로 융합된 프로그램으로, 텍스트와 간단한 선을 통해 제작되고 있다. 심층학습을 통해 투자시간을 비약적으로 줄이고, 창작의 장벽을 낮추어 누구나 창작할 수 있는 환경을 구축했다. 설문조사에 따르면 포스트휴먼 시대에서 AI 이미지는 예술품과 다른 가치를 지니며, 단순 노동을 대체하면서 창작자의 사고를 구체화하는 도구로 활용될 것이라 분석되었다. 앞으로 AI 이미지 제너레이터는 인류의 예술적 고찰을 표현하는 새로운 가치를 지닌 도구로써 인간과 기계가 함께 새로운 작품을 창조하는 시대를 이루게 될 것이다.","Recently, AI image production technology has become a hot topic. Particularly attracting attention is the technology that generates an image based on the input text or image. AI creative technology has been studied in various ways, such as images, 3D, and images, and has reached the level where works with new characteristics can be produced rather than simple copying. It can be seen that the future society is changing into a new era in which anyone can create using AI without artistic sense and skills due to technological development.The scope of the study is currently commercialized AI image generators and creations. The research method first investigates the definition and history of AI creations. Second, the technology of AI image generators is analyzed and classified according to the generation method. Third, it aims to identify the definition of the posthuman era through literature research and investigate the social value of AI image generators for major Internet users to become an indicator for creators. As a result of the study, AI creations are currently a program that combines deep learning systems such as line neural networks, cyclic neural networks, and generative adversarial neural networks, and are being produced through text and simple lines. Through in-depth learning, investment time was drastically reduced, and barriers to creation were lowered to establish an environment in which anyone could create. According to the survey, in the post human era, AI images have different values from artworks and will be used as a tool to embody creators' thoughts while replacing simple labor. In the future, AI image generator will be a new value tool that expresses human artistic considerations, and humans and machines will create new works together."
Cycle GAN 기반 벽지 인테리어 이미지 변환 기법,2023,"['순환 생산적 적대 신경망', '이미지 변환', '벽지 디자인', 'Cycle Generative Adversarial Networks (GAN)', 'Image Translation', 'Wallpaper Design']","최근 인테리어에 관심을 가지는 인구가 증가함에 따라 세계적으로 인테리어 시장이 크게 성장하고 있으며, 글로벌 인테리어 업체들은 다양한 인테리어 요소에 대한 시뮬레이션 서비스를 개발하여 제공하고 있다. 벽지의 디자인은 가장 중요한 인테리어 요소임에도 불구하고, 기존 벽지 디자인 시뮬레이션 서비스들은 예상되는 결과물과 실제 결과물 간 차이, 긴 시뮬레이션 작업시간, 전문적인 기술의 필요 등의 단점으로 인해 사용에 어려움이 있다. 본 논문에서는 벽지 인테리어 시뮬레이션을 위한 Cycle GAN(: Generative Adversarial Networks) 기반의 벽지이미지 변환 기법을 제안한다. 제안하는 기법은 다양한 모양의 벽지가 사용된 인테리어 이미지 데이터를 기반으로 모델을 학습하여, 사용자에게 짧은 시간 내에 벽지 인테리어 시뮬레이션을 제공할 수 있다.","As the population interested in interior design has been increasing, the global interior market has grown significantly. Global interior companies are developing and providing simulation services for various interior elements. Although wallpaper design is the most important interior element, existing wallpaper design simulation services are difficult to use due to drawbacks such as differences between expected and actual results, long simulation time, and the need for professional skills. We proposed a wallpaper image transformation method for interior design using cycle generative adversarial networks (GAN). The proposed method demonstrates that users can simulate wallpaper design within a short period of time based on interior image data using various types of wallpaper."
UAV 통신 환경에서 GRU 기반 최적 송신안테나 선택,2023,"['안테나 다이버시티', '안테나 선택', '다중입출력', '딥러닝', '순환 신경망', 'GRU', 'Antenna Diversity', 'Antenna Selection', 'MIMO', 'Deep Learning', 'RNN', 'Gated Recurrent Unit']",,
다차원 특징 데이터에 강인한 XGBoost 기반 지식 추적 연구,2023,"['지식 추적', '깊은 지식 추적', '익스트림 그래디언트 부스팅', '순환 신경망', '장단기 메모리', 'Knowledge Tracing', 'Deep Knowledge Tracing', 'XGB', 'Recurrent Neural Network', 'Long-Short-Term Memory']",,"The change to online education can teach a student's knowledge tracing model through a large amount of collected learningactivity data. With the advent of knowledge tracing techniques combined with recurrent neural networks, it is possible to quantifythe educational status of students and recommend customized learning through them. However, in the case of multi-dimensionalfeature data collected from an online education platform that has recently developed into a game form, the recurrent neuralnetwork-based knowledge tracking method has a limitation in that its performance deteriorates. Therefore, in this paper, we propose knowledge tracing based on the ensemble learning algorithm XGBoost (eXtreme Gradient Boosting), using online learningdata and recently completed learning data of an online education platform in the Kaggle competition. The results indicate that theXGBoost-based knowledge tracing method can be used robustly even for multidimensional feature data, and will contribute tochanges in various online education platforms."
그라운드-롤 제거를 위한 CNN과 GAN 기반 딥러닝 모델 비교 분석,2023,"['Ground roll attenuation', 'CNN', 'CycleGAN', 'pix2pix', '그라운드-롤 제거', '합성곱 신경망', '순환 적대적 생성 신경망', 'pix2pix']","그라운드-롤(ground roll)은 육상 탄성파 탐사 자료에서 가장 흔하게 나타나는 일관성 잡음(coherent noise)이며 탐사를 통해 얻고자 하는 반사 이벤트 신호보다 훨씬 큰 진폭을 가지고 있다. 따라서 탄성파 자료 처리에서 그라운드-롤 제거는 매우 중요하고 필수적인 과정이다. 그라운드-롤 제거를 위해 주파수-파수 필터링, 커브릿(curvelet) 변환 등 여러 제거 기술이 개발되어 왔으나 제거 성능과 효율성을 개선하 기 위한 방법에 대한 수요는 여전히 존재한다. 최근에는 영상처리 분야에서 개발된 딥러닝 기법들을 활용하여 탄성파 자료의 그라운드- 롤을 제거하고자 하는 연구도 다양하게 수행되고 있다. 이 논문에서는 그라운드-롤 제거를 위해 CNN (convolutional neural network) 또는 cGAN (conditional generative adversarial network)을 기반으로 하는 세가지 모델(DnCNN (De-noiseCNN), pix2pix, CycleGAN)을 적용한 연 구들을 소개하고 수치 예제를 통해 상세히 설명하였다. 알고리듬 비교를 위해 동일한 현장에서 취득한 송신원 모음을 훈련 자료와 테스 트 자료로 나누어 모델을 학습하고, 모델 성능을 평가하였다. 이러한 딥러닝 모델은 현장자료를 사용하여 훈련할 때, 그라운드-롤이 제거 된 자료가 필요하므로 주파수-파수 필터링으로 그라운드-롤을 제거하여 정답자료로 사용하였다. 딥러닝 모델의 성능 평가 및 훈련 결과 비교는 정답 자료와의 유사성을 기본으로 상관계수와 SSIM (structural similarity index measure)과 같은 정량적 지표를 활용하였다. 결과 적으로 DnCNN 모델이 가장 좋은 성능을 보였으며, 다른 모델들도 그라운드-롤 제거에 활용될 수 있음을 확인하였다.","The ground roll is the most common coherent noise in land seismic data and has an amplitude much larger than the reflection event we usually want to obtain. Therefore, ground roll suppression is a crucial step in seismic data processing. Several techniques, such as f-k filtering and curvelet transform, have been developed to suppress the ground roll. However, the existing methods still require improvements in suppression performance and efficiency. Various studies on the suppression of ground roll in seismic data have recently been conducted using deep learning methods developed for image processing. In this paper, we introduce three models (DnCNN (De-noiseCNN), pix2pix, and CycleGAN), based on convolutional neural network (CNN) or conditional generative adversarial network (cGAN), for ground roll suppression and explain them in detail through numerical examples. Common shot gathers from the same field were divided into training and test datasets to compare the algorithms. We trained the models using the training data and evaluated their performances using the test data. When training these models with field data, ground roll removed data are required; therefore, the ground roll is suppressed by f-k filtering and used as the ground-truth data. To evaluate the performance of the deep learning models and compare the training results, we utilized quantitative indicators such as the correlation coefficient and structural similarity index measure (SSIM) based on the similarity to the ground-truth data. The DnCNN model exhibited the best performance, and we confirmed that other models could also be applied to suppress the ground roll."
CNN-LSTM 기반의 자율주행 기술,2023,"['Autonomous driving', 'CNN(Convolutional Neural Network)', 'LSTM(Long Short-Term Memory)', 'Data Preprocessing', 'Steering Control', '자율 주행', '합성곱 신경망', '장단기 기억 순환 신경망', '데이터 전처리', '조향 제어']",,"This study proposes a throttle and steering control technology using visual sensors based on deep learning's convolutional and recurrent neural networks. It collects camera image and control value data while driving a training track in clockwise and counterclockwise directions, and generates a model to predict throttle and steering through data sampling and preprocessing for efficient learning. Afterward, the model was validated on a test track in a different environment that was not used for training to find the optimal model and compare it with a CNN (Convolutional Neural Network). As a result, we found that the proposed deep learning model has excellent performance."
초안전 주행플랫폼을 위한 해석적 중복 기반 가상센서 설계,2023,"['Analytical redundancy', 'Autonomous vehicle', 'Hyper-safe driving platform', 'Recurrent neural network', 'Virtual sensor', '해석적 중복', '자율주행자동차', '초안전 주행 플랫폼', '순환 신경망', '가상센서']",,"In order to advance the commercialization of autonomous vehicles, it is imperative to prepare fallback for sensor and actuator failures. This study focuses on the design of robust virtual sensors to counteract failures in key sensors associated with vehicle motion, namely the yaw rate, lateral acceleration, and steering angle sensors. Analytical redundant models were developed and utilized to create alternative virtual sensors. Each virtual sensor incorporates four analytical redundant models: the left/right speed difference of the front wheel, the left/right speed difference of the rear wheel, the lateral physical model, and the induced signal from other sensors. The determination of the final alternative virtual signal is achieved through weighting the redundant models, employing a combination of vehicle domain knowledge and artificial intelligence techniques. The efficacy of the proposed virtual sensors was validated through extensive testing across various driving scenarios using the CARSIM software."
이미지 타입의 ECG 데이터를 사용한 CNN 모델 기반 부정맥 분류,2023,"['Image-typed ECG', 'Arrhythmia Classification', 'CNN', 'RNN', 'MIT-BIH Arrhythmia Database', '심전도', '부정맥', '합성곱 신경망', '순환 신경망', 'MIT-BIH 부정맥 데이터셋']",,"Among cardiac diseases, arrhythmias can lead to serious complications such as stroke, heart attack, and heart failure if left untreated, so continuous and accurate ECG monitoring is crucial for clinical care. However, the accurate interpretation of electrocardiogram (ECG) data is entirely dependent on medical doctors, which requires additional time and cost. Therefore, this paper proposes an arrhythmia recognition module for the purpose of developing a medical platform through the analysis of abnormal pulse waveforms based on Lifelogs. The proposed method is to convert ECG data into image format instead of time series data, apply visual pattern recognition technology, and then detect arrhythmia using CNN model. In order to validate the arrhythmia classification of the CNN model by image type conversion of ECG data proposed in this paper, the MIT-BIH arrhythmia dataset was used, and the result showed an accuracy of 97%."
온라인 시계열 자료를 위한 익스트림 러닝머신 적용의 최근 동향,2023,"['Extreme Learning Machine', 'Online Data', 'Time Series Forecasting', 'Feedforward Neural Network', 'Recurrent Neural Network', '익스트림 러닝머신', '온라인 데이터', '시계열 예측', '피드포워드 신경망', '순환 신경망']","익스트림 러닝머신은 다양한 방식의 예측 분야에서 주요 분석 방법을 제공하고 있다. 시계열 자료의 복잡한 패턴을 학습하고 잡음이 포함되어 있는 데이터이거나 비선형인 경우에도 최적의 학습을 통하여 정확한 예측을 할 수 있다. 이 연구에서는 온라인 시계열 자료를 분석하는 도구로서 주로 연구되고 있는 기계학습 모형들의 최근 동향들을 기존 알고리즘을 이용한 응용 특성들과 함께 제시한다. 지속적이고 폭발적으로 발생하는 대규모 온라인 데이터를 효율적으로 학습시키기 위해서는 다양하게 진화 가능한 속성에서도 잘수행될 수 있는 학습 기술이 필요하다. 따라서 이 연구를 통하여 시계열 예측 분야에서 빅데이터가 적용되는 최신 기계 학습 모형에 대한 포괄적인 개요를 살펴보고, 빅데이터에 대한 기계 학습의 주요 과제 중 하나인 온라인 데이터를 학습하는 최신 모형들의 일반적인 특성과 온라인 시계열 자료를 얼마나 효율적으로 학습하고 예측에 활용할 수 있는지에 대하여 논의하고 그 대안을 제시한다.","Extreme learning machines (ELMs) are a major analytical method in various prediction fields. ELMs can accurately predict even if the data contains noise or is nonlinear by learning the complex patterns of time series data through optimal learning. This study presents the recent trends of machine learning models that are mainly studied as tools for analyzing online time series data, along with the application characteristics using existing algorithms. In order to efficiently learn large-scale online data that is continuously and explosively generated, it is necessary to have a learning technology that can perform well even in properties that can evolve in various ways. Therefore, this study examines a comprehensive overview of the latest machine learning models applied to big data in the field of time series prediction, discusses the general characteristics of the latest models that learn online data, which is one of the major challenges of machine learning for big data, and how efficiently they can learn and use online time series data for prediction, and proposes alternatives."
