title,date,keywords,abstract,multilingual_abstract
구조적 압축을 통한 FPGA 기반 GRU 추론 가속기 설계,2022,"['인공지능 가속기', 'FPGA', 'GRU', '인간행동인식', '양자화', '프루닝', 'AI Accelerator', 'FPGA', 'GRU', 'Human Action Recognition', 'Quantization', 'Pruning']","리소스가 제한된 임베디드 장치에 GRU를 배포하기 위해 이 논문은 구조적 압축을 가능하게 하는 재구성 가능한 FPGA 기반 GRU 가속기를 설계한다. 첫째, 조밀한 GRU 모델은 하이브리드 양자화 방식과 구조화된 top-k 프루닝에 의해 크기가 대폭 감소한다. 둘째, 본 연구에서 제시하는 재사용 컴퓨팅 패턴에 의해 외부 메모리 액세스에 대한 에너지 소비가 크게 감소한다. 마지막으로 가속기는 알고리즘-하드웨어 공동 설계 워크플로의 이점을 얻는 구조화된 희소 GRU 모델을 처리할 수 있다. 또한 모든 차원, 시퀀스 길이 및 레이어 수를 사용하여 GRU 모델에 대한 추론 작업을 유연하게 수행할 수 있다. Intel DE1-SoC FPGA 플랫폼에 구현된 제안된 가속기는 일괄 처리가 없는 구조화된 희소 GRU 네트워크에서 45.01 GOPs를 달성하였다. CPU 및 GPU의 구현과 비교할 때 저비용 FPGA 가속기는 대기 시간에서 각각 57배 및 30배, 에너지 효율성에서 300배 및 23.44배 향상을 달성한다. 따라서 제안된 가속기는 실시간 임베디드 애플리케이션에 대한 초기 연구로서 활용, 향후 더 발전될 수 있는 잠재력을 보여준다.","To deploy Gate Recurrent Units (GRU) on resource-constrained embedded devices, this paper presents a reconfigurable FPGA-based GRU accelerator that enables structured compression. Firstly, a dense GRU model is significantly reduced in size by hybrid quantization and structured top-k pruning. Secondly, the energy consumption on external memory access is greatly reduced by the proposed reuse computing pattern. Finally, the accelerator can handle a structured sparse model that benefits from the algorithm-hardware co-design workflows. Moreover, inference tasks can be flexibly performed using all functional dimensions, sequence length, and number of layers. Implemented on the Intel DE1-SoC FPGA, the proposed accelerator achieves 45.01 GOPs in a structured sparse GRU network without batching. Compared to the implementation of CPU and GPU, low-cost FPGA accelerator achieves 57 and 30x improvements in latency, 300 and 23.44x improvements in energy efficiency, respectively. Thus, the proposed accelerator is utilized as an early study of real-time embedded applications, demonstrating the potential for further development in the future."
LoRa Device의 이동성을 고려한 GRU 기반 적응형 데이터 전송 속도 제어 알고리즘,2022,"['.', 'GRU', 'GRU-ADR', 'ADR', 'LoRa', 'LoRaWAN', 'SF', 'TP', 'OMNeT++']",,.
코로나 확진자 수 예측을 위한 BI-LSTM과 GRU 알고리즘의 성능 비교 분석,2022,"['코로나19', 'RNN', 'LSTM', 'BI- LSTM', 'GRU', 'Covid-19', 'RNN', 'LSTM', 'BI-LSTM', 'GRU']","위드 코로나의 예정 발표일이 결정되었고, 위드 코로나에 가장 중요한 조건인 백신 접종을 아직 부작용 걱정 때문에 완료하지 않은 사람들이 있다. 또한 위드 코로나로 경제는 회복될 수 있지만 감염자 수는 급증할 수 있다. 본 논문은 위드 코로나에 앞서 코로나19에 대한 경각심을 깨우고자, 코로나19를 비선형 확률과정으로 예측한다. 여기서 딥러닝의 RNN중 양방향 LSTM인 BI-LSTM와 LSTM보다 gate수를 줄인 GRU를 사용하고 이것을 train set, test set, 손실함수, 잔차분석, 정규분포, 자기 상관을 통해서 비교 분석하여 어떠한 성능이 더 좋은지 비교하고 예측한다","Even the announcing date for the staring date of “With Corona” has been decided, still many people have not completed vaccination, the most important condition for starting the With Corona, because of concerns for its side effects. In addition, although the economy may can be recovered by the With Corona, but the number of infected people may can be surged. In this paper, in order to awaken the people for the awareness of Corona 19 in advance of the With Corona, the Corona 19 is predicted through a non-linear probability process. Here, among the deep learning RNN, BI-LSTM, which is a bidirectional LSTM, and GRU, gates decreased than LSTM have been used. And this has been compared and analyzed through train set, test set, loss function, residual analysis, normal distribution, and autocorrelation, and compared and predicted for which has a better performance."
GRU 기법을 활용한 서울시 공공자전거 수요예측 모델 개발,2022,"['공공자전거', '공유 모빌리티', '수요예측', '순환신경망', 'GRU', 'Public Bicycle', 'Shared Mobility', 'Demand Forecasting', 'Recurrent Neural Network', 'GRU']","2020년 1월 국내에 첫 코로나19 확진자가 발생한 후 버스와 지하철 같은 대중교통이 아닌 공공자전거와 같은 개인형 이동수단에 대한 관심이 증가하였다. 서울시에서 운영하는 공공자전거인 ‘따릉이’에 대한 수요 역시 증가하였다. 본 연구 에서는 서울시 공공자전거의 최근 3년간(2019~2021) 시간대별 대여이력을 바탕으로 게이트 순환 유닛(GRU, Gated Recurrent Unit)의 수요예측 모델을 제시하였다. 본 연구에서 제시하는 GRU 방법의 유용성은 서울시 영등포구 여의도에 위치한 여의나루 1번 출구의 대여이력을 바탕으로 검증하였다. 특히, 동일한 조건에서 다중선형회귀 모델 및 순환신경망 모델들과 이를 비교 분석하였다. 아울러, 모델 개발시 기상요소 이외에 서울시 생활인구를 변수로 활용하여 이에 대한 검증도 함께 진행하였다. 모델의 성능지표로는 MAE와 RMSE를 사용하였고, 이를 통해 본 연구에서 제안하는 GRU 모델의 유용성을 제시하였다. 분석결과 제안한 GRU 모델이 전통적인 기법인 다중선형회귀 모델과 최근 각광받고 있는 LSTM 모델 및 Conv-LSTM 모델보다 예측 정확도가 높게 나타났다. 또한 분석에 소요되는 시간도 GRU 모델이 LSTM 모델, Conv-LSTM 모델보다 짧았다. 본 연구를 통해 서울시 공공자전거의 수요예측을 보다 빠르고 정확하게 하여 향후 재배치 문제 등의 해결에 도움이 될 수 있을 것이다.",
다양한 데이터 전처리 기법과 데이터 오버샘플링을 적용한 GRU 모델 기반 이상 탐지 성능 비교,2022,"['Anomaly Detection', 'Preprocessing', 'Oversampling', 'GRU', 'DCGAN']","최근 사이버보안 패러다임의 변화에 따라, 인공지능 구현 기술인 기계학습과 딥러닝 기법을 적용한 이상탐지 방법의 연구가 증가하고 있다. 본 연구에서는 공개 데이터셋인 NGIDS-DS(Next Generation IDS Dataset)를 이용하여 GRU(Gated Recurrent Unit) 신경망 기반 침입 탐지 모델의 이상(anomaly) 탐지 성능을 향상시킬 수 있는 데이터 전처리 기술에 관한 비교 연구를 수행하였다. 또한 정상 데이터와 공격 데이터 비율에 따른 클래스 불균형 문제를 해결하기 위해 DCGAN(Deep Convolutional Generative Adversarial Networks)을 적용한 오버샘플링 기법 등을 사용하여 오버샘플링 비율에 따른 탐지 성능을 비교 및 분석하였다. 실험 결과, 시스템 콜(system call) 특성과 프로세스 실행패스 특성에 Doc2Vec 알고리즘을 사용하여 전처리한 방법이 좋은 성능을 보였고, 오버샘플링별 성능의 경우 DCGAN을 사용하였을 때, 향상된 탐지 성능을 보였다.",
딥러닝 기법을 활용한 양식산 조피볼락 산지가격 예측 연구 -LSTM(Long-short Term Memory)과 GRU(Gated Recurrent Units) 모델을 중심으로-,2022,"['deep learning', 'price forecasting', 'Korean Rockfish', 'producer price']",,"This study is aimed to forecast the producer price of aquaculture seafood using LSTM(Long-short Term Memory) and GRU(Gated Recurrent Units) models, a type of deep learning model. Since the producer price is directly related to aquacultural farm’s profitability, accurate forecasting of the producer price is essential to establish an effective production and management plan for aquaculture and stabilize supply and demand of farmed seafood.Korean Rockfish(Sebastes schlegelii) is a commercially important fish species that ranks second in domestic farmed fish production and is the main breed of fish farms in Tongyeong region. As the volatility of the producer price of Korean Rockfish has recently intensified, the importance of forecasting the producer price is increasing. In the analysis, total 19 variables were used, including producer prices in other regions, production-related variables, consumption-related variables, alternative farmed fish variables, water temperature, and COVID-19 dummy variables. Total 189 monthly data from October 2006 to June 2022 were used.In this study, the producer price of farmed Korean Rockfish was forecasted by LSTM and GRU models, a type of RNN(Recurrent Neural Network) model specialized for time series forecasting and the accuracy of models was compared with MAPE(Mean Absolute Percent Error). Results showed that MAPEs of LSTM and GRU were 4.66% and 6.27%, respectively. In addition, when comparing the accuracy by the number of independent variables, it was found that the accuracy of the multivariate LSTM model was better than that of the univariate LSTM model."
기존 SARIMA와 GRU를 결합하는 새로운 하이브리드 단기 기상 데이터 예측 방법 제안,2022,"['인공지능', '코랩', '순환 신경망', '파이썬', 'Artificial Intelligence', 'Colab', 'ARIMA', 'Reccurent Neural Network', 'LSTM', 'GRU', 'Python']",,"In representative methods of analyzing and predicting temperature data, SARIMA has a good performance in prediction of regular temperature change and GRU has a good performance in prediction of irregular temperature change. This paper proposes a hybrid temperature prediction method that combines the advantages of the two methods. Since the existing temperature data coexists with regular and irregular changes, the temperature is first predicted using GRU. Since GRU uses data separately into two parts of learning and testing, we can obtain each prediction value for learning and testing by execution of GRU. At this time, since the error between the actual temperature and the predicted value in the learning part is more regular than the existing temperature data, it is input with SARIMA data to predict the error that will occur in the test part. The predicted error is removed from the predicted value for the inspection portion of the GRU. Through the experiments, we select appropriate parameters and confirm that the proposed method is improved in terms of mean error."
"A reliable intelligent diagnostic assistant for nuclear power plants using explainable artifi cial intelligence of GRU-AE, LightGBM and SHAP",2022,"['Abnormal operating conditions', 'Diagnostic tasks', 'Explainable artificial intelligence', 'Diagnostic algorithm', 'Reliability of artificial intelligence', 'Reliable intelligent diagnostic assistant']",,"When abnormal operating conditions occur in nuclear power plants, operators must identify theoccurrence cause and implement the necessary mitigation measures. Accordingly, the operator mustrapidly and accurately analyze the symptom requirements of more than 200 abnormal scenarios fromthe trends of many variables to perform diagnostic tasks and implement mitigation actions rapidly.However, the probability of human error increases owing to the characteristics of the diagnostic tasksperformed by the operator. Researches regarding diagnostic tasks based on Artificial Intelligence (AI)have been conducted recently to reduce the likelihood of human errors; however, reliability issues due tothe black box characteristics of AI have been pointed out. Hence, the application of eXplainable ArtificialIntelligence (XAI), which can provide AI diagnostic evidence for operators, is considered. In conclusion,the XAI to solve the reliability problem of AI is included in the AI-based diagnostic algorithm. A reliableintelligent diagnostic assistant based on a merged diagnostic algorithm, in the form of an operatorsupport system, is developed, and includes an interface to efficiently inform operators."
Fast Convergence GRU Model for Sign Language Recognition,2022,"['Deep Learning', 'Gesture Recognition', 'Human Pose Detection', 'OpenPose', 'Sign Language']",,"Recognition of sign language is challenging due to the occlusion of hands, accuracy of hand gestures, and high computational costs. In recent years, deep learning techniques have made significant advances in this field. Although these methods are larger and more complex, they cannot manage long-term sequential data and lack the ability to capture useful information through efficient information processing with faster convergence. In order to overcome these challenges, we propose a word-level sign language recognition (SLR) system that combines a real-time human pose detection library with the minimized version of the gated recurrent unit (GRU) model. Each gate unit is optimized by discarding the depthweighted reset gate in GRU cells and considering only current input. Furthermore, we use sigmoid rather than hyperbolic tangent activation in standard GRUs due to performance loss associated with the former in deeper networks. Experimental results demonstrate that our pose-based optimized GRU (Pose-OGRU) outperforms the standard GRU model in terms of prediction accuracy, convergency, and information processing capability."
Prognostics of capacitors for power converters based on data augmentation and IPSO‑GRU,2022,"['Aluminum electrolytic capacitor', 'Prognostics', 'Data augmentation', 'Gate recurrent unit']",,"Aluminum electrolytic capacitors (AECs) play a crucial role in traction power electronic converters, which are also the most likely to be responsible for breakdowns. Fault prediction for AECs is helpful to realize preventive maintenance and to reduce the cost of the entire system. However, it is restricted by the collected data scale and the period of the deteriorative process of AECs. Thus, this paper takes the advantages of the synthetic minority oversampling technique (SMOTE) that is used to augment the degradation data information and the gate recurrent unit (GRU) that can be suitable for degradation samples to establish a prediction model. An improved particle swarm optimization (IPSO) algorithm is utilized to optimize the hyper parameters of the GRU to promote the feature learning and prediction performance. Thereupon, a prognostics model based on data augmentation and a GRU optimized by IPSO is simulated on a degradation dataset of AECs under an aging test. The results show that the integrated prediction model achieves better accuracy and reliability when compared to some traditional models. Furthermore, the relative error of each prediction point is less than 2.5% for single step and 3.0% for multi-step, respectively."
COMPARATIVE STUDY ON THE PREDICTION OF CITY BUS SPEED BETWEEN LSTM AND GRU,2022,"['Energy management strategy (EMS)', 'Gated recurrent unit (GRU)', 'Hybrid electric bus (HEB)', 'Long shortterm memory (LSTM)', 'Neural network', 'Speed predic']",,"Given the vehicle speed during actual driving, it is possible to apply an advanced energy management strategy for achieving better efficiency and less emission. We conducted a study to predict the future speed while driving of city buses, where only a few bus driving data and bus stop IDs are used without external complex traffic information. The speed prediction models were developed based on long time short memory (LSTM) and a gated recurrent unit (GRU), and a deep neural network (DNN) is also adopted for the bus stop ID processing. The performances of the models were analyzed and compared such that we found the LSTM-based model presents remarkable and practical prediction ability in accuracy and time spent. Adopting the proposed speed prediction model would make it a reality sooner, application of the optimal energy control strategy in the real world."
Short-term PV Output Power Forecasting Based on CEEMDAN-AE-GRU,2022,"['Complete ensemble empirical mode decomposition with adaptive noise', 'Approximate entropy', 'Gated recurrent unit neural network', 'PV output power forecasting']",,"Power forecasting of smart distribution systems is an important foundation for the reliability, economy and safety of distribution system operations. Photovoltaics (PVs) are a kind of distributed energy, and output power forecasting is very important to the economic dispatch and safe operation of PV power systems. To improve the forecasting accuracy of short-term PV power, this paper proposes a gated recurrent unit (GRU) neural network prediction model based on complete ensemble empirical mode decomposition with adaptive noise (CEEMDAN). First, the historical data with similar forecast day are selected as the training sample of the model by k-means clustering method, and then the sample is decomposed. To reduce the complexity of modeling multiple subsequences generated by CEEMDAN, this paper uses approximate entropy (AE) to reorganize each subsequence to generate low-frequency, intermediate-frequency and high-frequency signals and then inputs them into the model for forecasting. The simulation results show that the proposed model is better than other models and proves that the use of AE to reorganize the decomposed subsequences has a certain practical value in improving the accuracy of PV power predictions."
"Multistep-Ahead Solar Irradiance Forecasting for Smart Cities Based on LSTM, Bi-LSTM, and GRU Neural Networks",2022,"['스마트 시티', '일사량 예측', '다단계 예측', 'LSTM', 'Bi-LSTM', 'GRU', 'Smart City', 'Solar Irradiance Forecasting', 'Multistep-Ahead Prediction', 'Long Short-Term Memory (LSTM)', 'Bidirectional LSTM', 'Gated Recurrent Units']",,
GRU 배터리 모델 기반 SOC 추정기 설계,2022,"['Battery management system(배터리 관리 시스템)', 'Data driven-based battery voltage model(데이터 기반 배터리 전압 모델)', 'Gated recurrent units(게이트 순환 유닛)', 'State of charge estimation(잔존 용량 추정)', 'Unscented Kalman filter(무향 칼만필터)']",,
Anomaly Detection with GRU Based Bi-autoencoder for Industrial Multimode Process,2022,"['Anomaly detection', 'autoencoder', 'gated recurrent unit', 'multimode process.']",,"The anomaly detection for multimode industrial process is a challenging problem, because the multiple operation modes present various main distributions of monitored variables, and the dynamic sequential characteristics exist within each operation mode. This paper proposes an anomaly detection method based on sequenceto-sequence gated recurrent units (SGRU). First, to better model both the cross-mode trends and mode-specific sequential characteristics, a main reconstruction module and residual reconstruction module are integrated to improve the ability to represent complex process. Both modules are implemented by SGRUs. Second, a reconstruction error prediction module is designed to estimate the mean values of mode-specific reconstruction errors, which helps to determine the more reliable alarm thresholds. Third, the two anomaly indicators are utilized to represent the deviation degree of monitored variables against the normal conditions, according to the statistical errors and biases of reconstructions, respectively. The effectiveness of the proposed method is validated on simulations with multimode process, and on the practical data set collected from the Cleaning-in-Place multimode process of an aseptic beverage filling line in a real factory."
딥 러닝 기반의 제스처 인식 시스템,2022,"['Hand gesture', 'Recognition', 'Deep Learning', 'LSTM', 'GRU']","본 논문은 동영상 데이터를 입력으로 하는 손 제스처 인식 기법을 제안한다. 제안된 기법은 손 골격의 주요 부위의 정보를 얻고 이를 기반으로 딥러닝 모델을 적용해 손 제스처를 인식한다. 이를 위해LSTM+GRU를 결합한 모델과 GUR+GRU를 결합한 모델을 제안하였다. 딥 러닝 모델을 사용하기 위해, 데이터 셋을 구성하여 각각의 모델을 학습한 후, 일반인을 대상으로 손 제스처를 인식하였다.실험결과, 특정한 센서나 웨어러블 기기의 도움 없이 실시간 인식이 가능함을 확인하였다. 11개의 손 제스처에 대해 LSTM+GRU 모델의 평균 인식률 93.81%, GRU+GRU 모델의 평균 인식률 91.27%를 얻었다.제안된 손 제스처 인식 시스템은 가상 현실, 장치 제어, 재활 치료와 같은 분야에 충분히 응용될 수 있을 것으로 기대된다.","This paper proposes a hand gesture recognition method using dynamic image data as input. The proposed technique obtains skeleton information on major parts of the hand. It applies a deep learning model to recognize hand gestures. For this, a model combining LSTM+GRU and a model combining GUR+GRU were proposed. In order to use the deep learning model, each model was trained by constructing a data set and then hand gestures were recognized for the general public.As a result of the experiment, it was confirmed that real-time recognition is possible without the help of a specific sensor or wearable device. For 11 hand gestures, the average recognition rate of the LSTM+GRU model was 93.81% and the average recognition rate of the GRU+GRU model was 91.27%. The proposed hand gesture recognition system is expected to be sufficiently applied in fields such as virtual reality, device control and rehabilitation cares."
대기 중 미세먼지를 포함한 태양광발전 예측 인공지능 모델 개발,2022,"['Artificial intelligence', 'Gated recurrent unit', 'Hybrid model', 'Particulate matter', 'Photovoltaic power forecasting', '게이트 순환 유닛', '미세먼지', '인공지능', '태양광 발전량 예측', '하이브리드 모델']","목적: 본 연구는 대기 중 미세먼지를 입력인자에 포함한 단일모델, 하이브리드(hybrid) 모델 등을 상호 비교하여 태양광 발전량 예측을 위한 최적 모델을 제시하고자 한다.방법: 전라남도 진도군에 있는 1 MW급 태양광 발전량 자료와 목포 지점의 기상 자료와 미세먼지 자료를 2016년 12월에서 2019년 12월까지 사용하였다. 입력 인자는 일사량, 일조 시간, 기압, 기온, 습도, 풍속, 풍향, 적설량, 강수량, PM<SUB>10</SUB>, PM<SUB>2.5</SUB>를 사용하였다. 사용된 모델 중 단일모델로는 랜덤포레스트(random forest, RF), 인공신경망(artificial neural network, ANN), 장단기메모리(long-term dependency problem, LSTM), 게이트 순환 유닛(gate recurrent unit, GRU)을 사용하였으며, 하이브리드 모델로는 LSTM-ANN, GRU-ANN을 사용하였다. 모델의 예측 성능을 비교, 평가하기 위해 결정계수(coefficient of determination, R²), 평균 제곱근 오차(root mean square error, RMSE), 평균절대 오차(mean absolute error, MAE)를 사용하였다.결과 및 토의: RF를 이용해서 중요도를 확인한 결과, 일사량(77.66%), 일조 시간(4.85%), 기압(4.16%), 기온(3.98%), 습도(2.25%), 풍속(2.21%), PM<SUB>10</SUB>(2.72%), PM<SUB>2.5</SUB>(1.65%), 풍향(1.44%), 적설량(0.05%), 강수량(0.02%)의 순으로 나타났다. GRU-ANN은 모델 중 가장 높은 R²(0.838)를 보였고 학습 조기 종료(early stop)를 사용하여 GRU보다 낮은 epoch(8)를 보였다.결론: 미세먼지를 포함한 태양광 발전량 예측에 GRU-ANN 모델이 가장 우수하다.","Purpose : This study aims to suggest an optimal model for predicting photovoltaic (PV) power generation by comparing single and hybrid models that include particulate matter in the atmosphere as input parameters.Methods : From December 2016 to December 2019, 1 MW-class PV power generation data in Jindo-gun, Jeollanam-do and meteorological data and particulate matter data from Mokpo were used. Radiation, sunshine time, pressure, temperature, humidity, wind speed, wind direction, snow load, precipitation, PM<SUB>10</SUB>, and PM<SUB>2.5</SUB> were used as input parameters. We used single models such as random forest (RF), artificial neural network (ANN), long short-term memory (LSTM), and gate recurrent unit (GRU) and hybrid model such as LSTM-ANN and GRU-ANN. Coefficient of determination (R²), root mean square error (RMSE), and mean absolute error (MAE) were used to compare and evaluate the prediction performance of the models.Results and Discussion : The variable importance through RF was as follows: radiation (77.66%), day light hours (4.85%), pressure (4.16%), temperature (3.98%), humidity (2.25%), wind speed (2.21%), PM<SUB>10</SUB> (2.72%), PM<SUB>2.5</SUB> (1.65%), wind direction (1.44%), snow cover (0.05%), and precipitation (0.02%). GRU-ANN showed the highest R² (0.838) among the models and lower epoch (8) than GRU using the early stop.Conclusion : The GRU-ANN model was the most suitable for forecasting PV power generation including particulate matter."
스마트 팜 에너지 소비량 예측 모델 개발에 관한 연구,2022,"['Energy Consumption', 'Prediction Model', 'GRU', 'LSTM', 'RNN']","이 연구에서는 스마트 팜 경영비용 중 많은 부분을 차지하고 있는 에너지 소비량에 대한 예측 모델을 구축하고자 하였으며, 분석 결과를 다음과 같이 요약할 수 있다. 첫째, 예측력이 우수한 모델을 구축하기 위해 전통적인 시계열 분석모형인 VAR모델과, 딥러닝 모델인 RNN, LSTM, GRU모델을 추정하였다. 둘째, 4가지 모델 예측력에 대한 비교결과 RMSE 통계량을 활용한 경우와 실측값과 예측값 평균 차이를 비교한 예측력 전반에 있어서 모두 GRU모델이 가장 우수한 것으로 나타났으며, 다음으로 LSTM, RNN, VAR 순으로 나타났다. 이러한 분석 결과로부터 다음과 같은 시사점을 도출할 수 있다. 첫째, 분석 목적이 에너지 소비에 영향을 미치는 요인 확인일 경우 모수적 통계기법이 적합할 수 있으며, 예측 정확도를 목적으로 할 경우 딥러닝 모델 활용이 보다 적합할 수 있다. 둘째, 딥러닝 모델별 예측력에도 차이고 있으므로, 다양한 모델 적합 이후 최적 모델 선택하는 것이 보다 효과적일 수 있다. 우수한 딥러닝 모델 구축을 위해서는 적절한 하이퍼 파라미터에 대한 설정이 필요하다.","In this study, a predictive model for energy consumption, which accounts for a large portion of smart farm management costs, was established. The analysis can be summarized as follows. First, the vector autoregressive (VAR) model which is a traditional time series analysis model, and the recurrent neural network (RNN), long short-term memory (LSTM), and gated recurrent unit (GRU) models which are deep learning models, were used to build a model with excellent predictive power. Second, a comparison of the four models showed their predictive power to be in the order of GRU>LSTM>RNN>VAR. The following implications can be drawn from the results of the analysis: First, if prediction accuracy is not a factor that affects energy consumption, it is appropriate to use a deep learning model. Second, since the predictive power of each deep learning model is different, it would be effective to select an optimal model after fitting the data to various models. To build a better deep learning model, it is necessary to set the appropriate hyperparameters."
단백질 기능 예측 문제에서 시퀀스 패턴 추출을 위한 작은 CNN-RNN 접목 모델 연구,2022,"['PSSM', 'Deep learning', 'Protein Function Prediction', 'Feature Engraft Model', 'Overlapped R', 'PSSM', '딥러닝', '단백질 기능 예측', '특징 접목 모델', '중첩 RNN']","본 논문에서는 2020년 기준 단백질 서열을 이용한 기능과 구조 예측 분야에서 가장 많이 사용되고있는 딥러닝 모델인 CNN과 LSTM/GRU 모델을 동일한 조건 하에 비교 평가한 연구를 토대로 새로운효소 기능 예측 모델인 PSCREM을 설계하였다. CNN 합성곱 시 누락되는 세부 패턴을 보존하기 위하여서열 진화정보를 이용하였으며 중첩 RNN을 통해 기능적으로 중요한 의미를 가지는 아미노산 간의관계 정보를 추출하고 특징 맵 제작에 참조하였다. 사용된 RNN 계열의 알고리즘은 LSTM과 GRU로보통 stacked RNN 기법으로 100 units 이상 2~3회 쌓는 것이 일반적이나 본 논문에서는 10, 20 unit으로구성한 뒤 중첩시켜서 특징 맵 제작에 사용하였다. 모델에 들어가는 데이터는 단백질 서열 데이터로PSSM profile로 가공한 뒤 사용되었다. 실험 결과 효소 번호 첫 번째 자리를 예측하는 문제에 대해86.4%의 정확도를 나타냄을 입증하였고, 효소 번호 3번째 자리까지 예측 정확도 84.4%의 성능을 내는것을 확인하였다. PSCREM은 Overlapped RNN을 통해 단백질 기능에 관련된 고유 패턴을 더 잘 파악하며Overlapped RNN은 단백질 기능 및 구조 예측 추출 분야에 새로운 방법론으로서 제안된다.","In this paper, we designed a new enzyme function prediction model PSCREM based on a study that compared and evaluated CNN and LSTM/GRU models, which are the most widely used deep learning models in the field of predicting functions and structures using protein sequences in 2020, under the same conditions. Sequence evolution information was used to preserve detailed patterns which would miss in CNN convolution, and the relationship information between amino acids with functional significance was extracted through overlapping RNNs. It was referenced to feature map production. The RNN family of algorithms used in small CNN-RNN models are LSTM algorithms and GRU algorithms, which are usually stacked two to three times over 100 units, but in this paper, small RNNs consisting of 10 and 20 units are overlapped. The model used the PSSM profile, which is transformed from protein sequence data. The experiment proved 86.4% the performance for the problem of predicting the main classes of enzyme number, and it was confirmed that the performance was 84.4% accurate up to the sub-sub classes of enzyme number. Thus, PSCREM better identifies unique patterns related to protein function through overlapped RNN, and Overlapped RNN is proposed as a novel methodology for protein function and structure prediction extraction."
시공간 특성을 고려한 딥러닝 기반 교통 속도 예측 모델,2022,"['traffic predidction', 'deep learning', 'CNN', 'RNN', 'Attention', '.']","교통량과 속도는 지능형 교통 시스템을 구축하기 위해 필요한 가장 중요한 교통 정보이다. 최근 사물인터넷, 빅데이터, 인공지능 등의 기술 발전에 따라 다양한 딥러닝 기술들이 교통 정보 예측에 많이 활용되고 있다. 본 논문에서는 도로의 공간적 특징과 시간에 따른 속도 변화 특징을 반영하기 위하여 3개의 모델을 결합한 CNN-RNN-Attention 속도 예측 모델을 제안한다. 컨볼루션 신경망(CNN)과 순환신경망(RNN)을 활용하여 도로의 공간적 특성과 시계열 특성을 각각 학습하고, 학습된 결과에 어텐션(Attention) 기법을 적용하여 가중치를 부여함으로써 성능을 향상시켰다. 제안된 모델은 한국도로공사 링크 통행속도 데이터를 활용하여 실험을 진행하였으며, CNN 단일 모델, GRU 단일 모델 그리고 CNN과 GRU을 결합한 모델 대비 성능이 우수함을 증명하였다.","The volume and the speed of traffic are the key factors for establishing an intelligent traffic system. The latest technical accomplishments such as Internet on Things, big data and artificial intelligence made various deep learning technologies possible to be used for predicting traffic conditions. In this Paper, we propose a CNN-RNN-Attention prediction model combines three models to reflect the spatial-temporal characteristics. Convolutional Neural Network(CNN) and Recurrent Neural Network(RNN) are used to learn spatial and temporal characteristics of roads, respectively. Then we go through the attention model which improves the performance of our model by calculating the weights of CNN-RNN results. The proposed model was tested using the link speed data of Korea Expressway Corporation, and it was proved that the performance result was superior to that of the CNN single model, the RNN single model and the model which are combines CNN with RNN."
암호화폐 수익률 예측력 향상을 위한 요인 강화,2022,"['cryptocurrency', 'factor augmentation', 'deep learning', 'news sentiment analysis', '암호화폐', '요인 강화', '딥러닝', '뉴스 감성 분석']",본 연구는 외부 요인을 모형에 강화시켜 암호화폐 수익률 예측력을 향상시키는 방법에 대해서다루고 있다. 고려한 요인으로는 크게 나누어 금융 경제적 요인 및 심리적 요인을 고려하였다. 먼저 금융 경제적 요인을 반용하기 위해서 주성분 요인을 사용하여 수 많은 변수를 차원축소를 통해서 모형에 반영하였다. 또한 심리적 요인을 위해서는 뉴스 기사 데이터를 활용하여 산출해낸 감성지수를 활용하였다. 이러한 요인들은 충격반응함수 분석을 통해서 요인들의 의미와 영향력을 시각화하였다. 또한 전통적인 ARIMAX 뿐 만 아니라 랜덤포레스트 및 딥러닝 모형을 활용하여 비선형성을 반영하였다. 그 결과 요인 강화가 암호화폐 수익률 예측력을 향상시킴을 실증분석을 통해 밝혔으며 그 중에서 딥러닝 모형인 GRU가 가장 좋은 예측 성능을 보임을 관찰하였다.,
한국어 에세이 문항 자동 채점을 위한 딥러닝 알고리듬 탐색,2022,"['Essay', 'Automated scoring system', 'RNN', 'LSTM', 'GRU', '에세이', '자동 채점', 'RNN', 'LSTM', 'GRU']",,"This study was carried out for the purpose of searching for the optimal algorithm for automated scoring system of Korean essay through the comparison of deep learning-based learning models. For this purpose, in this study, deep learning algorithms such as Recurrent Neural Network (RNN), Long-Short-Term-Memory (LSTM), and Gated-Recurrent-Unit (GRU) algorithms were compared. The performance of each algorithm was evaluated based on classification accuracy, precision, recall, and F1. The empirical results showed that the LSTM and GRU algorithm-based models performed better than RNN. Although there is no significant difference in model performance between LSTM and GRU, the GRU algorithm was found to be more efficient in terms of the time required to train the model, so it could be considered to be the optimal algorithm for automated scoring if the machine leanring time is critical."
해양관측부위 자료 기반 딥러닝 기술을 활용한 해양 혼합층 수온 예측,2022,"['LSTM', 'Bidirectional LSTM', 'GRU', 'Prediction', 'Sea water temperature', 'Submarine', 'Deep-learning']",,"Recently, The sea water temperature around Korean Peninsula is steadily increasing. Water temperature changes not only affect the fishing ecosystem, but also are closely related to military operations in the sea. The purpose of this study is to suggest which model is more suitable for the field of water temperature prediction by attempting short-term water temperature prediction through various prediction models based on deep learning technology. The data used for prediction are water temperature data from the East Sea (Goseong, Yangyang, Gangneung, and Yeongdeok) from 2016 to 2020, which were observed through marine observation by the National Fisheries Research Institute. In addition, we use Long Short-Term Memory (LSTM), Bidirectional LSTM, and Gated Recurrent Unit (GRU) techniques that show excellent performance in predicting time series data as models for prediction. While the previous study used only LSTM, in this study, the prediction accuracy of each technique and the performance time were compared by applying various techniques in addition to LSTM. As a result of the study, it was confirmed that Bidirectional LSTM and GRU techniques had the least error between actual and predicted values at all observation points based on 1 hour prediction, and GRU was the fastest in learning time. Through this, it was confirmed that a method using Bidirectional LSTM wasrequired for water temperature prediction to improve accuracy while reducing prediction errors. In areas that require real-time prediction in addition to accuracy, such as anti-submarine operations, it is judged that the method of using the GRU technique will be more appropriate."
인공 신경망 알고리즘을 활용한 플라이애시 콘크리트의 염해 내구성능 예측,2022,"['통과 전하량', '염해', '플라이애시', '게이트 순환 유닛', '딥-러닝 모델', 'Passed charge', 'Chloride ingress', 'Fly ash', 'GRU', 'Deep learning model']","본 연구에서는 장기재령(4~6년)으로 양생된 플라이애시 콘크리트를 대상으로 촉진 염화물 이온 통과 시험을 수행하였다. 콘크리트 배합은 3수준의 물-결합재 비(0.37, 0.42, 0.47)와 2수준의 플라이애시 치환율(0, 30 %)을 가지고 있었으며, 시간 의존적으로 개선되는 통과전하량을 정량적으로 분석하였다. 또한 실험결과를 GRU 알고리즘을 고려한 단별량 시계열 모델을 적용하여 학습하였으며, 그 예측값을 평가하였다. 통과전하량 실험 결과, 플라이애시 콘크리트는 물-결합재 비에 의한 통과 전하량의 변화가 재령이 증가함에 따라 점차 감소하였으며 OPC 콘크리트에 비하여 우수한 염해저항성을 나타내었다. 최종 평가일인 6년에서 플라이애시 콘크리트는 모든 물 결합재 비 조건에서 ‘Very low’ 등급에 해당되는 통과 전하량이 평가되었지만, OPC 콘크리트의 경우 가장 높은 물-결합재 비를 갖는 조건에서 ‘Moderate’ 등급을 나타내었다. 메인 알고리즘으로서 사용한 GRU 알고리즘은 시계열 데이터를 분석할 수 있고 연산 속도가 빠른 장점을 갖고 있다. 4개의 은닉층을 갖는 딥-러닝 모델이 고려되었으며 결과값은 실험값을 합리적으로 예측하고 있었다. 본 연구의 딥-러닝 모델은 단변량 시계열 특성만을 고려할 수 있는 한계점이 존재하지만 추가 연구를 통해 콘크리트의 강도 및 확산계수와 같은 다양한 특성을 고려할 수 있는 모델이 개발 중에 있다.","In this study, RCPTs (Rapid Chloride Penetration Test) were performed for fly ash concrete with curing age of 4 ~ 6 years. The concrete mixtures were prepared with 3 levels of water to binder ratio (0.37, 0.42, and 0.47) and 2 levels of substitution ratio of fly ash (0 and 30%), and the improved passed charges of chloride ion behavior was quantitatively analyzed. Additionally, the results were trained through the univariate time series models consisted of GRU (Gated Recurrent Unit) algorithm and those from the models were evaluated. As the result of the RCPT, fly ash concrete showed the reduced passed charges with period and an more improved resistance to chloride penetration than OPC concrete. At the final evaluation period (6 years), fly ash concrete showed 'Very low' grade in all W/B (water to binder) ratio, however OPC concrete showed 'Moderate' grade in the condition with the highest W/B ratio (0.47). The adopted algorithm of GRU for this study can analyze time series data and has the advantage like operation efficiency. The deep learning model with 4 hidden layers was designed, and it provided a reasonable prediction results of passed charge. The deep learning model from this study has a limitation of single consideration of a univariate time series characteristic, but it is in the developing process of providing various characteristics of concrete like strength and diffusion coefficient through additional studies."
단백질 기능 예측 모델의 주요 딥러닝 모델 비교 실험,2022,"['CNN', 'LSTM', 'GRU', '결합 모델', '단백질 서열', 'CNN', 'LSTM', 'GRU', 'Combined Model', 'Protein Sequence']",,"Proteins are the basic unit of all life activities, and understanding them is essential for studying life phenomena. Since the emergenceof the machine learning methodology using artificial neural networks, many researchers have tried to predict the function of proteinsusing only protein sequences. Many combinations of deep learning models have been reported to academia, but the methods are differentand there is no formal methodology, and they are tailored to different data, so there has never been a direct comparative analysis ofwhich algorithms are more suitable for handling protein data. In this paper, the single model performance of each algorithm was comparedand evaluated based on accuracy and speed by applying the same data to CNN, LSTM, and GRU models, which are the most frequentlyused representative algorithms in the convergence research field of predicting protein functions, and the final evaluation scale is presentedas Micro Precision, Recall, and F1-score. The combined models CNN-LSTM and CNN-GRU models also were evaluated in the same way.Through this study, it was confirmed that the performance of LSTM as a single model is good in simple classification problems, overlappingCNN was suitable as a single model in complex classification problems, and the CNN-LSTM was relatively better as a combination model."
딥러닝 모형을 이용한 팔당대교 지점에서의 유량 예측,2022,"['LSTM 모형', 'GRU 모형', '수위 예측', '유량 예측', '수위-유량관계곡선', '홍수예경보시스템', 'LSTM model', 'GRU model', 'Water-level prediction', 'Flow-rate prediction', 'Rating curve', 'Flood warning system']","최근의 수자원공학 분야는 4차산업혁명과 더불어 비약적으로 발전된 딥러닝 기술을 활용한 시계열 수위 및 유량의 예측에 대한 관심이 높아지고 있다. 또한 시계열 자료의 예측이 가능한 LSTM 모형과 GRU 모형을 활용하여 수위 및 유량 예측을 수행하고 있지만 시간 변동성이 매우 큰 하천에서의 유량 예측 정확도는 수위 예측 정확도에 비해 낮게 예측되는 경향이 있다. 본 연구에서는 유량변동이 크고 하구에서의 조석의 영향이 거의 없는 한강의 팔당대교 관측소를 선택하였다. 또한, LSTM 모형과 GRU 모형의 입력 및 예측 자료로 활용될 유량변동이 큰 시계열 자료를 선택하였고 총 자료의 길이는 비교적 짧은 2년 7개월의 수위 자료 및 유량 자료를 수집하였다. 시간변동성이 큰 시계열 수위를 2개의 모형에서 학습할 경우, 2개의 모형 모두에서 예측되는 수위 결과는 관측 수위와 비교하여 적정한 정확도가 확보되었으나 변동성이 큰 유량 자료를 2개의 모형에서 직접 학습시킬 경우, 예측되는 유량 자료의 정확도는 악화되었다. 따라서, 본 연구에서는 급변하는 유량을 정확히 예측하기 위하여 2개 모형으로 예측된 수위 자료를 수위-유량관계곡선의 입력자료로 활용하여 유량의 예측 정확도를 크게 향상시킬 수 있었다. 마지막으로 본 연구성과는 수문자료의 별도 가공없이 관측 길이가 상대적으로 충분히 길지 않고 유출량이 급변하는 도시하천에서의 홍수예경보 자료로 충분히 활용할 수 있을 것으로 기대된다.",
온라인 저지 시스템 지원을 위한 Feature-Wise Linear Modulation 기반 소스코드 문맥 학습 모델 설계,2022,"['Deep Learing', 'GRU', 'FiLM', 'Online Judge', '딥러닝', 'GRU', 'FiLM', '온라인 저지']",,"Evaluation learning based on code testing is becoming a popular solution in programming education via Online judge(OJ). In the recentpast, many papers have been published on how to detect plagiarism through source code similarity analysis to support OJ. However,deep learning-based research to support automated tutoring is insufficient. In this paper, we propose Input & Output side FiLM modelsto predict whether the input code will pass or fail. By applying Feature-wise Linear Modulation(FiLM) technique to GRU, our model canlearn combined information of Java byte codes and problem information that it tries to solve. On experimental design, a balanced samplingtechnique was applied to evenly distribute the data due to the occurrence of asymmetry in data collected by OJ. Among the proposedmodels, the Input Side FiLM model showed the highest performance of 73.63%. Based on result, it has been shown that students cancheck whether their codes will pass or fail before receiving the OJ evaluation which could provide basic feedback for improvements."
이상 탐지를 위한 시스템콜 시퀀스 임베딩 접근 방식 비교,2022,"['침입탐지시스템', '이상탐지', '시스템콜', '임베딩', 'GRU', 'IDS', 'Anomaly Detection', 'System Call', 'Embedding', 'GRU']",,
A Comparison of Time Series Forecast Models for Predicting the Outliers Particles in Semiconductor Cleanroom,2022,"['predictive maintenance', 'lightGBM', 'bi-LSTM', 'GRU', 'semiconductor', 'cleanroom maintenance']",,"Cleanroom cleanliness is essential in maintaining the quality of products in the semiconductor manufacturing process. In a clean room environment, particles(outliers particles) influence the quality and yield of the product. Therefore, predicting and removing particles(sub-inflow particles) to maintain the cleanliness of the cleanroom becomes an essential factor in optimizing the semiconductor cleanroom environment. This study compared statistics, machine learning, and deep learning models such as (S)ARIMAX, Facebook Prophet, LightGBM, XGBoost, GRU, and Bi-LSTM to predict fine dust anomalies in semiconductor cleanroom and evaluated the most suitable model for performing prediction tasks. This study explored GRU and LightGBM as efficient models used to develop a prediction model for semiconductor cleanroom. This paper provides good insights into selecting resource-efficient models through research and is expected to be a practical guide for future research."
시계열 분해와 하이브리드 순환신경망 기반 스프레드 예측: 국제 에너지 선물 시장을 중심으로,2022,"['스프레드 트레이딩', '시계열 분해', 'RNN', '스프레드 예측', '에너지 선물', 'Spread Trading', 'Time-series Decomposition', 'RNN', 'Spread Prediction', 'Energy Futures']","에너지 선물 스프레드는 안정적 위험 헤지, 수익성 있는 선물 투자, 에너지 및 주식 시장에 대한 신호로써의 유용성 때문에 정확한 스프레드 예측은 여러 시장 참여자들에게 위험관리 및 수익 극대화 차원에서 중요한 과제이다. 따라서 본 연구는 에너지 선물 스프레드에 내포된 여러 가지 시계열적 특성을 고려하여 미래 스프레드 예측력 향상을 목표로 하였다. 이에 본 연구는 RobustSTL을 사용하여 스프레드를 시계열 요소 즉, 추세, 계절성, 노이즈로 나누고, 각 요소의 특성에 따라 ARIMA와 RNN(LSTM, GRU)을 사용하여 요소별로 예측한 후 합산하여 미래 스프레드를 예측하는 STAR-RNN 모형을 제시한다. 본 연구에서는 2005년부터 2021년까지의 WTI 원유, 브렌트유, 난방유, 천연가스 선물로 이루어진 5개의 스프레드 쌍 데이터를 사용하여 실험하였다. 실험 결과, STAR-RNN 중 STAR-LSTM은 평균적으로 LSTM 대비 RMSPE 기준 6.8%, ARIMA 대비 8.6%의 예측 오차가 감소했고, STAR-GRU는 GRU 대비 10.4%, ARIMA 대비 9.9%의 오차가 감소했다. 이러한 결과는 원 시계열로부터 추세, 계절성, 노이즈를 분리하여 예측하는 방식이 최종 스프레드 예측 성능 향상에 있어 중요한 역할을 한다는 것을 의미한다.",
효율적인 워크로드 및 리소스 관리를 위한 게이트 순환 신경망 입자군집 최적화,2022,"['PSO', 'Gated Recurrent Unit', 'Cloud', 'Workload', 'Resource Management', 'Hyper-parameters']",,"The fourth industrial revolution, internet of things, and the expansion of online web services have increased an exponential growth and deployment in the number of cloud data centers (CDC). The cloud is emerging as new paradigm for delivering the Internet-based computing services. Due to the dynamic and non-linear workload and availability of the resources is a critical problem for efficient workload and resource management. In this paper, we propose the particle swarm optimization (PSO) based gated recurrent unit (GRU) neural network for efficient prediction the future value of the CPU and memory usage in the cloud data centers. We investigate the hyper-parameters of the GRU for better model to effectively predict the cloud resources. We use the Google Cluster traces to evaluate the aforementioned PSO-GRU prediction. The experimental shows the effectiveness of the proposed algorithm."
Solar radiation forecasting using boosting decision tree and recurrent neural networks,2022,"['solar radiation', 'XGBoost', 'CatBoost', 'simple RNN', 'LSTM', 'GRU', 'time series cross-validation']",,"Recently, as the importance of environmental protection has emerged, interest in new and renewable energy is also increasing worldwide. In particular, the solar energy sector accounts for the highest production rate among new and renewable energy in Korea due to its infinite resources, easy installation and maintenance, and eco-friendly characteristics such as low noise emission levels and less pollutants during power generation. However, although climate prediction is essential since solar power is affected by weather and climate change, solar radiation, which is closely related to solar power, is not currently forecasted by the Korea Meteorological Administration. Solar radiation prediction can be the basis for establishing a reasonable new and renewable energy operation plan, and it is very important because it can be used not only in solar power but also in other fields such as power consumption prediction. Therefore, this study was conducted for the purpose of improving the accuracy of solar radiation. Solar radiation was predicted by a total of three weather variables, temperature, humidity, and cloudiness, and solar radiation outside the atmosphere, and the results were compared using various models. The CatBoost model was best obtained by fitting and comparing the Boosting series (XGB, CatBoost) and RNN series (Simple RNN, LSTM, GRU) models. In addition, the results were further improved through Time series cross-validation."
A SE Approach for Real-Time NPP Response Prediction under CEA Withdrawal Accident Conditions,2022,"['Recurrent Neural Network (RNN)', 'Long Short Term Memory (LSTM)', 'Gated Recurrent Unit (GRU)', 'Convolutional Neural Network (CNN)', 'Machine Learning (ML)', 'Best Estimate Plus Uncertainty (BEPU)']",,"Machine learning (ML) data-driven meta-model is proposed as a surrogate model to reduce the excessive computational cost of the physics-based model and facilitate the real-time prediction of a nuclear power plant's transient response. To forecast the transient response three machine learning (ML) meta-models based on recurrent neural networks (RNNs); specifically, Long Short Term Memory (LSTM), Gated Recurrent Unit (GRU), and a sequence combination of Convolutional Neural Network (CNN) and LSTM are developed. The chosen accident scenario is a control element assembly withdrawal at power concurrent with the Loss Of Offsite Power (LOOP). The transient response was obtained using the best estimate thermal hydraulics code, MARS-KS, and cross-validated against the Design and control document (DCD). DAKOTA software is loosely coupled with MARS-KS code via a python interface to perform the Best Estimate Plus Uncertainty Quantification (BEPU) analysis and generate a time series database of the system response to train, test and validate the ML meta-models. Key uncertain parameters identified as required by the CASU methodology were propagated using the non-parametric Monte-Carlo (MC) random propagation and Latin Hypercube Sampling technique until a statistically significant database (181 samples) as required by Wilk's fifth order is achieved with 95% probability and 95% confidence level. The three ML RNN models were built and optimized with the help of the Talos tool and demonstrated excellent performance in forecasting the most probable NPP transient response. This research was guided by the Systems Engineering (SE) approach for the systematic and efficient planning and execution of the research."
A Systems Engineering Approach for Predicting NPP Response under Steam Generator Tube Rupture Conditions using Machine Learning,2022,"['Recurrent Neural Network (RNN)', 'Long Short Term Memory (LSTM)', 'Gated Recurrent Unit (GRU)', 'Convolutional Neural Network (CNN)', 'Machine Learning (ML)', 'Best Estimate Plus Uncertainty (BEPU)']",,"Accidents prevention and mitigation is the highest priority of nuclear power plant (NPP) operation, particularly in the aftermath of the Fukushima Daiichi accident, which has reignited public anxieties and skepticism regarding nuclear energy usage. To deal with accident scenarios more effectively, operators must have ample and precise information about key safety parameters as well as their future trajectories. This work investigates the potential of machine learning in forecasting NPP response in real-time to provide an additional validation method and help reduce human error, especially in accident situations where operators are under a lot of stress. First, a base-case SGTR simulation is carried out by the best-estimate code RELAP5/MOD3.4 to confirm the validity of the model against results reported in the APR1400 Design Control Document (DCD). Then, uncertainty quantification is performed by coupling RELAP5/MOD3.4 and the statistical tool DAKOTA to generate a large enough dataset for the construction and training of neural-based machine learning (ML) models, namely LSTM, GRU, and hybrid CNN-LSTM. Finally, the accuracy and reliability of these models in forecasting system response are tested by their performance on fresh data. To facilitate and oversee the process of developing the ML models, a Systems Engineering (SE) methodology is used to ensure that the work is consistently in line with the originating mission statement and that the findings obtained at each subsequent phase are valid."
영농형 태양광 발전소에서 순환신경망 기반 발전량 예측 시스템,2022,"['영농형 태양광 발전', '순환 신경망', '지능형 태양광 운영 및 진단', '딥러닝 기반 예측 알고리즘', 'Photovoltaic Power Generation', 'Recurrent Neural Networks', 'Intelligent O&M', 'Deep Learning Based Prediction Algorithms']","본 논문은 영농형 태양광 발전 시스템의 전력 생산량을 수집·저장하여 지능적인 예측 모델을 구현하기 위한 예측 및 진단 모델의 설계와 구현에 대해 논한다. 제안된 모델은 시계열 데이터에 특화된 순환신경망 기법인 RNN, LSTM, GRU 모델을 이용하여 태양광 발전량을 예측하고 각 모델의 하이퍼 파라미터를 다르게 주어 비교 분석하고, 성능을 평가했다. 그 결과 세 모델 모두 MSE, RMSE 지표는 0에 매우 가까우며, R2 지표는 1에 가까운 성능을 보였다. 이를 통해 제안하는 예측 모델은 태양광 발전량을 예측하기에 적합한 모델임을 알 수 있고, 이러한 예측을 이용하여 영농형 태양광 시스템에서 지능적인 운영관리 기능에 적용될 수 있음을 보였다.","In this paper, we discuss the design and implementation of predictive and diagnostic models for realizing intelligent predictive models by collecting and storing the power output of agricultural photovoltaic power generation systems. Our model predicts the amount of photovoltaic power generation using RNN, LSTM, and GRU models, which are recurrent neural network techniques specialized for time series data, and compares and analyzes each model with different hyperparameters, and evaluates the performance. As a result, the MSE and RMSE indicators of all three models were very close to 0, and the R2 indicator showed performance close to 1. Through this, it can be seen that the proposed prediction model is a suitable model for predicting the amount of photovoltaic power generation, and using this prediction, it was shown that it can be utilized as an intelligent and efficient O&M function in an agricultural photovoltaic system."
FitRec 기반 달리기 심박수 예측 시스템,2022,"['Regression', 'Recurrent neural network', 'Deep learning', 'FitRec']",사람의 심박수는 운동 강도 측정의 기준으로 사용되는 중요한 지표이다. 만약 심박수를 예측한다면 운동 중 운동강도를 미리 조절하여 효율적으로 운동할 수 있다. 본 논문에서는 FitRec 기반 달리기 운동을 수행하는 사용자의 심박수를 예측하는 모델을 제안한다. 학습을 위해 Endomondo의 데이터를 사용하여 예측 모델에 적용한다. 성능 비교를 위해시계열 데이터 처리 알고리즘 LSTM(long short term memory)과 GRU(gated recurrent unit)를 사용하였다.FitRec에 유산소 운동 중 달리기 데이터만 학습한 결과 여러 유산소 운동 데이터를 모두 학습한 모델보다 MAE(mean absolute error)와 RMSE(root mean squared error) 둘 다 성능이 향상됨을 확인하였다.,"Human heart rate can be used to measure exercise intensity as an important indicator. If heart rate can be predicted, exercise can be performed more efficiently by regulating the intensity of exercise in advance. In this paper, a FitRec-based prediction model is proposed for estimating running heart rate for users. Endomondo data is utilized for training the proposed prediction model. The processing algorithms for time-series data, such as LSTM(long short term memory) and GRU(gated recurrent unit), are employed to compare their performance. On the basis of simulation results, it was demonstrated that the proposed model trained with running exercise performed better than the model trained with several cardiac exercises."
생육시기 기상을 활용한 배추 가격 예측,2022,"['생육시기', '기상', '배추 가격', '순환 신경망', 'Growing season', 'weather', 'Chinese cabbage price', 'Cyclic neural network']","국내 배추 소비량은 수입보다 국내 생산량이 대부분을 차지한다. 지구온난화가 심화되면서 이상기후의 빈도·강도의 증가로 기상요인이 배추 가격 변동에 중요하게 작용할 것으로 보인다. 따라서 본 연구는 작형별 주산지의 생산량을 고려한 생육 단계별 기상요인을 활용하여 배추 가격을 예측하고자 한다. 2015년 5월 20일부터 2022년 6월 30일까지의 상급 배추 도매가격을 기준으로 당일, 생육 단계별 기상 데이터를 함께 본 연구에 사용했다. 순환신경망 모델인 LSTM(Long Short-Term Memory)과 GRU(Gated Recurrent Unit)를 통해 배추 가격을 예측했으며 RMSE(Root Mean Square Error)와 MAE(Mean Absolute Error)를 기준으로 평가하였다. 분석 결과 전체 생육 일사량 평균, 정식 및 파종기 일사량 평균, 정식 이후 및 수확기 최저 초상 온도 평균을 반영한 예측 시 가격의 절대적인 차이가 가장 작게 나타났다. 가격 변동 추세가 가파른 경우에는 당일 기상을 함께 반영하였을 시 더 정확한 예측이 가능하였다. 해당 연구는 일정 생육시기의 평균 데이터를 해당 작형에 모두 동일하게 적용하여 일자별 개별적인 생육기의 변동을 고려하기 어렵다. 농가별 생육 단계 기간을 수집하여 후속 연구가 진행된다면 더 정확한 예측을 얻을 수 있을 것으로 보인다. 본 연구를 통해 향후 배추 가격의 추세를 파악한 뒤 기상 변수를 적절히 적용하여 예측한 가격을 토대로 농가와 소비자의 배추 판매·구매에 도움을 줄 것으로 기대된다.","Domestic production of Chinese cabbage accounts for more than imports. As global warming intensifies, weather factors are expected to play an important role in the price fluctuations of Chinese cabbage due to the increase in the frequency and intensity of abnormal climates. Therefore, this study intends to predict the price of Chinese cabbage by using the weather factors for each growth stage considering the production of the main production area by cropping pattern. Based on the wholesale price of high-grade Chinese cabbage from May 20, 2015 to June 30, 2022, meteorological data for the same day and growth stage were also used in this study. The price of Chinese cabbage was predicted through Long Short-Term Memory(LSTM) and Gated Recurrent Unit(GRU), which are recurrent neural network models, and evaluated based on Root Mean Square Error(RMSE) and Mean Absolute Error(MAE). As a result of the analysis, the absolute difference in price was the smallest when forecasting reflecting the average of insolation during total growing, average of insolation during planting and sowing, and average of minimum grass temperature after planting and during harvest. When the price fluctuation trend was steep, more accurate prediction was possible when the weather of the day was also reflected. In this study, it is difficult to take into account the variation of individual growing seasons by day by applying the average data of a certain growth period to all cropping pattern in question. It is expected that a more accurate prediction can be obtained if the follow-up study is conducted by collecting the growth stage period by farmhouse. Through this study, it is expected that it will help farmers and consumers to sell and purchase based on the predicted price by properly applying weather variables after identifying the trend of the price of Chinese cabbage in the future."
순환 신경망 모델에 따른 재실 인원 예측모델 개발 및 성능비교,2022,"['재실 인원 예측', '순환 신경망', '재실자 중심 제어', 'Occupancy forecasting', 'recurrent neural network', 'occupant-centric control']",,"An accurate occupancy prediction is essential for occupant-centric control (OCC) that saves energy while providing a comfortable indoor environment. Various machine learning-based approaches are being tried to develop an occupancy prediction model. Among these approaches, the performance of the recurrent neural network (RNN) based models, showed strength in time series forecasting and were found to be superb. However, studies related to performance comparison between RNN based models are insufficient; although the model performance had possibility for improvement through optimization. Therefore, in this study the RNN, long short-term memory (LSTM), and gated recurrent unit (GRU) models were developed to predict the number of occupants after 15, 30, and 60 minutes. The optimal models for each prediction horizon were derived through optimization and performance evaluation. As a result, the GRU model presented the best performance. The root mean squared error (RMSE) and mean absolute error (MAE) of the prediction model after 15 minutes was 0.8073, 1.5301, the prediction model after 30 minutes was 1.2841, 2.3386, and 2.0769, 3.3685, for the prediction model after 60 minutes. These results show superior performance compared to the existing RNN based models and signify that it is possible to provide accurate values for various prediction horizons. Thus, if outlier supplementation and addition of the adaptation function are implemented through an algorithm in the future, the developed models are expected to be utilized as a key element for OCC."
딥러닝 알고리즘의 성능을 향상하기 위한 최적 모니터링 주기 결정: 남강 유역의 사례를 중심으로,2022,"['Temporal resolution', 'Recurrent neural network', 'Gated recurrent unit', 'Time series', 'SWAT', 'Environmental impact']",,"The intention of this study is to address the effect of temporal resolution of input data on the prediction accuracy of deep learning algorithms. A popular watershed model Soil & Water Assessment Tool (SWAT) was used to generate time series of discharge and 9 water quality variables over different time intervals (i.e., 1, 2, 3, and 7 days) for three years (i.e., 2015-2017). We then assessed the performance of two deep learning algorithms, recurrent neural network (RNN) and gated recurrent unit (GRU), on those prepared data sets. Our finding showed that the prediction accuracy of the RNN algorithm increased progressively with the time resolution of input data from weekly data to daily data. The RNN also achieved its superior performance on the daily data, regardless of dependent variables. The only exception was the variable carbonaceous biochemical oxygen demand. When a comparison was made between those algorithms, the RNN algorithm was found to have slightly better accuracy than the GRU algorithm. Collectively, all these results revealed that the temporal resolution of input data was strongly responsible for changes in the performance of deep learning, specifically for those used in time series prediction."
단일 파노라마 입력의 실내 공간 레이아웃 복원 모델 경량화,2022,"['Room Layout Estimation', 'Neural Architecture Search', 'Lightweight Deep Learning', '.']",,.
DataPlatform as a Service(DPaaS)를 위한 분산 클라우드 기반의 딸기 생산량 최적화 예측 모델 선정에 관한 연구,2022,"['Distributed Cloud Computing', 'Data Platform', 'Modeling for Prediction and analysis', 'Data Learning', 'Optimization', 'Data Preprocessing', '분산 클라우드', '데이터 플랫폼', '예측 분석 모델링', '데이터 학습', '최적화', '데이터 전처리']","IoT 기기들의 발전으로 다양한 데이터가 수집되고 서비스가 제공되면서 데이터를 효율적으로 관리할 수 있는데이터 플랫폼이 요구된다. 이에 따라 데이터 플랫폼 연구들이 진행 중이지만, 실제 활용하기 위한 활성화 방안이필요하다. 본 논문에서는 DPaaS를 위한 분산 클라우드 기반의 데이터 플랫폼을 설계하며, 스마트팜 서비스 시나리오를 통해 데이터 플랫폼의 활용을 보인다. 구상한 시나리오는 딸기 생산량 예측 모델로 LSTM, convLSTM, GRU 알고리즘을 사용하여 비교 분석하였고, 실험 결과 LSTM 알고리즘의 RMSE 값이 0.6828로 최적의 알고리즘으로 선정하여 데이터 플랫폼 모델에 적용하였다. 향후 사용자 접근이 편리한 형태로 개선하여 데이터 플랫폼을활용하고자 하며, 이를 통해 데이터 플랫폼 뿐만 아니라 스마트팜 관련 연구에도 활용될 수 있기를 기대한다.","With the development of IoT devices and diverse of service based on various of data, a data platform that can efficiently manage data is required. Accordingly, existing work for data platform have been researched. It still need to method to boost utilization for using of data platform. In this paper, we design DPaaS based distributed cloud and demonstrate the utilization of the data platform through a smart farm service scenario.According to scenario we evaluate the using the LSTM, convLSTM, and GRU algorithms for prediction of strawberry production. As result of the experiments the RMSE value of the LSTM algorithm was 0.6828, which was selected as the optimal algorithm and applied to the learning model in DPaaS. In the future, we plan to utilize the data platform by improving for convenient user access. It is expected that DPaaS will be used not only data platform research but also related research for smart farm."
리뷰 데이터와 제품 정보를 이용한 멀티모달 감성분석,2022,"['감성분석', '멀티모달', '특성 추출', '인공 신경망', 'Sentiment Analysis', 'Multi-Modal', 'Feature Selection', 'Neural Network']","최근 의류 등의 특정 쇼핑몰의 온라인 시장이 크게 확대되면서, 사용자의 리뷰를 활용하는 것이 주요한 마케팅 방안이 되었다. 이를 이용한 감성분석에 대한 연구들도 많이 진행되고 있다. 감성분석은 사용자의 리뷰를 긍정과 부정 그리고 필요에 따라서 중립으로 분류하는 방법이다. 이 방법은 크게 머신러닝 기반의 감성분석과 사전기반의 감성분석으로 나눌 수 있다. 머신러닝 기반의 감성분석은 사용자의 리뷰 데이터와 그에 대응하는 감성 라벨을 이용해서 분류 모델을 학습하는 방법이다. 감성분석 분야의 연구가 발전하면서 리뷰와 함께 제공되는 이미지나 영상 데이터 등을 함께 고려하여 학습하는 멀티모달 방식의 모델들이 연구되고 있다.리뷰 데이터에서 제품의 카테고리와 사용자별로 사용되는 단어 등의 특징이 다르다. 따라서 본 논문에서는 리뷰데이터와 제품 정보를 동시에 고려하여 감성분석을 진행한다. 리뷰를 분류하는 모델로는 기본 순환신경망 구조에서 Gate 방식을 도입한 Gated Recurrent Unit(GRU), Long Short-Term Memory(LSTM) 그리고 Self Attention 기반의 Multi-head Attention 모델, Bidirectional Encoder Representation from Transformer(BERT)를 사용해서 각각 성능을 비교하였다. 제품 정보는 모두 동일한 Multi-Layer Perceptron(MLP) 모델을 이용하였다. 본 논문에서는 사용자 리뷰를 활용한 Baseline Classifier의 정보와 제품 정보를 활용한 MLP모델의 결과를 결합하는 방법을 제안하며 실제 데이터를 통해 성능의 우수함을 보인다.","Due to recent expansion of online market such as clothing, utilizing customer review has become a major marketing measure. User review has been used as a tool of analyzing sentiment of customers. Sentiment analysis can be largely classified with machine learning-based and lexicon-based method. Machine learning-based method is a learning classification model referring review and labels. As research of sentiment analysis has been developed, multi-modal models learned by images and video data in reviews has been studied. Characteristics of words in reviews are differentiated depending on products' and customers’ categories. In this paper, sentiment is analyzed via considering review data and metadata of products and users. Gated Recurrent Unit (GRU), Long Short-Term Memory(LSTM), Self Attention-based Multi-head Attention models and Bidirectional Encoder Representation from Transformer (BERT) are used in this study. Same Multi-Layer Perceptron (MLP) model is used upon every products information. This paper suggests a multi-modal sentiment analysis model that simultaneously considers user reviews and product meta-information."
단어그룹 확장 기법을 활용한 순환신경망 알고리즘 성능개선 연구,2022,"['AI', 'Chatbot', 'Deep Learning', 'Neural Network Algorithms', 'Recurrent Neural Network', '인공지능', '챗봇', '딥러닝', '인공신경망 알고리즘', '순환신경망']","최근 인공지능(AI)과 딥러닝 발전으로 대화형 인공지능 챗봇의 중요성이 부각되고 있으며 다양한 분야에서 연구가 진행되고 있다. 챗봇을 만들기 위해서 직접 개발해 사용하기도 하지만 개발의 용이성을 위해 오픈소스 플랫폼이나 상업용 플랫폼을 활용하여 개발한다. 이러한 챗봇 플랫폼은 주로 RNN (Recurrent Neural Network)과 응용 알고리즘을 사용하며, 빠른 학습속도와 모니터링 및 검증의 용이성 그리고 좋은 추론 성능의 장점을 가지고 있다. 본 논문에서는 RNN과 응용 알고리즘의 추론 성능 향상방법을 연구하였다. 제안 방법은 RNN과 응용 알고리즘 적용 시 각 문장에 대한 핵심단어의 단어그룹에 대해 확장학습을 통해 데이터에 내재된 의미를 넓히는 기법을 사용하였다. 본 연구의 결과는 순환구조를 갖는 RNN, GRU (Gated Recurrent Unit), LSTM (Long-short Term Memory) 세 알고리즘에서 최소 0.37%에서 최대 1.25% 추론 성능향상을 달성하였다. 본 연구를 통해 얻은 연구결과는 관련 산업에서 인공지능 챗봇 도입을 가속하고 다양한 RNN 응용 알고리즘을 활용하도록 하는데 기여할 수 있다. 향후 연구에서는 다양한 활성 함수들이 인공신경망 알고리즘의 성능 향상에 미치는 영향에 관한 연구가 필요할 것이다.","Recently, with the development of artificial intelligence (AI) and deep learning, the importance of conversational artificial intelligence chatbots is being highlighted. In addition, chatbot research is being conducted in various fields. To build a chatbot, it is developed using an open source platform or a commercial platform for ease of development. These chatbot platforms mainly use RNN and application algorithms. The RNN algorithm has the advantages of fast learning speed, ease of monitoring and verification, and good inference performance. In this paper, a method for improving the inference performance of RNNs and applied algorithms was studied. The proposed method used the word group expansion learning technique of key words for each sentence when RNN and applied algorithm were applied. As a result of this study, the RNN, GRU, and LSTM three algorithms with a cyclic structure achieved a minimum of 0.37% and a maximum of 1.25% inference performance improvement. The research results obtained through this study can accelerate the adoption of artificial intelligence chatbots in related industries. In addition, it can contribute to utilizing various RNN application algorithms. In future research, it will be necessary to study the effect of various activation functions on the performance improvement of artificial neural network algorithms."
기계학습 알고리즘을 이용한 스마트 온실 내부온도 예측 모델 개발 및 검증,2022,"['기계학습', '시계열 데이터', '시뮬레이션 모델', '인공지능', '자동화 온실', 'artificial intelligence', 'machine learning', 'simulation model', 'smart greenhouse', 'time series data']","본 연구는 데이터를 기반으로 한 인공지능 기계학습 기법을 활용하여 온실 내부온도 예측 시뮬레이션 모델을 개발을 수행 하였다. 온실 시스템의 내부온도 예측을 위해서 다양한 방법이 연구됐지만, 가외 변인으로 인하여 기존 시뮬레이션 분석 방법은 낮은 정밀도의 문제점을 지니고 있다. 이러한 한계점을 극복하기 위하여 최근 개발되고 있는 데이터 기반의 기계 학습을 활용하여 온실 내부온도 예측 모델 개발을 수행하였다. 기계학습모델은 데이터 수집, 특성 분석, 학습을 통하여 개발되며 매개변수와 학습방법에 따라 모델의 정확도가 크게 변화된다. 따라서 데이터 특성에 따른 최적의 모델 도출방법이 필요하다. 모델 개발 결과 숨은층 증가에 따라 모델 정확도가 상승하였으며 최종적으로 GRU 알고리즘과 숨은층 6에서 r2 0.9848과 RMSE 0.5857℃로 최적 모델이 도출되었다. 본 연구를 통하여 온실 외부 데이터를 활용하여 온실 내부온도 예측 모델 개발이 가능함을 검증하였으며, 추후 다양한 온실데이터에 적용 및 비교분석이 수행되어야 한다. 이후 한 단계 더 나아 가 기계학습모델 예측(predicted) 결과를 예보(forecasting)단계로 개선하기 위해서 데이터 시간 길이(sequence length)에 따른 특성 분석 및 계절별 기후변화와 작물에 따른 사례별로 개발 모델을 관리하는 등의 다양한 추가 연구가 수행되어야 한다.","This study developed simulation model for predicting the greenhouse interior environment using artificial intelligence machine learning techniques. Various methods have been studied to predict the internal environment of the greenhouse system. But the traditional simulation analysis method has a problem of low precision due to extraneous variables. In order to solve this problem, we developed a model for predicting the temperature inside the greenhouse using machine learning. Machine learning models are developed through data collection, characteristic analysis, and learning, and the accuracy of the model varies greatly depending on parameters and learning methods. Therefore, an optimal model derivation method according to data characteristics is required. As a result of the model development, the model accuracy increased as the parameters of the hidden unit increased. Optimal model was derived from the GRU algorithm and hidden unit 6 (r2 = 0.9848 and RMSE = 0.5857°C). Through this study, it was confirmed that it is possible to develop a predictive model for the temperature inside the greenhouse using data outside the greenhouse. In addition, it was confirmed that application and comparative analysis were necessary for various greenhouse data. It is necessary that research for development environmental control system by improving the developed model to the forecasting stage."
Electroencephalography-based imagined speech recognition using deep long short-term memory network,2022,"['brain–computer interface', 'deep learning', 'EEG', 'imagined speech recognition', 'long short term memory']",,"This article proposes a subject-independent application of brain–computer interfacing (BCI). A 32-channel Electroencephalography (EEG) device is used to measure imagined speech (SI) of four words (sos, stop, medicine, washroom) and one phrase (come-here) across 13 subjects. A deep long short-term memory (LSTM) network has been adopted to recognize the above signals in seven EEG frequency bands individually in nine major regions of the brain. The results show a maximum accuracy of 73.56% and a network prediction time (NPT) of 0.14 s which are superior to other state-of-the-art techniques in the literature. Our analysis reveals that the alpha band can recognize SI better than other EEG frequencies. To reinforce our findings, the above work has been compared by models based on the gated recurrent unit (GRU), convolutional neural network (CNN), and six conventional classifiers. The results show that the LSTM model has 46.86% more average accuracy in the alpha band and 74.54% less average NPT than CNN. The maximum accuracy of GRU was 8.34% less than the LSTM network. Deep networks performed better than traditional classifiers."
빅데이터 활용 의학·바이오 부문 사업화 가능 기술 연구,2022,"['LOGREG', 'RF', 'KNN', 'SVM', 'LSTM', 'GRU', 'TFIDF', 'Medical', 'Biotechnology', 'Word2vec', 'Big data', 'ICT', 'AI', 'AHP', 'Delphi', 'SCOPUS', 'BT', 'NCBI', 'Pubmed']",,"Conducting AI-based fusion business due to the increment of ICT fusion medical device has been expanded. In addition, AI-based medical devices help change existing medical system on treatment into the paradigm of customized treatment such as preliminary diagnosis and prevention. It will be generally promoted to the change of medical device industry. Although the current demand forecasting of medical biotechnology commercialization is based on the method of Delphi and AHP, there is a problem that it is difficult to have a generalization due to fluctuation results according to a pool of participants. Therefore, the purpose of the paper is to predict demand forecasting for identifying promising technology based on building up big data in medical biotechnology. The development method is to employ candidate technologies of keywords extracted from SCOPUS and to use word2vec for drawing analysis indicator, technological distance similarity, and recommended technological similarity of top-level items in order to achieve a reasonable result. In addition, the method builds up academic big data for 5 years (2016-2020) in order to commercialize technology excavation on demand perspective. Lastly, the paper employs global data studies in order to develop domestic and international demand for technology excavation in the medical biotechnology field."
Categorization of actions in soccer videos using a combination of transfer learning and Gated Recurrent Unit,2022,"['Convolutional Neural Network (CNN)', 'Gated Recurrent Unit (GRU)', 'RecurrenT Neural Network (RNN)', 'Transfer learning']",,"Extraction of knowledge from soccer videos has enormous applications like context-based advertisement, content-based video retrieval, match summarization, and highlight extraction. Overlapping soccer actions and uncontrolled video capturing conditions make it challenging to detect action accurately. For overcoming these problems, Convolutional Neural Network and Recurrent Neural Network are used jointly to classify different lengths of soccer actions. Initially, transfer learning from pre-trained VGG network extracts characteristic spatial features. Afterwards, Gated Recurrent Unit deals with temporal dependency and solves the vanishing gradient problem. Finally, softmax layer assigns decimal probabilities to each class. Experimental results demystify the significance of the proposed architecture."
재귀 신경망에 기반을 둔 트래픽 부하 예측을 이용한 적응적 안테나 뮤팅,2022,"['Power consumption', 'traffic load', 'prediction', 'recurrent neural network', 'antenna muting']",,"The reduction of energy consumption at the base station (BS) has become more important recently. In this paper, we consider the adaptive muting of the antennas based on the predicted future traffic load to reduce the energy consumption where the number of active antennas is adaptively adjusted according to the predicted future traffic load. Given that traffic load is sequential data, three different RNN structures, namely long-short term memory (LSTM), gated recurrent unit (GRU), and bidirectional LSTM (Bi-LSTM) are considered for the future traffic load prediction. Through the performance evaluation based on the actual traffic load collected from the Afghanistan telecom company, we confirm that the traffic load can be estimated accurately and the overall power consumption can also be reduced significantly using the antenna musing."
EMR 데이터를 활용한 욕창 발생 방지 및 데이터 처리 방법,2022,"['욕창', '시계열 데이터', '전자의무기록', '딥러닝', 'Pressure Ulcer', 'Time-series', 'EMR', 'Deep Learning']",,"This paper proposes a method of refining and processing time-series data using Medical Information Mart for Intensive Care (MIMIC-IV) v2.0 data. In addition, the significance of the processing method was validated through a machine learning-based pressure ulcer early warning system using a dataset processed based on the proposed method. The implemented system alerts medical staff in advance 12 and 24 hours before a lesion occurs. In conjunction with the Electronic Medical Record (EMR) system, it informs the medical staff of the risk of a patient's pressure ulcer development in real-time to support a clinical decision, and further, it enables the efficient allocation of medical resources. Among several machine learning models, the GRU model showed the best performance with AUROC of 0.831 for 12 hours and 0.822 for 24 hours."
네트워크 환경에서의 몰입형 상호작용을 위한 딥러닝 기반 그룹 동기화 기법,2022,[],"본 논문에서는 네트워크 환경에서 원격사용자들의 몰입형 상호작용을 위한 딥러닝 기반의 그룹 동기화 기법을 제안한다. 그룹 동기화의 목적은 사용자의 몰입감을 높이기 위해서 모든 참여자가 동시에 상호작용이 가능하게 하는 것이다. 기존 방법은 시간 정확도를 향상을 위해 대부분 NTP(Network Time Protocol) 기반의 시간 동기화 방식에 초점이 맞추어져 있다. 동기화 서버에서는 미디어 재생 시간을 제어하기 위해 이동 평균 필터를 사용한다. 그 한 예로서, 지수 가중평균 방법은 입력 데이터의 변화가 크지 않으면 정확하게 재생 시간을 추종하고 예측하나 네트워크, 코덱, 시스템 상태의 급격한 변화가 있을 때는 안정화를 위해 더 많이 시간이 필요하다. 이런 문제점을 개선하기 위해서 데이터의 특성을 반영할 수 있는 딥러닝 기반의 그룹 동기화 기법인 DeepGroupSync를 제안한다. 제안한 딥러닝 모델은 시계열의 재생 지연 시간을 이용하여 최적의 재생 시간을 예측하는 두 개의 GRU(gated recurrent unit) 계층과 하나의 완전 연결 계층으로 구성된다. 실험에서는 기존의 지수 가중평균 기반 방법과 제안한 DeepGroupSync 방법에 대한 성능을 평가한다. 실험 결과로부터 예상하지 못한 급격한 네트워크 조건 변화에 대해서 제안한 방법이 기존 방법보다 더 강건함을 볼 수 있다.",
스펙트로그램을 이용한 기계의 이상상태 탐지 모델,2022,"['Spectrogram', 'Machines', 'Abnormal', 'LSTM', 'Predictive Maintenance', 'CNN']",,"There are many methods for diagnosing abnormal conditions of machines. Among them we use a method using sound for detecting abnormalities of machines. Experimental data sets were collected at approximately 30 minutes intervals for 2 weeks. The collected data sets are converted into spectrogram images expressed by time, frequency and amplitude with a 5 second time step. In this paper, we propose a learning model created by combining Conv1D for image processing and LSTM for time series data processing to detect abnormal conditions of machines. The comparison test with the existing model combining CNN, Conv1D and GRU shows our method has a promising result."
TadGAN 기반 시계열 이상 탐지를 활용한 전처리 프로세스 연구,2022,"['Pre-processing Process', 'Time-series Anomaly Detection', 'TadGAN', 'Unsupervised Learning']",,"Purpose: The purpose of this study was to increase prediction accuracy for an anomaly interval identified using an artificial intelligence-based time series anomaly detection technique by establishing a pre-processing process. Methods: Significant variables were extracted by applying feature selection techniques, and anomalies were derived using the TadGAN time series anomaly detection algorithm. After applying machine learning and deep learning methodologies using normal section data (excluding anomaly sections), the explanatory power of the anomaly sections was demonstrated through performance comparison. Results: The results of the machine learning methodology, the performance was the best when SHAP and TadGAN were applied, and the results in the deep learning, the performance was excellent when Chi-square Test and TadGAN were applied. Comparing each performance with the papers applied with a Conventional methodology using the same data, it can be seen that the performance of the MLR was significantly improved to 15%, Random Forest to 24%, XGBoost to 30%, Lasso Regression to 73%, LSTM to 17% and GRU to 19%. Conclusion: Based on the proposed process, when detecting unsupervised learning anomalies of data that are not actually labeled in various fields such as cyber security, financial sector, behavior pattern field, SNS. It is expected to prove the accuracy and explanation of the anomaly detection section and improve the performance of the model."
의료 산업에 있어 현대인의 비대면 의학 상담에 대한 관심도 분석 기법,2022,[],,"This study aims to analyze the interest of modern people in non-face-to-face medical counseling in the medical industrys. Big data was collected on two social platforms, 지식인, a platform that allows experts to receive medical counseling, and YouTube. In addition to the top five keywords of telephone counseling, ""internal medicine"", ""general medicine"", ""department of neurology"", ""department of mental health"", and ""pediatrics"", a data set was built from each platform with a total of eight search terms: ""specialist"", ""medical counseling"", and ""health information"". Afterwards, pre-processing processes such as morpheme classification, disease extraction, and normalization were performed based on the crawled data. Data was visualized with word clouds, broken line graphs, quarterly graphs, and bar graphs by disease frequency based on word frequency. An emotional classification model was constructed only for YouTube data, and the performance of GRU and BERT-based models was compared."
수어 동작 키포인트 중심의 시공간적 정보를 강화한 Sign2Gloss2Text 기반의 수어 번역,2022,"['Deep Learning', 'Sign Language Translation', 'Human Pose Estimation', 'Keypoints', 'Sign2Gloss2Text', 'Transformer', 'Spatial-temporal Structure Information']",,"Sign language has completely different meaning depending on the direction of the hand or the change of facial expression even with the same gesture. In this respect, it is crucial to capture the spatial-temporal structure information of each movement. However, sign language translation studies based on Sign2Gloss2Text only convey comprehensive spatial-temporal information about the entire sign language movement. Consequently, detailed information (facial expression, gestures, and etc.) of each movement that is important for sign language translation is not emphasized. Accordingly, in this paper, we propose Spatial-temporal Keypoints Centered Sign2Gloss2Text Translation, named STKC-Sign2 Gloss2Text, to supplement the sequential and semantic information of keypoints which are the core of recognizing and translating sign language. STKC-Sign2Gloss2Text consists of two steps, Spatial Keypoints Embedding, which extracts 121 major keypoints from each image, and Temporal Keypoints Embedding, which emphasizes sequential information using Bi-GRU for extracted keypoints of sign language. The proposed model outperformed all Bilingual Evaluation Understudy(BLEU) scores in Development(DEV) and Testing(TEST) than Sign2Gloss2Text as the baseline, and in particular, it proved the effectiveness of the proposed methodology by achieving 23.19, an improvement of 1.87 based on TEST BLEU-4."
