title,date,keywords,abstract,multilingual_abstract
순환신경망 기반 저가형 뇌파 분류기를 이용한 생체신호 인터페이스 연구,2024,"['Biosignal Processing', 'Deep Learning', 'Recurrent Neural Network', 'Classification']",,
순환신경망을 이용한 역모델 기반의 DC모터 전류 제어,2024,"['Recurrent Neural Network', 'Inverse model', 'DC motor', 'current control', 'microcontroller', '.']",,"This paper presents a method for microcontrollers control using a recurrent neural network-based inverse model. Limited computational power in microcontrollers makes applying complex neural network structures challenging. We use the Elman network with a simple structure as an inverse model to address this issue. Elman network was used to model nonlinear control systems. The proposed method constructs a recurrent neural network-based inverse model in parallel to enhance the performance of the PID controller. The recurrent neural network uses the output generated by the PID controller as the past control input and compensates for the control inputs generated by the PID controller. We applied the proposed controller to a DC motor current control system and compared its performance with the PID controller that uses a deep neural network as an inverse model. We evaluated the control performance by applying a sine wave. The results show that the proposed controller has better tracking performance at 1, 3, and 5 Hz than the other controllers."
유한요소해석과 순환신경망을 활용한 하중 예측,2024,"['Recurrent Neural Network', 'Finite Element Analysis', 'Crawler Crane', 'Load Detection']",,"Artificial Neural Networks that enabled Artificial Intelligence are being used in many fields.  However,  the  application  to  mechanical  structures  has  several  problems  and research is incomplete. One of the problems is that it is difficult to secure a large amount  of  data  necessary  for  learning  Artificial  Neural  Networks.  In  particular,  it  is important  to  detect  and  recognize  external  forces  and  forces  for  safety  working  and accident  prevention  of  mechanical  structures.  This  study  examined  the  possibility  by applying the Current Neural Network of Artificial Neural Networks to detect and recognize the load on the machine. Tens of thousands of data are required for general learning  of  Recurrent  Neural  Networks,  and  to  secure  large  amounts  of  data,  this paper  derives  load  data  from  ANSYS  structural  analysis  results  and  applies  a  stacked auto-encoder  technique  to  secure  the  amount  of  data  that  can  be  learned.  The usefulness of Stacked Auto-Encoder data was examined by comparing Stacked Auto-Encoder  data  and  ANSYS  data.  In  addition,  in  order  to  improve  the  accuracy  of detection  and  recognition  of  load  data  with  a  Recurrent  Neural  Network,  the  optimal conditions are proposed by investigating the effects of related functions."
표면 근전도활용 순환 신경망을 이용한 보행 단계 인식,2024,"['Gait Phase Recognition', 'Surface Electromyography', 'Exoskeleton', 'Wearable Sensor', '보행 단계 인식', '표면 근전도', '외골격 로봇', '착용형 센서']","표면근전도는 외골격로봇에서 인간의 움직임 의도를 감지하는데 사용될 수 있으며, 인간이 보행할 때의 보행 단계는 하지 외골격을 제어하기 위한 요소이다. 보행 단계는 지면반력을 측정해 구분할 수 있지만, 이 센서를 외골격에 직접 사용하면 부자연스러운 움직임이 발생할 수 있고, 부피도 커진다. 근전도는 움직임 이전에 근육 활성화를 감지할 수 있다는 장점이 있지만 잡음과 시간 변동성으로 인해 직접 사용하기가 어렵다. 본 연구에서는 지면반력 정보를 사용하지 않고 근전도의 시계열 특성과 순환 신경망을 사용하여 걷기의 보행 단계를 감지하였다. 보행 주기는 실제 보행 동작이 발생하기 10 ms 전에 근전도를 통해 90% 정확도로 추정하였다. 이 연구를 통해 지면반력 센서 없이도 보행 단계를 추정할 수 있음을 보여주었으며, 이는 하지 외골격 로봇 연구에서 시스템 구조를 단순화하고, 제어를 안정화하는데 도움이 될 것으로 기대한다.","This study focused on the recognition of gait phases using surface electromyography (sEMG) and a recurrent neural network (RNN). The goal was to enhance the performance of lower-limb exoskeletons, which assist in walking, by detecting human movement intent. Traditionally, ground reaction force (GRF) sensors have been used for gait phase detection; however, these sensors can cause issues with bulky designs and unnatural movement. Surface electromyography offers an advantage by detecting muscle activation before movement occurs, though it faces challenges such as noise and time variability. In this study, an RNN was applied to time-series sEMG data to predict gait phases without using GRF sensors. The model achieved a 90% accuracy in predicting gait phases 10 ms before the actual movement. This approach demonstrates that sEMG can serve as an alternative to GRF sensors, simplifying exoskeleton system designs and improving control stability. The findings suggest that using sEMG and RNNs can significantly enhance the functionality of wearable robotic systems aimed at assisting walking."
해양 선박 발전기 데이터를 이용한 순환 신경망 적용 방안 연구,2024,"['해양', '선박', '발전기', '최적화', '순환신경망', 'Marine', 'Ship', 'Generator', 'Optimization', 'Recurrent Neural Network']",,"The need for condition monitoring, diagnostics, and predictive technologies has become increasingly prominent to ensure the stable operational performance of ships, detect anomalies based on core equipment data of engine systems, and improve efficiency in fault prevention and operational management. However, traditional ship fault monitoring systems use alarm monitoring systems (AMS) that alert when the set points are exceeded or not met, but such fault diagnosis systems cannot predict anomalies in advance. Therefore, this study analyzes public data of ship generators based on recurrent neural networks (RNN) and evaluates the appropriateness and performance of the models according to different optimizers. By assessing the predictive capabilities in a maritime environment and analyzing each model, the study aims to verify the reliability of the appropriate models. This is expected to significantly reduce the cost and time compared to the previous methods of periodic preventive maintenance or repairs after a fault occurs, thereby increasing the efficiency of ship operations."
합성곱 순환 신경망 모델을 이용한 의사 레이블링 기법 기반  능동소나 표적 식별 약지도 딥러닝 알고리즘 연구,2024,"['능동소나', '표적 식별', '약지도 학습', '합성곱 순환 신경망', '의사 레이블링', 'Active sonar', 'Target recognition', 'Weakly-supervised learning', 'Conventional Recurrent Neural Network (CRNN)', 'Pseudo labeling']","본 논문은 음향 신호처리에 널리 사용되는 합성곱 순환 신경망(Convolutional Recurrent Neural Network, CRNN) 모델을 기반으로 의사 레이블링 기법을 적용하여 소량 및 불균형 능동소나 데이터를 효과적으로 활용할 수 있 는 능동소나 표적 식별을 위한 약지도 딥러닝 알고리즘을 제안한다. 두 가지의 서로 다른 신호대잡음비와 클러터 환경을 가정하여 생성한 능동소나 시뮬레이션 데이터를 학습 및 테스트 과정에 사용하였으며, 시뮬레이션 데이터에 단시간 푸 리에 변환(Short Time Fourier Transform, STFT)을 적용하여 얻은 스펙트로그램을 알고리즘 학습을 위한 특징 인자 로 사용하였다. 본 논문에서 제안하는 알고리즘은 학습 데이터와 무관한 테스트 데이터를 사용하여 표적과 비표적 F1 점수를 지표로 성능을 평가하였으며, 그 결과 합성곱 순환 신경망 모델이 일반적인 음향 신호 처리뿐만 아니라 능동소나 표적 식별에서도 유의미한 성능을 보이는 것을 확인하였다. 또한 의사 레이블링 기법이 합성곱 순환 신경망 모델을 이용 한 능동소나 표적 식별 알고리즘의 성능 개선에 도움을 주는 것을 확인할 수 있었다.","In this paper, we proposed the weakly-supervised deep learning algorithm for active sonar target recognition based on pseudo labeling using Conventional Recurrent Neural Network (CRNN) model widely used for acoustic signal processing because it can effectively utilize small and unbalanced active sonar data. Active sonar simulation data assuming two different SNRs and clutter environments were used in the training and testing process, and spectrogram obtained by applying Short Time Fourier Transform (STFT) to the simulation data was used as a feature factor for algorithm training. The algorithm proposed in this paper was evaluated based on the target and nontarget F1-score using test data independent of training data. As a result, it was confirmed that the CRNN model showed significant performance not only in typical acoustic signal processing but also active sonar target recognition. Also, pseudo-labeling helps to improve the performance of the active sonar target recognition algorithm used the CRNN model."
포항 현장자료 적용을 위한 순환 신경망 기반 해수면 기인 다중반사파 억제 알고리즘 개발,2024,"['Deep-Learning', 'Recurrent Neural Network', 'Surface-Related Multiple', 'Fractional Fourier Transform', '딥러닝', '순환 신경망', '해수면 기인 다중반사파', '분수 푸리에 변환']","해양 탄성파 탐사에서 해수면 기인 다중반사파는 실제 지층에 없는 경계면을 생성하여 지질학적 해석을 방해하므로 제거가 필수적이다. 기존의 다중반사파 제거 기법과 탄성파탐사 자료처리 소프트웨어를 적용하는 경우, 물리적 특성에 기반하여 탐사환경에 따라 적용 효과가 달라지거나 자료처리 변수에 민감한 영향을 받는다는 한계점이 있다. 본 연구에서는 잡음 억제 및 신호 분류에서 우수한 성능을 보이는 순환 신경망 기반의 stacked BiLSTM 네트워크와 분수 푸리에 변환을 적용하여 해수면 기인 다중반사파를 억제하였다. 또한, 분수 푸리에 변환의 회전 각도 범위에 따른 학습 결과를 분석하고, 평균 제곱근 오차와 최대 신호 대 잡음비를 통해 최적의 회전 각도를 설정하였다. 최적화된 네트워크를 포항 현장자료에 적용하여 탄성파탐사 자료처리소프트웨어 결과와 비교한 결과, 현장자료 적용 가능성을 검증하였다","In marine seismic exploration, surface-related multiples create artificial boundaries that hinder accurate geological interpretation, making their removal essential. Conventional multiple removal methods and seismic processing software vary in effectiveness based on physical properties and are sensitive to parameter settings. Thus, this study applied a stacked bidirectional long short-term memory (BiLSTM) model, known for its high performance in seismic noise suppression and signal classification, along with the fractional Fourier transform to attenuate surface-related multiples. The study also analyzed training results based on the range of rotation angles in the fractional Fourier transform (FrFT), and select the optimal angle using root mean squared error and peak signal-to-noise ratio. The optimized network was applied to field data from Pohang, and its performance was compared with seismic processing software, confirming its effectiveness and practical applicability for field data."
로봇 매니퓰레이터의 동적 모델 학습을 위한 순환 신경망 기반 학습 과정,2024,"['Learned Dynamic Models', 'Closed-Loop Control Systems', 'Recurrence Neural Networks', 'Robot Manipulators']",,
순환여과식 양식장 해수 열원 히트펌프 시스템의   전력 소비량 예측을 위한 인공 신경망 모델,2024,"['순환 여과식 시스템', '인공 신경망', '히트펌프 시스템', '베이지안 최적화', '전력 소비량 예측', 'Recirculating aquaculture system', 'Artificial neural network', 'Heat pump system', 'Bayesian optimization', 'Power consumption  prediction']","본 연구에서는 순환여과식 시스템의 해수 열원 히트펌프의 전력 소비량 예측을 위한 인공신경망(ANN) 모델의 적용을 다룬다. 히트펌프 시스템을 적용한 순환여과식 시스템의 전력 소비량 예측을 위한 ANN 모형의 입출력 자료를 얻기 위해 TRNSYS 프로그램을 이용하여 통합 동적 시뮬레이션 모델을 구축하였다. TRNSYS 프로그램에서 얻은 자료는 선형회귀분석을 이용하여 분석한 후, 정규화를 통해 ANN 모델에 필요한 최적의 데이터로 변환하였다. ANN 기반의 전력 소비량 예측 모델을 최적화하기 위해 베이지안 최적화를 이용하여 ANN의 하이퍼 파라미터를 결정하였다. 하이퍼 파라미터가 최적화된 ANN 모델의 예측 결과는 ASHRAE 기준을 충족하며 예측 정확도가 매우 높음을 확인하였다.","This study deals with the application of an artificial neural network (ANN) model to predict power consumption for utilizing seawater source heat pumps of recirculating aquaculture system. An integrated dynamic simulation model was constructed using  the  TRNSYS  program  to  obtain  input  and  output  data  for  the  ANN  model  to  predict  the  power  consumption  of the recirculating aquaculture system with a heat pump system. Data obtained from the TRNSYS program were analyzed using linear regression, and converted into optimal data necessary for the ANN model through normalization. To optimize the ANN-based power consumption prediction model, the hyper parameters of ANN were determined using the Bayesian optimization. ANN simulation results showed that ANN models with optimized hyper parameters exhibited acceptably high predictive  accuracy  conforming  to  ASHRAE  standards."
인공 신경망 학습 기반 해양 구조물 내구성 열화 인자 예측 연구,2024,[],,
어텐션 기반의 설명가능한 신경망을 사용한 충격파 예측,2024,"['Airfoil', 'Attention mechanism', 'Recurrent neural network', 'Explainable artificial intelligence (XAI)', '익형', '주의 메커니즘', '순환신경망', '설명가능한 인공지능']",,"As artificial intelligence (AI) technology gains popularity, interest in using AI as a new method is also growing in the field of aerodynamics. However, AI models based on deep neural networks have the drawback of being difficult to understand in terms of their internal mechanisms. Consequently, there has been an increase in attempts to interpret AI models using explainable artificial intelligence (XAI) technique. This study focuses on ensuring the reliability of AI models when applied to aerodynamic problems. To achieve this, attention-based XAI was utilized to predict shock waves on airfoils. Also, to enhance the fidelity and stability of the attention mechanism, multi-head attention method using attention in parallel was employed. Additionally, a new metrices based on entropy were proposed to evaluate the fidelity and stability of XAI. This demonstrated that the application of multi-head attention improved the performance of XAI."
LSTM 딥러닝 신경망 모델을 이용한 풍력발전단지 풍속 오차에 따른 출력 예측 민감도 분석,2024,"['LSTM', 'Recurrent neural network', 'Power prediction', 'Wind farm', 'Wind turbine', 'Wind speed error', '장기 단기 기억', '순환 신경망', '출력 예측', '풍력발전단지', '풍력터빈', '풍속 오차']",,"This research is a comprehensive analysis of wind power prediction sensitivity using a Long Short-Term Memory (LSTM) deep learning neural network model, accounting for the inherent uncertainties in wind speed estimation. Utilizing a year's worth of operational data from an operational wind farm, the study forecasts the power output of both individual wind turbines and the farm collectively. Predictions were made daily at intervals of 10 minutes and 1 hour over a span of three months. The model's forecast accuracy was evaluated by comparing the root mean square error (RMSE), normalized RMSE (NRMSE), and correlation coefficients with actual power output data. Moreover, the research investigated how inaccuracies in wind speed inputs affect the power prediction sensitivity of the model. By simulating wind speed errors within a normal distribution range of 1% to 15%, the study analyzed their influence on the accuracy of power predictions. This investigation provided insights into the required wind speed prediction error rate to achieve an 8% power prediction error threshold, meeting the incentive standards for forecasting systems in renewable energy generation."
LSTM 네트워크를 이용한 세토카 가격 예측,2024,"['딥러닝', '순환신경망', '인공지능', '장기 의존성', 'artificial intelligence', 'deep learning', 'long-term dependency', 'recurrent neural network']","농산물 가격 예측은 시장의 수급 조절 결정에 큰 영향을 미친다. 본 연구의 목적은 세토까를 대상으로 9개 도매시장에서 거래되는 평균 가격 시계열 데이터를 사용하여 LSTM 네트워크 구조의 인공신경망을 학습시키고 이후 기간의 평균 가격을 예측하는 데 적합한 구조를 결정하는 것이다. 2007년부터 2021년 1월까지 1,836개의 데이터를 사용하여 세토까의 3kg 단위 평균 가격을 분석하였다. 인공신경망의 학습에는 전체 데이터 중 80%가 사용되었으며, 학습된 인공신경망의 테스트에는 전체 데이터 중 20%를 사용하였다. 최적의 LSTM 네트워크 구조를 결정하기 위해 학습 반복 횟수와 배치 크기를 변화시키며 학습 결과의 정확도를 확인하였다. 최적의 LSTM 네트워크 구조는 학습 반복 횟수 500회와 배치 크기 128개로 결정되었다. 학습 데이터 구간 이후 1달 동안의 세토까 가격을 예측한 결과, 15일 전까지의 예측값은 실제 세토까 가격에 비해 낮게 추정되었으며, 24일에 가장 높은 예측 정확도가 나타났다. 또한, 15일부터 예측 정확도가 높게 나타났다. 인공신경망을 기반으로 하는 세토까 가격 예측은 농산물 가격 동향 및 정부 정책 수립, 그리고 소비자들의 요구에도 유용한 정보로 활용될 수 있을 것이다.","Predicting agricultural product prices has a significant impact on determining market supply and demand. The purpose of this study is to use time-series data of average prices of ‘Setoka’ citrus traded in 9 wholesale markets and train an artificial neural network with an LSTM network structure to determine a suitable structure for predicting average prices for a given time period. The analysis focused on the average price of 3 kg of ‘Setoka's’ agricultural products from 2007 to January 2021, using 1,836 data points. 80% of the data was used for training the neural network, and 20% was used for testing. To determine the optimal LSTM network structure, the training iteration and batch size were varied to evaluate the accuracy of the training results. The optimal LSTM network structure was determined to be 500 training iterations and a batch size of 128. When predicting the price of ‘Setoka’ for the next month after the training data period, the predicted values were lower than the actual prices until 15 days prior, and the highest prediction accuracy was achieved on the 24th day. Moreover, the prediction accuracy was high from 15 days prior. Using an artificial neural network for ‘Setoka’ price prediction based on historical data can provide useful information for monitoring agricultural price trends, informing government policy decisions, and meeting consumer demands."
음향기반 교통사고 검지를 위한 딥러닝 모델 연구,2024,"['Traffic', 'Accident', 'Acoustic', 'Artificial Intelligent', 'DNN', 'CNN', 'RNN', '교통', '사고', '음향', '인공지능', '심층신경망', '합성곱신경망', '순환신경망']","C-ITS(Cooperative-Intelligent Transport Systems) 및 자율주행 환경에서 교통사고와 같은 돌발상황의 신속한 검지가 중요해짐에 따라, 최근에는 이를 위한 다양한 시스템 개발과 관련된 연구가 활발히 진행되고 있다. 본 연구는 기존의 영상 및 레이더 기반 검지 방식의 한계를 극복하기 위해 음향 정보를 이용한 교통사고 검지 기술을 개발하는 것을 목표로 한다. 구체적으로, 교통사고 시 발생하는 음향 데이터를 수집하고, 이를 통해 충돌 및 급제동과 같은 특징을 추출하였다. 추출된 음향 데이터를 바탕으로DNN, CNN, RNN의 딥러닝 모델을 학습시켜 각 모델을 통해 사고 패턴을 검지하는 방법을 연구하였다. 이후, 학습된 모델들의 검지 결과를 비교 분석하여 음향 패턴을 검지하는 데 가장 적합한 알고리즘 모델을 선정하였다. 최적의 알고리즘을 적용하여 음향기반 자동 사고 검지 시스템을 개발하였으며, 이 시스템은 교통사고를 신속하고 정확하게 판별할 수 있다. 본 연구는 딥러닝 알고리즘과 음향 특징 추출 기술을 통해 정확한 교통사고 검지를 가능하게 하여 교통 안전 향상에 기여할 수 있을 것으로 기대된다.","In the context of C-ITS and autonomous driving, rapid detection of traffic incidents is crucial. This research addresses the limitations of traditional methods such as imaging and radar by developing a technology that utilizes acoustic information for incident detection. Specifically, we analyzed acoustic data to extract features and trained deep learning models—DNN, CNN, and RNN—to identify patterns associated with crash and skid. Through comparative analysis of the models' detection results, we identified the optimal algorithm for acoustic pattern recognition. This study demonstrates the potential of advanced deep learning algorithms and acoustic feature extraction in enhancing automated accident detection systems."
이미지 생성을 통한 트랜스포머 기반 헤드 모션 예측 알고리즘,2024,"['사이버 멀미', '가상현실', '렌더링', '인공지능', 'cyber sickness', 'virtual reality', 'rendering', 'AI']","모션 투 포톤 지연은 헤드 마운트 디스플레이 기반 가상현실에서 사용자의 움직임과 영상 출력의 시차로 인한 사이버 멀미 같은 불편감을 줄 수 있고, 이러한 불편함이 지속되면 사용자의 몰입감을 방해할 수 있다. 기존의 모션 투 포톤 지연을 줄이는 방식은 직접 헤드 모션 데이터의 경향성을 파악하거나, 순환신경망 모델을 통해 헤드 모션을 예측하지만, 기존의 순환신경망 모델은 시퀀스 정보를 오랜 시간 동안 기억하지 못하는 장기 의존성 문제와 병렬 처리의 제약이 존재한다. 본 논문은 트랜스포머 기반 헤드 모션 예측 모델을 이용하여 이전의 영상 프레임의 데이터를 통해 이후의 프레임을 예측하는 기법을 제안한다. 본 논문에서는 이미지 생성모델을 통해 디코딩 과정에서도 이미지를 사용한다는 점과 자연어처리에서 사용되던 딥러닝 모델을 예측 모델로 사용함에 있어서 높은 확장성을 가진다. 또한 본 연구에서 제안한 모델은 데이터를 추가로 사용하여 기존 모델보다 사용자의 헤드 모션을 잘 예측함을 알 수 있다.","Motion-to-photon latency in virtual reality based on head-mounted display can cause discomfort such as cyber sickness due to a lag between a user's physical movement and the image output, potentially disrupting users’ immersion. Traditional methods to reduce this latency involve manually analyzing head motion trends or predicting head motion with recurrent neural networks. However, these models faced long-term dependency issues in remembering information over sequences and limitations in parallel processing. In this paper, images are also used in the decoding process through an image generation model. A deep learning model used in natural language processing is highly scalable when using it as a prediction model. Accordingly, the model proposed in this study could use additional data to predict the user’s head motion and thereby, outperforms the existing models."
딥러닝을 활용한 실시간 GRDP 예측 모형 개발,2024,"['지역내총생산', '게이트순환유닛', '자기회귀 혼합데이터샘플링모형', '장단기기억', 'AutoRegressive Mixed Data Sampling Model', 'Gated Recurrent Unit', 'Gross Regional Domestic Product', 'Long Short Term Memory']","본 연구는 지역 경제 예측 모형의 적시성을 제고시키는 것을 목적으로 한다. 이를 위해 비정형 데이터인 지역 경제 뉴스를 활용하는 텍스트 마이닝과 기계학습 방법론을 활용한다. GDP와 관련해서는 이미 임상수⋅최항석(2023)이 예측의 적시성을 제고시키기 위해 실시간 예측 모형을 개발했으며, 본 연구는 이렇게 개발된 연구를 바탕으로 GRDP를 예측하고자 한다. 이를 위해 신경망분석 중 하나인 장단기기억 알고리즘과 게이트순환유닛 알고리즘, 그리고 자기회귀 혼합데이터샘플링모형을 분석 방법을 활용한다. 또한 비정형 데이터인 경제 뉴스를 정량화하기 위해 TF 가중 방법인 TF-IDF 방법론을 활용한다. 이와 함께 예측력을 제고시키기 위해 훈련 데이터를 바탕으로 모형별로 예측력이 가장 높은 모형을 선정하고, 이들 모형에 실험 데이터를 적용하여 적절한 모형을 선정했다. 예측력을 바탕으로 적합한 모형을 선정하기 위한 기준으로 RMSE와 MAE 통계량을 활용했다. 분석 결과, 16개 시도별로 적합한 모형은 다른 것으로 나타났고, 이는 시도별로 GRDP를 설명하는 요인들과 특성이 다르기 때문이다. 이처럼 본 연구는 딥러닝을 활용하여 예측의 적시성을 제고시키는 예측 모형을 16개 시도별 GRDP에 적용 가능성을 검토했다는 점에서 의의가 있다.","This paper is trying to improve the timeliness of regional economic forecast models. Text mining and machine learning methodologies that utilize local economic news, which is unstructured data, are used to do this. This study seeks to predict GRDP based on the research methodology for GDP foresting by Lim and Choi(2023). For this purpose, analysis methods such as LSTM(long-short-term memory) algorithm, GRU(gate recurrent unit) algorithm, and autoregressive mixed data sampling model, which are types of neural network analysis, are utilized. Additionally, the TF-IDF methodology, a TF weighting method, is used to quantify economic news, which is unstructured data. In addition, in order to improve predictive power, the model with the highest predictive power was selected for each model based on the training data, and the test data was applied to these models to select an appropriate model. RMSE and MAE statistics were used as criteria for selecting an appropriate model based on predictive power. As a result of the analysis, the appropriate model for each of the 16 major cities and provinces was found to be different, and this is because the factors and characteristics explaining GRDP are different for each city and province. As such, this study is significant in that it examined the applicability of a prediction model that uses deep learning to improve the timeliness of predictions to the GRDP of each of the 16 cities and provinces."
SEMD 분해 및 LSTM 모델을 활용한 제조업 업황실적 예측 모델 구축 및 영향 요인 분석,2024,"['제조업', '업황실적', '순환신경망', 'SEMD 분해', 'NMIFS-HHO', 'Manufacturing', 'Condition BSI', 'Recurrent Neural Networks', 'SEMD', 'NMIFS-HHO algorithm']",,"With the recent COVID-19 pandemic, uncertainty has been substantially increased regarding the conditions on manufacturing industry. This research focused on directly or indirectly contributing to the establishments of policies which can be linked to reducing the underlying uncertainties among manufacturing industries by constructing a deep-learning based manufacturing BSI prediction model, while extracting information and marginal contributions of factors related to manufacturing condition BSI under certain time lag. This research used factor selection methods based on SEMD decomposition and NMIFS-HHO algorithms to extract a set of highly relevant covariates, while supervising a LSTM layer based RNN model, which led to the construction of a deep learning model capable of predicting manufacturing condition BSIs with high accuracy. Results show that the considered model can return accurate predictions with extremely low errors, with covariates such as long-term signal(IMF) with a 3 to 4 year period, composite index, and government rate being found important in terms of marginal contributions for prediction using SHAP analysis."
사용자가 정의한 손 제스처 인식 기반의 윈도우 사용자 인터페이스 설계 및 구현,2024,"['Mediapipe Hand Landmark 모델', '순환신경망', '사용자 정의', '손 제스처 인식', '윈도우 사용자 인터페이스', 'Mediapipe Hand Landmark Model', 'Recurrent Neural Network', 'User-Defined', 'Hand Gesture Recognition', 'Windows User Interface']",,"In this study, we propose a Windows user interface system enabling users to input data and control the computer through self-defined hand gestures. The system is based on a gesture classification model that is trained using Googles Mediapipe Hand Landmark model and a recurrent neural network. The proposed system consists of gesture recognition and Window control modules. The gesture signals inferred by the gesture recognition module are transmitted to the Window control module to perform predefined keyboard or mouse inputs. The gesture classification model is evaluated can correctly classify the learned gestures. The proposed system is applied to the Windows operating system, and it is confirmed that users can input data and control the computer using the self-defined gestures."
시계열 데이터 활용에 관한 동향 연구,2024,"['데이터', '시계열 데이터', '머신러닝', '순환신경망', 'LSTM', 'Data', 'Time Series Data', 'Machine Learning', 'Recurrent Neural Network', 'LSTM']",,
대체연료를 사용하는 시멘트 킬른 온도와 전류 사용량 예측,2024,"['대체연료', '시멘트 소성 공정', '심층 신경망', '설명가능 인공지능', 'Alternative Fuels', 'Cement Rotary Kiln Process', 'DNN (Deep Neural Network)', 'XAI (Explainable AI)']","최근 시멘트 산업은 다양한 가연성 폐자원을 소성 공정의 대체연료로 재사용하고 있다. 폐합성수지와 같은 폐기물 고형연료(RDF, Refuse-Derived Fuel)를 사용하면 천연자원인 유연탄 사용량을 절감할 수 있고, 이산화탄소(CO2), 질소산화물(NOx) 등 대기 오염 물질의 발생량 또한 저감할 수 있다는 장점이 있다. 특히, 폐기물을 매립하지 않고 고온의 킬른에서 대기오염물질 발생 없이 소각할 수 있기 때문에 폐기물 처리 문제를 해결하고 자원순환에 기여할 수 있다. 본 연구는 인공지능 기반 예측 모델과 설명가능 인공지능을 결합하여 대체연료를 사용하는 시멘트 소성 공정의 불안정한 킬른 온도와 모터 전류를 예측하는 기술을 개발하였다. 국내 시멘트 소성 공정 데이터에적합한 인공 신경망을 설계하였으며, 설명가능 인공지능을 통해 보다 정확한 예측 결과를 도출할 수 있고, 예측 결과에 대한 근거를 제공할 수 있다.","The cement industry has been increasingly reusing combustible waste materials as alternative fuels in the calcination process.Refuse-derived fuels (RDF), including waste synthetic resins, offer a sustainable solution by reducing reliance on natural resources like bituminous coal and lowering emissions of air pollutants such as carbon dioxide (CO2) and nitrogen oxides (NOx). This practice is particularly advantageous because high-temperature kilns can incinerate waste without releasing additional air pollutants, thus addressing waste disposal challenges and promoting resource circulation. In this study, we developed a novel technology that integrates artificial intelligence (AI)-based prediction models with explainable AI to predict unstable kiln temperatures and motor currents in cement calcination processes using alternative fuels. We designed an artificial neural network customized for domestic cement calcination process data, enabling more accurate predictions through explainable AI, while providing justifications for the prediction results."
딥러닝과 해양환경 연속관측자료를 활용한 저층 용존산소 시간 변동 예측,2024,"['빈산소', '양식장', '저층 용존산소', '딥러닝', '예측', 'Hypoxia', 'Aquaculture', 'Bottom dissolved oxygen', 'Deep learning', 'Prediction']","최근 빈산소수괴의 규모와 빈도가 지속적으로증가하고 있어 양식생물 집단폐사 등 수산업에 심각한 경제적 피해를 발생시키고 있다. 양식 현장에서 빈산소수괴로 인한 피해를 최소화하기 위해서는 빈산소수괴발생 시기를 사전에예측하여 조기 대응할 수 있는 예측모델 구축이 필요하다. 본 연구에서는 딥러닝기반 시계열 예측에특화된 순환신경망 모델 중 Long Short-Term Memory(LSTM), Gate Recurrent Unit(GRU)과합성곱 신경망인 1-Dimension Convolution Neural Network(1D-CNN)을 활용하여 저층용존산소의 변동을 예측한 후 모델별로 성능을 평가하였다. 딥러닝모델의 입력자료는 당동만 해역에서 2019년부터 2022년 사이에 연속 관측된 층별 해양환경자료를 사용하였다. 2019년과2021년 자료는 모델의학습 및 검증자료로사용하였고 2022년 자료를 예측하여 관측자료와비교·검증하였다. 모델의예측 정확도에 영향을 미치는 최적의 입력자료와 매개변수를 선정하기위해 Pearson 상관관계와 Mutual Information(MI) 분석, 시행착오법을 수행하였다. 그 결과 GRU 모델과 1D-CNN 모델의 성능이 LSTM 모델보다 성능이 우수한 것으로 나타났다. 예측선행시간이 증가할수록LSTM 모델의 단주기 변동 패턴의 재현성이 감소하였는데, 이는 각모델 간 구조에 기인한 결과로 나타났다. 본 연구를 통해시계열 예측에 딥러닝 모델을 적용할 경우 데이터 특성을 반영한 모델을 활용해야 함을 알 수 있었다. 향후 신뢰성 있는 양질의 입력자료 확보와 매개변수 조정을 통해 모델의 예측 오차를 줄일 경우 향상된 예측 정확도와 48시간 이상의 예측시간을 확보할 수 있을것으로 판단된다.","In recent years, the scale and frequency of hypoxia events have continued to increase, causing serious economic damage to the fishery industry, including mass mortality of aquaculture organisms. In order to minimize the damage caused by hypoxia in aquaculture, it is necessary to build a prediction model that can predict the timing of hypoxia in advance and respond to it early. In this study, recurrent neural network models specialized in time series prediction, Long Short-Term Memory(LSTM), Gate Recurrent Unit(GRU), and 1-Dimensional Convolution Neural Network(1D-CNN), a convolutional neural network, were used to predict the variation of bottom dissolved oxygen, and the performance of each model was evaluated. The input data for the deep learning models were layer by layer marine environmental data continuously observed in the Dangdong bay from 2019 to 2022. The 2019 to 2021 data were used as training and validation data for the model, and the 2022 data were predicted and compared and validated with the observed data. Pearson correlation and mutual information(MI) analyses, trial and error methods were performed to select the optimal inputs and parameters that affect the prediction accuracy of the model. The results showed that the GRU model and 1D-CNN model outperformed the LSTM model. The reproducibility of the short-term variation pattern of the LSTM model decreased as the forecast lead time increased, which was attributed to the structure of each model. This study shows that when applying deep learning models to time series forecasting, it is necessary to use models that reflect data characteristics. In the future, if the prediction error of the model is reduced by securing reliable and high-quality inputs and adjusting the parameters, it is expected that improved prediction accuracy and a prediction time of more than 48 hours can be secured."
인공위성 원격 탐사 정보가 자료 기반 모형의 미계측 유역 하천유출 예측성능에 미치는 영향 분석,2024,"['인공지능 모형', '자료 기반 모형', '인공위성 원격탐사 정보', '미계측 유역 예측', 'Artificial intelligence model', 'Data-driven model', 'Prediction of ungauged basin', 'Satellite remote sensing information']","부족한 하천유출 관측 데이터는 모델 보정 작업을 어렵게 만들어 모델의 성능 향상을 제한한다. 위성 기반 원격탐사 자료는 수문 관련 데이터의 확보에 적극적으로 활용될 수 있으므로 새로운 대안이 될 수 있다. 최근에는 여러 연구를 통하여 기존의 개념적/물리적 모델보다는 인공지능을 이용한 해법이 더 적절하다는 평가를 받고 있다. 본 연구에서는 다양한 순환 신경망들과 의사결정나무 기반 알고리즘들을 결합한 자료 기반 접근 방식을 제안하였다. 또한 인공지능 학습을 위하여 인공위성 원격탐사 정보의 활용성을 조사하였다. 본 연구에서 위성영상은 MODIS와 SMAP의 자료가 사용된다. 공적으로 공개된 25개 유역의 자료를 사용하여 제안된 접근 방식을 검증하였다. 전통적인 지역화 접근법에서 착안하여 모든 유역의 자료를 통합하여 하나의 자료 기반 모델을 학습하는 전략을 채택하였으며, Leave-one-out cross-validation 지역화 설정을 이용하여 하나의 모델이 다양한 유역의 하천유출을 예측함으로써 제안된 접근 방식의 잠재력을 평가하였다. GRU + Light GBM 모델이 대상 유역에 적합한 모델 조합으로 판명되었으며(25개 미계측 유역 일 하천유량 예측 모형효율계수 평균 0.7187) 하천유출이 매우 작은 시기를 제외하면 우수한 미계측 유역의 하천유출 예측 성능을 보여주었다. 인공위성 원격탐사 정보의 영향력은 최대 10% 정도로 파악되었으며, 위성 정보의 추가 적용이 풍수기 또는 평수기보다는 저수기 또는 갈수기의 하천유출 예측에 더 큰 영향을 미쳤다.","Lack of streamflow observations makes model calibration difficult and limits model performance improvement. Satellite-based remote sensing products offer a new alternative as they can be actively utilized to obtain hydrological data. Recently, several studies have shown that artificial intelligence-based solutions are more appropriate than traditional conceptual and physical models. In this study, a data-driven approach combining various recurrent neural networks and decision tree-based algorithms is proposed, and the utilization of satellite remote sensing information for AI training is investigated. The satellite imagery used in this study is from MODIS and SMAP. The proposed approach is validated using publicly available data from 25 watersheds. Inspired by the traditional regionalization approach, a strategy is adopted to learn one data-driven model by integrating data from all basins, and the potential of the proposed approach is evaluated by using a leave-one-out cross-validation regionalization setting to predict streamflow from different basins with one model. The GRU + Light GBM model was found to be a suitable model combination for target basins and showed good streamflow prediction performance in ungauged basins (The average model efficiency coefficient for predicting daily streamflow in 25 ungauged basins is 0.7187) except for the period when streamflow is very small. The influence of satellite remote sensing information was found to be up to 10%, with the additional application of satellite information having a greater impact on streamflow prediction during low or dry seasons than during wet or normal seasons."
가짜 뉴스를 판별하기 위한 인공지능 기법 적용 및 비교 분석,2024,"['fake news identification', 'artificial intelligence techniques', '가짜 뉴스 판별', '인공지능 기법']","가짜 뉴스는 개인뿐만 아니라 국가적인 피해를 입힐 수 있다. 본 연구에서는 가짜 뉴스를 식별하기 위한 인공지능 기법을 선정하고 해당 기법을 뉴스 데이터 셋에 적용하여 얻은 결과를 기반으로 인공지능 기법들을 비교 분석하고자 한다. 이를 위해 뉴스 데이터 셋의 특징을 분석하고 로지스틱 회귀, 나이브 베이즈, 랜덤 포레스트, 서포트 벡터 머신, 퍼셉트론, 그리고 순환 신경망과 같은 여섯 가지 인공지능 기법을 선택하여 가짜 뉴스를 판별하는 모델을 구현하였다. 마지막으로 실험 결과 분석을 통해 자연어 처리 후에 인공지능 모델을 학습시킬 때 입력 데이터의 문장 길이, 단어 집합의 크기와 같은 요소뿐만 아니라, 인공지능 모델의 조정 가능한 요소 및 학습 데이터와 테스트 데이터의 비율이 모델의 성능에 중요한 역할을 함을 분석하였다.","Fake news can cause not only individual but also national damages. In this study, we aim to select artificial intelligence techniques for identifying fake news and compare and analyze these techniques based on the results obtained by applying them to the news dataset. To achieve this, we analyzed the characteristics of the news dataset and implemented models for discriminating fake news using six artificial intelligence techniques: logistic regression, naive bayes, random forest, support vector machine, perceptron, and recurrent neural network. Finally, through analysis of the experimental results, we investigated the importance of various factors such as sentence length, vocabulary size, hyper parameters of the artificial intelligence models, and the ratio of training data to test data in influencing the performance of the models after natural language processing during training."
빅데이터 모델 분석을 통한 주식시장에 대한 연구,2024,"['Big Data', 'Analyze', 'Stock Market', 'Performance Analysis', 'AI']","본 연구는 빅데이터 분석을 통한 주식시장 분석에 대한 연구로 다양한 빅데이터 모델들을 비교하고, 각 모델의 성과를 측정하는 방법론을 제시함으로써 투자자들이 보다 합리적인 의사 결정을 내릴 수 있도록 돕고자 하였다. 이를 위하여 본 연구는 다양한 AI 알고리즘 모델을 분석하여 각각의 장단점과 정확도를 비교하였다. 연구 결과 LSTM 인공지능 모델의 주식 예측률은 84.9%로 다른 AI 인공지능 모델 중 가장 높은 주식 예측률을 보여주고 있다. LSTM은 딥러닝 모델의 일종으로, 특히 시퀀스 데이터(예: 자연어, 음성, 시계열 데이터) 처리에 매우 효과적인 알고리즘으로 시계열 데이터의 장기 의존 관계를 효과적으로 학습할 수 있는 능력을 가지고 있는 것으로 나타났다. 본 연구로 인하여 투자자들은 LSTM 순환 신경망을 통해 보다 합리적인 투자가 이루어질 것으로 예측한다. 앞으로 다양한 AI 알고리즘을 활용하여 보다 정교하고 신뢰할 수 있는 투자를 할 수 있도록 돕는 데 기여할 것으로 예상된다. 특히, 트랜스포머와 그래프 신경망의 활용은 주식 예측의 정확성을 크게 높일 가능성을 보여주었다.","This study aimed to help investors make more rational decisions by comparing various big data models and suggesting a methodology for measuring the performance of each model through big data analysis. Various AI algorithm models were analyzed, and their strengths, weaknesses, and accuracy were compared. The stock prediction rate of the LSTM artificial intelligence model was 84.9%, showing the highest stock prediction rate among other AI artificial intelligence models. LSTM is a type of deep learning model that is very effective for processing sequence data (e.g., natural language, voice, time series data) and can effectively learn the long-term dependency of time series data. The model predicts investors will make more rational investments through LSTM recurrent neural networks. In the future, this study is expected to help people make more sophisticated and reliable investments by utilizing various AI algorithms. In particular, the use of transformers and graph neural networks has potential to increase the accuracy of stock forecasts."
딥 뉴럴 네트워크를 활용한 강우 나우캐스팅의 최신 동향과 한계 극복을 위한 향후 과제,2024,"['Nowcasting', 'Deep neural networks', 'Convolutional neural networks', 'Recurrent neural networks', 'Generative adversarial networks', 'Extreme rainfall', '나우캐스팅', '딥 뉴럴 네트워크', '합성곱 신경망', '순환 신경망', '생성적 적대 신경망', '극한 강우']","딥러닝 모델은 방대한 데이터를 활용하여 강우 시스템의 복잡한 시공간 패턴을 효과적으로 포착함으로써, 기존 수치예보(Numerical Weather Prediction, NWP) 모델과 레이더 에코 외삽법의 계산 속도 및 비선형 강수 동역학 처리의 한계를 보완하여 단기 강우 예측에서 뛰어난 성과를 보이고 있다. 이에 따라, 본 논문에서는 딥러닝 기반 강우 나우캐스팅 모델을 체계적으로 리뷰하고, 합성곱 신경망(Convolutional Neural Networks, CNN), 순환 신경망(Recurrent Neural Networks, RNN), 생성적 적대 신경망(Generative Adversarial Networks, GAN) 기반의 세 가지 주요 그룹으로 분류하여 분석하였다. 또한, 각 모델에서 나온 공통적인 한계점과 이들 문제를 해결하기 위한 전략을 심도 있게 조사하였다. 다양한 손실함수의 적용, 전이학습, 샘플링, 그리고 앙상블 모델의 활용과 같은 혁신적인 접근법이 모델 성능 개선에 미치는 영향을 논의하며, 이를 바탕으로 강우 나우캐스팅의 향후 연구 방향을 제시한다. 본 리뷰는 강우 나우캐스팅에 대한 딥러닝 기반 기술의 현재 상태를 이해하고, 향후 연구 및 기술 발전을 위한 지침을 제공하는 데 기여하고자 한다.","Deep learning models have demonstrated remarkable performance in short-term rainfall prediction by effectively capturing the complex spatiotemporal patterns of rainfall systems using vast datasets. This has helped to address the limitations of traditional Numerical Weather Prediction (NWP) models and radar echo extrapolation methods, such as computational speed and nonlinear precipitation dynamics. In this paper, we systematically review deep learning-based rainfall nowcasting models, categorizing them into three main groups: Convolutional Neural Networks (CNNs), Recurrent Neural Networks (RNNs), and Generative Adversarial Networks (GANs). We also conduct an in-depth analysis of the common limitations identified in these models and explore strategies to overcome them. Innovative approaches, such as the application of diverse loss functions, transfer learning, sampling techniques, and ensemble models, are discussed in terms of their impact on enhancing model performance. Based on these findings, we propose future research directions for rainfall nowcasting. This review aims to provide a comprehensive understanding of the current state of deep learning-based technologies for rainfall nowcasting and serve as a guide for future research and technological advancements in the field."
딥러닝 기반 지하수위 예측 모델 개발에 있어 데이터 부족 문제 해결을 위한 전이학습의 응용,2024,"['지하수위 예측', '강수량', '게이트 순환 유닛', '학습자료 부족', '전이학습', 'groundwater level prediction', 'precipitation', 'gated recurrent unit', 'training data deficiency problem', 'transfer learning']","인공신경망과 같은 데이터 기반 모델을 활용하여 지하수위를 예측하기 위해서는 일반적으로 충분한 양의 데이터가 필요하다. 그러나 지하수위 모니터링 관정이 새로 개발되거나 유효하지 않은 데이터(예를 들어, 결측치 또는 이상치)가 다수 관찰되는 경우, 예측 모델을 적절히 학습하기 위한 데이터셋을 확보하기가 어려우며, 이는 예측 정확도의 저하로 이어진다. 본 연구에서는 이러한 학습 데이터 부족 문제를 해결하기 위해 전이 학습(Transfer Learning)을 기반으로 하는 방법을 제안하였다. 게이트 순환 유닛(Gated Recurrent Unit, GRU)을 예측을 위한 기본 데이터 기반 모델로 사용하였다. 전이학습 과정을 위한 GRU 기반 사전 학습 네트워크(Pretrained network)는 국내 전역의 89개 모니터링 지점에서 수집된 지하수위 및 이에 대응하는 강우 데이터를 활용하여 개발되었다. 그 후, 타겟 모니터링 관정에서 확보된 소량의 학습 데이터를 사용하여 사전 학습된 네트워크에 대한 미세 조정(Fine-tuning) 을 통해 최종 예측 모델을 개발하였다. 전이학습 알고리즘의 효과를 검증하기 위해 두 가지 서로 다른 지하수위 예측 모델을 비교 평가하였다: 1) 타겟 관정의 불충분한 데이터를 사용하여 학습된 GRU 기반 지하수위 예측 모델 및2) 전이학습 알고리즘을 기반으로 한 GRU 기반 예측 모델. 두 개의 다른 위치에 존재하는 관정에서 획득한 지하수위 자료에 대한비교 검증이 이루어졌으며, 전이학습 알고리즘을 활용한 모델이 다른 모델에 비해 우수한 성능을 보였다. 이를 통해 사용 가능한 학습 데이터의 양에 상관없이 전이학습 알고리즘이 지하수위 예측 모델 성능 향상에 크게 기여할 수 있음을 확인하였다.","Predicting groundwater levels with data-driven models like artificial neural networks typically requires a substantial amount of data. However, when groundwater monitoring wells are newly developed or when a significant portion of the data is invalid (for example, due to missing values or outliers), acquiring an adequate dataset for training prediction models becomes challenging, leading to diminished prediction accuracy. This study proposes a method based on transfer learning to address the issue of insufficient training data. The Gated Recurrent Unit (GRU) was used as the primary data-driven model for predictions. A GRU-based pretrained network for the transfer learning process was developed using groundwater level and corresponding rainfall data collected from 89 monitoring stations nationwide. Subsequently, this pretrained network was fine-tuned using a small amount of training data obtained from the target monitoring well to develop the final prediction model. To verify the effectiveness of the transfer learning algorithm, two different groundwater level prediction models were evaluated: 1) a GRU-based model trained with insufficient data from the target well, and 2) a GRU-based model utilizing the transfer learning algorithm. Comparative verification was conducted with groundwater level data obtained from wells at two different locations, where the model using the transfer learning algorithm demonstrated superior performance compared to the other. This study confirms that the transfer learning algorithm can significantly enhance the performance of groundwater level prediction models, irrespective of the amount of available training data."
딥 러닝을 통해 스마트 그리드 이상 탐지 기능 강화,2024,"['스마트 그리드 안정성', '이상 탐지', '합성곱 신경망', '예측 모델링', '순환 신경망', '고장 탐지', 'Smart Grid Stability', 'Anomaly Detection', 'CNNs', 'Predictive Modeling', 'RNNs', 'Fault Detection']","스마트 그리드로의 전력망 현대화는 효율성, 신뢰성, 지속 가능성 측면에서 많은 이점을 제공합니다. 그러나 복잡하고 상호 연결된 스마트 그리드 시스템은 이상 탐지와 그리드 회복력 유지에 있어 새로운 과제를 제시한다. 기존의 이상 탐지 방법은 스마트 그리드 데이터의 동적이고 이질적인 특성에 적응하기 어려워, 이상 탐지 및 완화에 있어 비효율성을 초래한다. 이러한 문제를 해결하기 위해 본 연구는 TensorFlow 프레임워크를 활용한 딥러닝 기술을 통해 스마트 그리드 이상 탐지와 회복력을 향상하는 새로운 접근 방안을 제안한다. 연구의 목표는 두 가지로 나뉜다. 첫째, 스마트 그리드 데이터 내에서 이상을 정확하게 감지할 수 있는 고급 딥러닝 모델을 개발하고, 둘째, 감지된 이상에 대해 선제적으로 대응하고 이를 완화하여 그리드 회복성을 강화하는 것이다.","Modernizing the power grid to a smart grid offers many benefits in terms of efficiency, reliability, and sustainability. However, complex and interconnected smart grid systems present new challenges in detecting anomalies and maintaining grid resilience. Existing anomaly detection methods have difficulty adapting to the dynamic and heterogeneous characteristics of smart grid data, resulting in inefficiency in anomaly detection and mitigation. To solve these problems, this study proposes a new approach to improve smart grid anomaly detection and resilience through deep learning technology using the TensorFlow framework. The goals of the research are divided into two. First, to develop an advanced deep learning model that can accurately detect anomalies within smart grid data, and second, to strengthen grid resilience by proactively responding to and mitigating detected anomalies."
A Hybrid Deep Learning Model for Generating Time-series Fire Data in Underground Utility Tunnel based on Convolutional Attention TimeGAN,2024,"['지하공동구', '화재 데이터 생성', '어텐션 매커니즘', '합성곱 신경망', '게이트 순환 유닛', '적대적 생성 신경망', 'underground utility tunnel', 'fire data generation', 'CNN', 'attention', 'GRU', 'GAN']",,
고객 서비스 개선을 위한 비정형 텍스트 데이터 자동 분류 모델 비교 - 고객 불만 데이터를 대상으로,2024,"['고객 불만', '자동 분류', '서비스 개선', '비정형 데이터', '나이브 베이즈', '랜덤 포레스트', '서포트 벡터 머신', '합성곱 신경망', '순환 신경망', 'Customer Complaints', 'Automatic Classification', 'Service Improvement', 'Unstructured Data', 'Naive Bayes', 'Random Forest', 'SVM', 'CNN', 'LSTM']","정보기술의 발전과 디지털 커뮤니케이션의 확산으로 인해 급증하는 고객 불만과 피드백을 효과적으로 관리하고 처리하는 방법이 필요하다. 특히, 대부분의 데이터가 비정형 데이터인 상황에서, 이를 신속히 처리하고 분류하여 고객 서비스를 개선하는 것은 중요하다. 이에 본 연구에서는 전통적 분류 모델인 Naive Bayes, SVM, Random Forest와 딥러닝 모델인 CNN, LSTM을 살펴보고, 보스턴시의 교통 불만 데이터에 적용하여 고객 불만 데이터의 자동 분류 성능을 비교 분석하였다. 연구 결과, CNN과 LSTM은 각각 81%와 97%의 높은 분류 정확도를 보여, 고객 불만처럼 복잡하고 다양한 패턴의 비정형 데이터 처리에 더욱 효과적임을 확인하였다. 이러한 결과는 딥러닝 모델이 고객 불만 데이터의 특성을 더 잘 분석하고, 문맥적 연결을 감지하는 능력이 우수하기 때문이다. 본 연구는 기업이 고객의 목소리를 신속하고 정확하게 파악하고 대응할 수 있는 고객 서비스 개선 방법론을 제공하며, 이는 기업 경쟁력을 강화하는 데 기여할 것으로 기대된다.","With the advancement of information technology and the proliferation of digital communication, there is an increasing need for effective management and processing of the growing volume of customer complaints and feedback. Particularly, when most of the data is unstructured, it is crucial to quickly process and classify this data to improve customer service. In this study, we examine traditional classification models such as Naive Bayes, SVM, and Random Forest, as well as deep learning models like CNN and LSTM. These models were applied to Boston's traffic complaint data to compare the performance of automatic classification of customer complaint data. The results showed that CNN and LSTM achieved high classification accuracies of 81% and 97%, respectively, confirming their effectiveness in handling complex and diverse patterns of unstructured data, such as customer complaints. These findings demonstrate that deep learning models are better at analyzing the characteristics of customer complaint data and detecting contextual connections. This study provides a methodology for companies to quickly and accurately understand and respond to customer voices, thereby enhancing corporate competitiveness."
유사 홀로그램과 LSTM을 이용한 3D 수화 교육 시스템 개발 및 평가,2024,"['.', 'sign language', 'education systems', 'leap motion', 'RNN', '3D hologram', 'user survey']","청각장애인의 의사소통 제약을 개선하기 위해 비청각장애인들도 쉽게 익힐 수 있는 수화 교육 시스템을 제안한다. 이 시스템은 기존 연구들의 3차원 시각적 특성 반영 한계를 극복하고자 유사 홀로그램을 이용하고, 립모션 장치와 순환 신경망(RNN)을 결합하여 구성하였다. 학습자가 손동작을 수행하는 홀로그램 화면을 보며 실습으로 수화를 배우고, 평가를 통해 능력 향상을 확인할 수 있도록 한다. 정답 판별을 위한 수화 인식 모델은 RNN, LSTM, BiLSTM을 각각 학습한 후 성능을 비교하여 F1 스코어 0.9451로 가장 우수한 성능을 보인 LSTM을 선정하였다. 수화 교육 시스템의 모델 성능을 평가하고, 사용자의 테스트 및 설문 조사를 수행하여 흥미 유발과 만족도를 평가한다. 궁극적으로 이 수화 교육 시스템을 통해 비청각장애인의 수화에 대한 인식 향상에 기여하고자 한다.","To improve communication constraints for the hearing-impaired, we propose a sign language education system that can be easily learned by non-hearing-impaired individuals. To overcome the limitations of the three-dimensional visual characteristics reflected in existing studies, the system utilizes a pseudo-hologram and combines a Leap Motion device with a Recurrent Neural Network(RNN). The sign language education system allows learners to easily learn and improve their sign language skills through practice by viewing the hologram screen and verifying their progress. The model for sign language recognition to determine correct answers was trained using RNN, LSTM, and BiLSTM. Among these, the LSTM model was selected as it showed the best performance with an F1 score of 0.9451. To evaluate the engagement and satisfaction of the sign language education system, user tests and surveys were conducted. This sign language education system aims to contribute to the improvement of sign language awareness among non-hearing-impaired individuals."
시계열 예측 성능 개선을 위한 Stacked SARIMAX-GRU 제안,2024,"['Stacked SARIMAX-GRU', 'SARIMAX', 'GRU', '시계열 예측', '스태킹 일반화', 'Stacked SARIMAX-GRU', 'SARIMAX', 'GRU', 'Time Series Prediction', 'Stacked Generalization']","시계열 예측은 금융, 경제, 기상, 에너지 등 다양한 분야에서 중요한 역할을 한다. 전통적으로 많이 사용되는 SARIMAX 모델은 시계열 데이터의 계절성, 추세 및 외생 변수를 고려하지만, 선형 가정에 기반하여 비선형 패턴을 포착하는 데 한계가 있다. 반면, 딥러닝 기반의 순환 신경망 모델, 특히 GRU는 비선형성을 효과적으로 모델링할 수 있는 능력으로 주목받고 있다. 본 연구의 목표는 SARIMAX 모델의 선형적 예측 능력과 GRU 모델의 비선형적 예측 능력을 결합한 Stacked SARIMAX-GRU 모델을 제안하여, 시계열 예측의 정확성을 향상시키는 것이다. 본 모델은 스태킹 기법을 통해 두 모델의 예측 결과를 메타 모델의 입력으로 사용하여 시계열 예측의 정확성을 향상시킨다. 실증 분석을 통해 제안된 모델이 기존의 SARIMAX 모델 및 GRU 모델을 단독으로 사용했을 때보다 우수한 예측 성능을 보임을 확인하였으며, MAE, MAPE, RMSE와 같은 오차는 감소하고, R-squared 값은 높아짐을  확인하였다.","Time series prediction plays a crucial role in fields such as finance, economy, weather, and energy. Traditionally, the widely used SARIMAX model considers the seasonality, trend, and exogenous variables of time series data but has limitations in capturing nonlinear patterns due to linear assumptions. In contrast, recurrent neural network models based on deep learning, especially GRU, are attracting attention for their ability to effectively model nonlinearity. This study aims to improve time series prediction accuracy by proposing a Stacked SARIMAX-GRU model that combines the linear prediction ability of the SARIMAX model with the nonlinear prediction ability of the GRU model. This model enhances prediction accuracy by using the results of the two models as input to the metamodel through the stacking technique. Empirical analysis confirmed that the proposed model showed better prediction performance than using the existing SARIMAX and GRU models alone, with reduced errors such as MAE, MAPE, and RMSE, and a higher R-squared value."
기계 창작 시대 한시를 어떻게 향유할 것인가-한시 창작 AI에 대한 비판적 고찰-,2024,"['Sino-poetry database', 'Generative AI', 'AI Creating Sino-poetry', 'digital humanities', '九歌', 'SikuGPT2', '詩三百', '한시 데이터', '생성형 인공지능', '한시창작 AI', '디지털 인문학', '九歌', 'SikuGPT2', '詩三百']","본 글은 한시 창작 AI의 현황을 검토하고 향후의 가능성과 그 의미에 대해 논의한 것이다. 딥러닝 기술의 대두 이후 문화예술 분야에 대한 각종 창작 AI의 도전이 가시화되고 있으며, 한시에 대해서도 비슷한 시도가 포착되고 있다. 한시는 한자 문화권의 대표적 문예 양식으로서 함축과 풍격, 율격과 의상 등을 중시하는 그 특성으로 인해 창작 AI의 성능을 테스트하는 효과적 매개가 될 수 있다. 또한 창작 AI를 기동하기 위해서는 표준적 형식으로 구축된 대규모 한시 데이터셋(dataset)이 요구되는데, 중화권에서는 그러한 성격의 한시 데이터가 개방적으로 공유되고 있어, AI의 학습 데이터를 확보하기가 상대적으로 용이하다.현존하는 한시 창작 AI는 수십여 종에 이르며 <九歌>, <SikuGPT2>, <詩三百> 등이 그 대표적 사례에 해당한다. <九歌>는 청화대학교에서 제작한 창작 AI 및 구현 웹사이트로, 순환 신경망(RNN)의 방식을 사용하였다. 해당 창작 AI는 한시 약 80만여 수가 수록된 공개 데이터베이스를 활용하고 자체적으로 가공한 약 10만여 수의 한시 데이터베이스를 학습하여 이를 토대로 한시를 창작한다. <SikuGPT2>는 남경농업대학교에서 제작한 창작 AI로, GPT2의 인과 언어 모델(CLM) 방식을 사용하였다. 이 창작 AI는 한시 약 30만여 수가 수록된 공개 데이터베이스와 󰡔四庫全書󰡕 데이터베이스를 학습하여 창작에 활용하고 있다. <詩三百>은 언어 모델을 분명하게 제시하지는 않았으나, 위에서 언급한 공개 데이터베이스 외에도 대련 약 70만 연이 포함된 데이터베이스를 사용하고 있음을 밝히고 있다.한시 창작 AI는 AI 생성 모델(generative model)의 확장적 구현이라는 측면에서 일정한 의의를 지닌다고 해야겠으나, 점점 사멸해가는 한시 문학의 특성상 한시 창작 AI에 의해 창작된 작품은 의례적 칭찬 이상의 온당한 평가를 받기가 쉽지 않다. 다만 이로부터 몇 가지 시사점을 정리해보자면, 생성형 AI 기술을 테스트하는 과정에서 한시(근체시)라는 전통적 문예 장르가 유효하게 활용될 수 있다는 점, 한시 창작 AI를 구현하려면 본격적 학습 데이터로써 웹 표준 형식의 대규모 한시 데이터셋(dataset)이 구축되어야 한다는 점, 한시 창작 AI를 활용하는 과정에서 소위 ‘기계(machine)’를 매개로 한시에 관한 새로운 시각 및 통찰 등을 전달받을 가능성이 있다는 점 등을 예시해볼 수 있겠다. 그리고 현시점에서 상용화된 대표적 한시 창작 AI 플랫폼들로부터 ‘대동소이한 창작 경향’, ‘용사의 부재’, ‘율격에의 지나친 의존’ 등을 관찰할 수 있는데, 이러한 부정적 징후를 개선하기 위한 유효한 변수로 “고전비평” 데이터와 “사전류” 데이터를 추가 학습 자원으로 활용하는 것 등을 대안으로 생각해볼 수 있겠다.","This study examines the current status of Creative AI in Sino-poetry and discusses its future possibilities and implications. Since the rise of deep learning technology, various Creative AI challenges in the field of culture and arts have become visible, and similar attempts are being made in the field of Sino-poetry. Sino-poetry, a representative literary form of the East Asian culture, can be an effective medium to represent the performance of Creative AI due to its characteristics that emphasize connotation, style, rules, and images. In addition, genre big data based on web standard formats is required to trigger Creative AI, and Sino-poetry is fully equipped with this, making it very convenient to implement.There are dozens of Sino-poetry Creative AIs in existence, including <九歌>, <SikuGPT2>, <詩三百>. 九歌 is a Creative AI and implementation website created by Tsinghua University that uses a recurrent neural network (RNN) method. This Creative AI utilizes a public database of about 800,000 Sino-poetry and learns from its own database of about 100,000 Sino-poetry to create poems based on them. SikuGPT2 is a Creative AI created by Nanjing Agricultural University that uses GPT2's Causal Language Model (CLM) method. This Creative AI draws inspiration from extensive public databases, including around 300,000 Sino-poetry entries and the 󰡔四庫全書(Sikuquanshu)󰡕 database to fuel its creative processes. <詩三百> does not explicitly state its language model, but it reveals that in addition to the public databases mentioned above, it uses a 對聯(couplet) database containing about 700,000 couplet entries.While AI Creation for Sino-poetry has certain significance as a scalable implementation of AI Creative technology, the decline of Sino-poetry makes it difficult for the poems Created by AI to receive much more than cursory praise. Some takeaways, however, include the unexpected benefits of Sino-poetry in advancing Creative AI, the web-standardized format-based databases in China that have enabled rapid adoption of Creative AI, and the new context and insights that are generated in the process of guiding the training of Creative AI. In addition to the shortcomings commonly found in Creative AI, the work of Sino-poetry Creative AIs shows a tendency toward homogeneous creation, a lack of allusion, and an over-reliance on rules in Sino-poetry. Alternatives to these developmental weaknesses include using ""classical Sino-poetry criticism"" and accepting data from ""thesaurus"" as another valid variable in the function."
