title,date,keywords,abstract,multilingual_abstract
욜로(YOLO)에 관한 여행 트렌드 네트워크 분석 : 소셜미디어를 중심으로,2017,"['욜로', '여행 트렌드', '네트워크 분석', '소셜 미디어', 'YOLO', 'Travel trends', 'Network analysis', 'Social media']","‘YOLO’는 자신의 행복을 위해 시간과 돈을 투자하는 소비형태 말하고, 여행과 관광은 하나의 사회현상이자 산업분야이기 때문에 이러한 가치관과 소비형태의 변화에 민감할 수밖에 없다. 따라서 본 연구는 욜로라이프와 관광형태에 대한 초기 연구로서 ‘욜로’와 관련한 소셜미디어 내용을 분석하여. 욜로 라이프스타일이 관광산업에 미치는 영향을 파악하기 위한 질적 연구를 먼저 수행할 필요가 있다. 구체적인 연구목적으로 첫째, 욜로와 관련한 내용을 분석하여 소셜미디어에서는 어떠한 내용을 위주로 담론화가 되고 있는지를 통해 관광소비자들의 여행 트렌드 인식을 살펴보고자 한다. 둘째, 욜로가 관광과 여행부분에서의 소비형태의 특성을 파악하고 어떠한 연관성을 가지고 있는지를 알아보고자 한다. 네트워크 분석을 통해 욜로와 여행 트렌드의 연구결과로는 다음과 같다. 먼저 여행을 일상생활 속에서 느끼는 휴식과 힐링의 개념으로 인식하고 있다는 것이다. 여행을 가기 위해 특별한 계획을 세운다거나 유명한 관광지 위주의 방문이 아닌 일상생활 속에서 즐길 수 있는 여행 형태에 주목하고 있었다. 둘째, 다른 사람과의 관계를 위한 여행이 아니라 자신의 행복과 만족을 위한 여행에 더 많은 가치를 두고 있음을 알 수 있었다. 셋째, 욜로는 삶 전체를 자신의 가치와 행복을 위해 사는 것으로 라이프스타일을 결정짓는 중요한 가치관임을 알 수 있었다. 결과적으로 욜로 에서 여행은 휴식이나 힐링, 자신의 행복을 위한 짧은 여행, 근거리 여행, 잠시 다녀올 수 있는 여행지를 더욱 선호하고, 자신의 행복에 집중하고 자신이 원하는 스타일대로 시간을 보낼 수 있는 자유여행을 선호한다고 할 수 있다. 따라서 최소한의 시간적, 재정적 소비로 행복을 느낄 수 있도록 체험위주의 관광형태, 근거리 여행지 개발, 관광지에서의 지역민과의 소통관광에 열광하고 있으므로 욜로 라이프를 추구하는 사람들을 위한 다양한 여행프로그램 개발에 집중할 필요가 있음을 알 수 있었다.","We need to consider YOLO as a hot keyword reflecting the lifestyle changes and travel trends of the Republic of Korea. It means a posture of life that realize value to live the life that you want the most. Travel and tourism are sensitive to these trends. This study is an early study of Yolo & Tourism and explore the process of recognition of Yolo. Based on previous studies of recognition of tourism according to lifestyle. To understand the impact of the Yolo lifestyle on the tourism industry, qualitative research needs to be done first, through analysis of social media contents related to Yolo . Specific research problems are as follows. First, In social media, look at the awareness of tourism trends of tourism consumers through what contents are mainly discourse. Secondly, Investigate the consumption characteristics of Yolo and how it relates to travel. Through network analysis, the results of the Yolo and travel trends are as follows. First, recognizes travel as a concept of rest and healing in everyday life. Yolo life people have been paying attention to the types of travel that can be enjoyed in everyday life, without planning special trips or preferring to visit famous sightseeing destinations. Second, It had more value for their journey to happiness and satisfaction than to travel with others. Third, It is an important value that determines the lifestyle by living the whole life for their own values ​​and happiness. As a result, travel in Yolo prepers that can be a relaxing, healing, short trip for your own happiness, It can be said that they prefers free travel to concentrate on happiness and to spend their time in the style they wants."
청소년의 YOLO 라이프,2017,[],,
실업률과 품목별 소비와의 관계,2017,"['경기 불황', '실업률', '작은 사치', '욜로족', '립스틱 효과', '생애사 이론', 'economic decline', 'unemployment rate', 'small luxury', 'Yolo(you only live once)', 'lipsticks effect', 'life history theory']",,
Fire Detection using Deep Convolutional Neural Networks for Assisting People with Visual Impairments in an Emergency Situation,2017,"['시각장애인', '화재감지', '심층학습', '심층 합성곱 신경망', 'blind people', 'fire detection', 'deep learning', 'deep convolutional networks']",본 연구는 실내에서 화재 발생시 시각 장애인들을 지원하기 위한 영상 기반의 화재감지기를 제안한다. 건물 내에 화재가 발생하는 비상 상황 발생시 시각 장애인은 일반인보다 상황을 인지하는 것이 늦기 때문에 위험한 상황에 노출되기 쉽다. 기존의 연기 감지기와 같은 현재의 화재 감지 방법은 화재 발생시 발생하는 화학 센서 기반 기술을 사용함으로써 감지가 상대적으로 늦으며 화재가 확산된 후에 감지가 되는 등 낮은 신뢰성이 문제가 될 수 있다. 이를 보완하기 위해 영상 기반의 화재 감지 기술이 개발되었지만 낮은 정확도가 문제가 되어 실용화되지 못하였다. 최근 인공 지능을 위한 심층 학습 분야의 큰 발전으로 영상 내의 물체 인식률이 높아짐에 따라 관련 연구가 활발히 진행되고 있다. 따라서 본 연구에서는 보안 카메라 영상을 사용하여 화재를 감지할 수 있는 심층 학습 기반의 화재 감지기를 제안한다. 심층 학습 기반의 접근법은 영상에서 자동으로 특징을 학습할 수 있으므로 일반적으로 복잡한 상황에 대해서도 일반화가 가능하다. 본 논문에서는 화재감지 정확도와 속도 측면의 균형을 고려하여 두 개의 심층 합성곱 신경망 모델을 제안하였다. 실험을 통해 두 모델 모두 99%의 평균 정밀도로 화재를 감지할 수 있으며 첫번째 모델은 초당 30장의 처리 속도와 76%의 정확도를 나타냈다. 두번째 모델은 초당 50장의 처리 속도와 61%의 정확도를 나타낸다. 또한 두 개의 모델의 메모리 사용량을 서로 비교하였으며 다양한 실제 화재 시나리오에서 테스트하여 신뢰할 수 있는 모델임을 증명하였다. 본 논문에 제안한 영상 기반 화재 감지기가 상용화된다면 상대적으로 실내 화재에 취약한 시각 장애인들의 안전에 도움이 될 것이다.,"In an event of an emergency, such as fire in a building, visually impaired and blind people are prone to exposed to a level of danger that is greater than that of normal people, for they cannot be aware of it quickly. Current fire detection methods such as smoke detector is very slow and unreliable because it usually uses chemical sensor based technology to detect fire particles. But by using vision sensor instead, fire can be proven to be detected much faster as we show in our experiments. Previous studies have applied various image processing and machine learning techniques to detect fire, but they usually don t work very well because these techniques require hand-crafted features that do not generalize well to various scenarios. But with the help of recent advancement in the field of deep learning, this research can be conducted to help solve this problem by using deep learning-based object detector that can detect fire using images from security camera. Deep learning based approach can learn features automatically so they can usually generalize well to various scenes. In order to ensure maximum capacity, we applied the latest technologies in the field of computer vision such as YOLO detector in order to solve this task. Considering the trade-off between recall vs. complexity, we introduced two convolutional neural networks with slightly different model s complexity to detect fire at different recall rate. Both models can detect fire at 99% average precision, but one model has 76% recall at 30 FPS while another has 61% recall at 50 FPS. We also compare our model memory consumption with each other and show our models robustness by testing on various real-world scenarios."
