title,date,keywords,abstract,multilingual_abstract
생성적 적대 신경망(GAN)을 이용한 딥러닝 음악 장르 분류 시스템 모델 개선,2020,[],,"Music markets have entered the era of streaming. In order to select and propose music that suits the taste of music consumers, there is an active demand and research on an automatic music genre classification system. We propose a method to improve the accuracy of genre unclassified songs, which was a lack of the previous system, by using a generative adversarial network (GAN) to further develop the automatic voting system for deep learning music genre using Softmax proposed in the previous paper. In the previous study, if the spectrogram of the song was ambiguous to grasp the genre of the song, it was forced to leave it as an unclassified song. In this paper, we proposed a system that increases the accuracy of genre classification of unclassified songs by converting the spectrogram of unclassified songs into an easy-to-read spectrogram using GAN. And the result of the experiment was able to derive an excellent result compared to the existing method."
140 W급 전력 증폭 소자의 병렬 확장형 GaN HEMT 대신호 모델,2020,"['GaN HEMT', 'Large-Signal Model', 'AMCAD FET Model', 'Power Amplifier', 'Load-Pull Measurement']","본 논문에서는 140 W급 전력 증폭 소자에 대한 병렬 확장형 GaN HEMT 대신호 모델을 제시하였다. 80-핑거 GaN HEMT 소자에 대한 모델은 8개의 단위 소자 모델이 병렬 확장형으로 연결된 구조이며, 단위 소자의 대신호 모델은 AMCAD FET 모델을 기반으로 제작되었다. 단위 소자는 10-핑거 GaN HEMT 소자와 게이트, 드레인 패드로 구성되어 있다. AMCAD사의 IVCAD 프로그램과 Keysight사의 PNA-X 네트워크 분석기를 이용하여 단위 소자의 GaN HEMT 대신호 모델 파라미터를 추출하였다. 단위 소자의 대신호 모델은 10-핑거 소자를 온-웨이퍼 로드-풀 측정을 수행하여 검증하였으며, 대면적 소자의 대신호 모델은 80-핑거 소자를 패키징한 다음 로드-풀 측정을 수행하여 검증하였다.","In this study, a scalable GaN HEMT large-signal model for 140-W power devices is presented. The large-signal model of an 80-finger GaN HEMT includes eight unit device models in parallel, and the large-signal model of the unit device is based on the AMCAD–FET model. The unit device includes a 10-finger GaN HEMT, a gate pad, and a drain pad. Parameters for the unit GaN HEMT model were extracted using an IVCAD program of AMCAD and a Keysight PNA-X network analyzer. The unit GaN HEMT model was verified through on-wafer load-pull measurements, and the large-signal GaN HEMT model of the large-sized 80-finger device was verified through load-pull measurements of the packaged device."
충실도 높은 기침 소리 생성을 위한 개선된 GAN,2020,"['Generative Adversarial Network', 'generative model', 'sound data', 'cough sound', 'high-fidelity', '생성적 적대 신경망', '생성 모델', '소리 데이터', '기침 소리', '높은 충실도']","GAN(Generative Adversarial Network)은 컴퓨터 비전 분야에서 큰 인기를 얻었고, 이미지 생성 작업에널리 사용되고 있다. 그리고 최근, GAN 연구자들은 GAN을 사용하여 소리 데이터를 생성하기 시작했다. 파형은 이미지와 다르게 이산 값으로 구성된 신호이므로, 이미지 학습에 주로 사용하는 CNN(Convolutional Neural Network)을 활용하여 파형을 학습하기 어렵다. 이를 극복하기 위하여, GAN 연구자들은 기존 이미지생성 GAN을 재사용하여 파형 대신 시간-주파수 표현을 학습하는 접근을 제안했다. 이러한 접근을 따라서, 본 논문은 생성된 파형의 충실도(fidelity)를 개선하기 위한 개선된 소리 생성 GAN을 제안한다. 개선된 GAN 은 HPSS(Harmonic Percussive Source Separation)를 사용해 시간에 따른 스펙트럼의 특징을 추출하고, 점진적으로 성장하는 네트워크를 통해 생성되는 파형의 품질을 개선하는 특징이 있다. 본 논문에서는 공개된 기침데이터세트를 사용해 제안한 GAN을 학습시키고, 충실도와 다양성(diversity) 측면에서 성능을 평가한다.","Generative Adversarial Networks (GANs) have gained tremendous popularity in computer vision, and have been widely used for image generation tasks. Recently, GAN researchers have started generating sound data by using GANs. Unlike images, a waveform is a sampled signal consisting of discrete samples, so it is not easy to learn the waveform by utilizing Convolutional Neural Network (CNN), which is mainly trained on natural images. To overcome this difficulty, GAN researchers proposed an approach employing time-frequency representations instead of time-series waveforms to reuse existing image-generating GANs. Following this approach, we propose an improved sound-generating GAN to improve the fidelity of generated waveforms. We designed a network that first uses Harmonic Percussive Source Separation (HPSS) to extract spectral features over time and then improves the quality of generated waveforms by applying progressively-growing networks. In this paper, we train our GAN on a public cough dataset and evaluate the performances in terms of the fidelity and diversity of generated waveforms."
수치 데이터 세트에서 Tomek Links 방법과 Balancing GAN을 결합한 불균형 데이터 문제 개선 기술,2020,"['imbalanced data', 'balancing GAN', 'Tomek Links method', 'tabular dataset', 'numerical dataset', '불균형 데이터', 'Balancing GAN', 'Tomek Links 방법', '표 데이터 세트', '수치 데이터 세트']","머신러닝은 데이터 분류, 음성인식, 예측 모델 등 다양한 응용 분야에서 좋은 성능으로 유용하게 이용되고 있다. 하지만 학습 데이터 세트의 클래스 간 불균형으로 인해 소수 클래스에 대한 모델의 성능이 저하되는 문제가 있다. 본 논문에서는 불균형 데이터 문제를 해결하고 명확한 결정 경계를 찾기 위해 Balancing GAN과 Tomek Links 방법을 결합한 새로운 데이터 증폭 방법을 제안한다. 그리고 제안된 방법을 검증하기 위해 5개의 데이터 세트를 사용하여 분류 모델에 따른 제안 방법의 성능을 평가하고, 데이터 샘플링과 GAN 기반의 데이터 증폭 기법들과의 성능을 비교하였다. 그 결과 총 25개의 성능 평가 중 17개에서 분류 성능이 0.05～0.195 만큼 개선되거나 유지되는 것을 확인하였다. 본 논문에서 제안하는 방법은 불균형 데이터 문제를 해결할 수 있는 새로운 방법으로써의 가능성을 보여주었다.","Machine Learning is useful due to its good performance and application in various fields such as data classification, voice recognition and predictive models. However, there exists a problem regarding the imbalance between classes in the training dataset, which degrades the classification performance of the minority class. In this paper, we propose a new data augmentation method that combines the Balancing GAN and Tomek Links Method to solve the Imbalanced Data problem and find a clear decision boundary. To verity the proposed method, we have evaluated the performance according to the classification model using five datasets. Moreover, the performance has been compared with Data Sampling and GAN based Data Augmentation Techniques. The results showed that the classification performance was improved or maintained by 0.05～0.195 in 17 of the total 25 performance evaluations. The method proposed in this paper showed the potential as a new method to solve the Imbalanced Data problem."
다중 스케일 영상을 이용한 GAN 기반 영상 간 변환 기법,2020,"['GAN', '딥러닝', 'GcGAN', '영상 간 변환', '다중 스케일', 'GAN', 'deep learning', 'GcGAN', 'image-to-image translation', 'multi-scale']","GcGAN은 기하학적 일관성을 유지하며 영상 간 스타일을 변환하는 딥러닝 모델이다. 그러나 GcGAN은 회전이나 반전(flip) 등의 한정적인 기하 변환으로 영상의 형태를 보존하기 때문에 영상의 세밀한 형태 정보를 제대로 유지하지 못하는 단점을 가지고 있다. 그래서 본 연구에서는 이런 단점을 개선한 새로운 영상 간 변환 기법인MSGcGAN(Multi-Scale GcGAN)을 제안한다. MSGcGAN은 GcGAN을 확장한 모델로서, 다중 스케일의 영상을 동시에 학습하여 스케일 불변 특징을 추출함으로써, 영상의 의미적 왜곡을 줄이고 세밀한 정보를 유지하는 방향으로 영상 간 스타일 변환을 수행한다. 실험 결과에 의하면 MSGcGAN은 GcGAN보다 정량적 정성적 측면에서 모두 우수하였고, 영상의 전체적인 형태 정보를 잘 유지하면서 스타일을 자연스럽게 변환함을 확인할 수 있었다.","GcGAN is a deep learning model to translate styles between images under geometric consistency constraint. However, GcGAN has a disadvantage that it does not properly maintain detailed content of an image, since it preserves the content of the image through limited geometric transformation such as rotation or flip.Therefore, in this study, we propose a new image-to-image translation method, MSGcGAN(Multi-Scale GcGAN), which improves this disadvantage. MSGcGAN, an extended model of GcGAN, performs style translation between images in a direction to reduce semantic distortion of images and maintain detailed content by learning multi-scale images simultaneously and extracting scale-invariant features. The experimental results showed that MSGcGAN was better than GcGAN in both quantitative and qualitative aspects, and it translated the style more naturally while maintaining the overall content of the image."
Fast Super-Resolution GAN 기반 자동차 번호판 검출 및 인식 성능 고도화 기법,2020,"['객체 검출', '고해상도', '적대적 생성망', '번호판 검출', '번호판 인식', 'Object Detection', 'Super-Resolution', 'Generative Adversarial Network', 'License Plate Detection', 'License Plate Recognition']","자동차 번호판 인식 기술은 도로의 교통상황 통제, 과속차량 단속, 도주 차량의 추적 등 현대 교통 시설 및 교통 안전망을 책임지고 있는 핵심 기술 중 하나이다. 이 기법은 과거에도 연구되었던 분야였으나 최근 딥러닝 기술의 발전으로 다양한 기법들을 적용하여 향상된 성능을 보이는 분야이며, 크게 자동차 번호판 검출과 번호판 인식으로 나뉜다. 본 연구에서는 다양한 객체 검출 모델과 WPOD-Net(Warped Planar Object Detection Network) 모델을 활용하여 자동차 번호판 검출 성능을 향상시키기 위한 실험을 진행하였으며, 객체 검출 모델을 활용하여 번호판을 검출하는 기존 방식들 대신 차량을 검출한 다음 번호판을 검출하는 방식을 택하여 정확도를 높였다. 특히 Super-Resolution 기법 중 하나인 Fast-SRGAN 모델을 활용하여 이미지 내에 존재하는 노이즈를 제거하는 처리를 통해 최종 성능을 향상시켰다. 결과적으로 92.38%에서 96.72%로 선행 연구 대비 평균 4.34% 향상된 성능이 실험을 통해 확인되었다.","Vehicle License Plate Recognition is one of the approaches for transportation and traffic safety networks, such as traffic control, speed limit enforcement and runaway vehicle tracking. Although it has been studied for decades, it is attracting more and more attention due to the recent development of deep learning and improved performance. Also, it is largely divided into license plate detection and recognition. In this study, experiments were conducted to improve license plate detection performance by utilizing various object detection methods and WPOD-Net(Warped Planar Object Detection Network) model. The accuracy was improved by selecting the method of detecting the vehicle(s) and then detecting the license plate(s) instead of the conventional method of detecting the license plate using the object detection model. In particular, the final performance was improved through the process of removing noise existing in the image by using the Fast-SRGAN model, one of the Super-Resolution methods. As a result, this experiment showed the performance has improved an average of 4.34% from 92.38% to 96.72% compared to previous studies."
차분 프라이버시를 만족하는 안전한 GAN 기반 재현 데이터 생성 기술 연구,2020,"['Synthetic Data', 'CGAN', 'Differential Privacy', 'Rényi Differential Privacy', 'Data Privacy']","많은 응용프로그램들로부터 양질의 서비스를 제공받기 위해서 데이터 공개는 필수적이다. 하지만 원본 데이터를그대로 공개할 경우 개인의 민감한 정보(정치적 성향, 질병 등)가 드러날 위험이 있기 때문에 원본 데이터가 아닌재현 데이터를 생성하여 공개함으로써 프라이버시를 보존하는 많은 연구들이 제안되어왔다. 그러나 단순히 재현 데이터를 생성하여 공개하는 것은 여러 공격들(연결공격, 추론공격 등)에 의해 여전히 프라이버시 유출 위험이 존재한다. 본 논문에서는 이러한 민감한 정보의 유출을 방지하기 위해, 재현 데이터 생성 모델로 주목받고 있는 GAN에최신 프라이버시 보호 기술인 차분 프라이버시를 적용하여 프라이버시가 보존되는 재현 데이터 생성 알고리즘을 제안한다. 생성 모델은 레이블이 있는 데이터의 효율적인 학습을 위해 CGAN을 사용하였고, 데이터의 유용성 측면을고려하여 기존 차분 프라이버시보다 프라이버시가 완화된 Rényi 차분 프라이버시를 적용하였다. 그리고 생성된 데이터의 유용성에 대한 검증을 다양한 분류기를 통해 실시하고 비교분석하였다.","The publication of data is essential in order to receive high quality services from many applications. However, if theoriginal data is published as it is, there is a risk that sensitive information (political tendency, disease, ets.) may reveal.Therefore, many research have been proposed, not the original data but the synthetic data generating and publishing toprivacy preserve. but, there is a risk of privacy leakage still even if simply generate and publish the synthetic data byvarious attacks (linkage attack, inference attack, etc.). In this paper, we propose a synthetic data generation algorithm inwhich privacy preserved by applying differential privacy the latest privacy protection technique to GAN, which is drawingattention as a synthetic data generative model in order to prevent the leakage of such sensitive information. The generativemodel used CGAN for efficient learning of labeled data, and applied Rényi differential privacy, which is relaxation ofdifferential privacy, considering the utility aspects of the data. And validation of the utility of the generated data isconducted and compared through various classifiers."
RNN-GAN을 이용한 코드 기반의 단계적 트로트 음악 생성 기법,2020,"['음악 생성', '코드 기반 생성', '적대적 생성 신경망', 'Bidirectional Long Short-Term Memory(BLSTM)', 'Music generation', 'Chord-based generation', 'Generative Adversarial Network (GAN)', 'Bidirectional Long Short-Term Memory (BLSTM)']","본 논문은 순환 신경망(Recurrent Neural Network, RNN)으로 구성된 적대적 생성 신경망(Generative Adversarial Network, GAN) 모델을 사용하여 자동으로 트로트 음악을 생성하는 음악생성 기법을 제안한다. 제안된방법은 음악의 뼈대를 담당하는 코드를 만들고, 만들어진 코드 열을 기반으로 멜로디와 베이스(bass)를 단계적으로생성한 뒤, 해당 코드에 붙임으로써 구조화된 음악을 완성하는 방법을 사용한다. 또한 인트로나 벌스, 코러스 등과 같이일정 구간으로 나뉘어 구조가 반복되는 트로트 가요의 특징을 적용하여 벌스의 코드 진행으로부터 새로운 코러스 코드진행을 만들어내고, 다시 해당 코드로부터 멜로디와 베이스를 단계적으로 생성하여 초기에 만들어진 트로트의 길이를확장한다. 주관적 평가와 객관적 평가방법을 사용하여 생성된 음악의 품질을 측정하였으며, 기존의 트로트가 갖고 있는 음악적 특성과 유사한 음악을 생성함으로 확인하였다.","This paper proposes a music generation technique that automatically generates trot music using a Generative Adversarial Network (GAN) model composed of a Recurrent Neural Network (RNN). The proposed method uses a method of creating a chord as a skeleton of the music, creating a melody and bass in stages based on the chord progression made, and attaching it to the corresponding chord to complete the structured piece. Also, a new chorus chord progression is created from the verse chord progression by applying the characteristics of a trot song that repeats the structure divided into an individual section, such as intro, verse, and chorus. And it extends the length of the created trot. The quality of the generated music was specified using subjective evaluation and objective evaluation methods. It was confirmed that the generated music has similar characteristics to the existing trot."
국내 개발 GaN HEMT 소자 비선형 모델링 및 검증,2020,"['Domestically Developed GaN HEMT', 'Pulsed I-V', 'ActivE Load-Pull', 'Nonlinear Modeling']",,"This paper discusses the parameter measurement, modeling process, and verification results for nonlinear modeling using a domestically developed gallium nitride high-electron-mobility transistor device. To extract linear and nonlinear parameters, the pulsed I-V and S-parameters were measured under various conditions, and nonlinear modeling was conducted for all the bias points. The results of the nonlinear modeling were compared with those of the active load-pull measurements to verify the reliability of the nonlinear model."
준 지도식 GAN을 이용한 와이파이 전자지문 기반 실내 위치 인식,2020,"['Indoor positioning system', 'Wi-Fi RSSI (received signal strength indicator)', 'GAN (generative adversarial network)', 'semi-supervised learning', 'deep learning.', '.']",,.
오디오와 이미지의 다중 시구간 정보와 GAN을 이용한 영상의 하이라이트 예측 알고리즘,2020,"['Video highlight', 'Multimodal model', 'GAN', 'Multiple time-interval model', 'Audio information']",,"Huge amounts of contents are being uploaded every day on various streaming platforms. Among those videos, game and sports videos account for a great portion. The broadcasting companies sometimes create and provide highlight videos. However, these tasks are time-consuming and costly. In this paper, we propose models that automatically predict highlights in games and sports matches. While most previous approaches use visual information exclusively, our models use both audio and visual information, and present a way to understand short term and long term flows of videos. We also describe models that combine GAN to find better highlight features. The proposed models are evaluated on e-sports and baseball videos."
An Evaluation Model for Analyzing the Overlay Error of Computer-generated Holograms,2020,"['Computer-generated holograms', 'Overlay error', 'Evaluation model', 'Wavefront accuracy']",,"Computer-generated holograms (CGH) are the core devices to solve the problem of freeform surface measurement. In view of the overlay error introduced in the manufacturing process of CGH, this paper proposes an evaluation model for analyzing the overlay error of CGH. The detection method of extracting CGH profile information by an ultra-depth of field micro-measurement system is presented. Furthermore, based on the detection method and technical scheme, the effect of overlay error on the wavefront accuracy of CGH can be evaluated."
Document Image Binarization by GAN with Unpaired Data Training,2020,"['document image binarization', 'unpaired training data', 'gan', 'unsupervised learning']",,"Data is critical in deep learning but the scarcity of data often occurs in research, especially in the preparation of the paired training data. In this paper, document image binarization with unpaired data is studied by introducing adversarial learning, excluding the need for supervised or labeled datasets. However, the simple extension of the previous unpaired training to binarization inevitably leads to poor performance compared to paired data training. Thus, a new deep learning approach is proposed by introducing a multidiversity of higher quality generated images. In this paper, a two-stage model is proposed that comprises the generative adversarial network (GAN) followed by the U-net network. In the first stage, the GAN uses the unpaired image data to create paired image data. With the second stage, the generated paired image data are passed through the U-net network for binarization. Thus, the trained U-net becomes the binarization model during the testing. The proposed model has been evaluated over the publicly available DIBCO dataset and it outperforms other techniques on unpaired training data. The paper shows the potential of using unpaired data for binarization, for the first time in the literature, which can be further improved to replace paired data training for binarization in the future."
“Chemistry” : A Time-Based Media Artwork Using GAN,2020,"['Deep learning', 'GAN', 'Media art', 'Time evolution']",,"The media art production “Chemistry” uses deep learning network models to animate the rejuvenation of an aged face against the backdrop of four seasonal changes and life cycle of flowers over time. The team used Adobe Premiere and After Effects to illustrate four seasons and flowers. The authors generated the images of rejuvenated and aged faces with generative adversarial networks, an AI technology. To create harmony between the background, the flowers, and the face, the authors applied a style transfer to adjust the style for the person to that for the background and flower illustration. This work guides viewers to a state of autobiographical appreciation to reflect upon the time given to them and the beauty of their faces."
TTS 시스템을 이용한 감정 합성 모델에 관한 연구,2020,"['음성합성', '감정 합성', 'CycleGAN', 'Tacotron', 'TTS', 'Text-to-Speech', 'Emotional Synthesis', 'CycleGAN', 'Tacotron']",,
Modeling and analysis of the effects of inhomogeneous carrier distributions in InGaN multiple quantum wells,2020,['Light-emitting diode Quantum well Efficiency droop Auger recombination'],,"It is well known that carrier distribution in InGaN multiple quantum wells (MQWs) can be significantly inhomogeneous.However, the conventional ABC recombination model assumes that carriers are uniformly distributed throughout the MQW. In this paper, a modified ABC model that considers the unequal carrier density in the QWs was developed. From the analysis of the developed ABC model, the effective recombination coefficients and modified internal quantum efficiency (IQE) were obtained for an arbitrary carrier distribution in MQWs. The efficiency droop was found to be aggravated as the carrier distribution was increasingly inhomogeneous.However, it was also found that the effect of inhomogeneous carrier distribution alone was not sufficient to explain the IQE droop with the theoretical Auger recombination coefficient based on indirect Auger processes.The developed ABC model is expected to provide insight into the influence of inhomogeneous carrier distributions in MQWs on the efficiency droop in GaN-based light-emitting diodes."
A comprehensive review on the modeling of smart piezoelectric nanostructures,2020,"['piezoelectric', 'boron nitride', 'nanostructure', 'continuum modeling', 'mechanical properties']",,"In this paper, a comprehensive review of nanostructures that exhibit piezoelectric behavior on all mechanical, buckling, vibrational, thermal and electrical properties is presented. It is firstly explained vast application of materials with their piezoelectric property and also introduction of other properties. Initially, more application of material which have piezoelectric property is introduced. Zinc oxide (ZnO), boron nitride (BN) and gallium nitride (GaN) respectively, are more application of piezoelectric materials. The nonlocal elasticity theory and piezoelectric constitutive relations are demonstrated to evaluate problems and analyses. Three different approaches consisting of atomistic modeling, continuum modeling and nano-scale continuum modeling in the investigation atomistic simulation of piezoelectric nanostructures are explained. Focusing on piezoelectric behavior, investigation of analyses is performed on fields of surface and small scale effects, buckling, vibration and wave propagation. Different investigations are available in literature focusing on the synthesis, applications and mechanical behaviors of piezoelectric nanostructures. In the study of vibration behavior, researches are studied on fields of linear and nonlinear, longitudinal and transverse, free and forced vibrations. This paper is intended to provide an introduction of the development of the piezoelectric nanostructures. The key issue is a very good understanding of mechanical and electrical behaviors and characteristics of piezoelectric structures to employ in electromechanical systems."
생성적 적대 신경망과 딥러닝을 활용한 이상거래탐지 시스템 모형,2020,"['이상거래탐지', '딥러닝', '생성적 적대 신경망', 'Fraud Detection System', 'Deep Neural Net', 'Convolutional Neural Net', 'Generative Adversarial Network']","인공지능이 다루기 어려운 개념에서 아주 익숙한 도구로 자리매김 하고 있다. 이와 더불어 금융권에서도 인공지능 기술을 도입하여 기존 시스템의 문제점을 개선하고자 하는 추세이며, 그 대표적인 예가 이상거래탐지 시스템(Fraud Detection System, FDS)이다. 결제 수단의 다양화 및 전자금융거래의 증가에 따라 치밀해져 가는 사이버 금융사기(Fraud)를 기존의 규칙기반 FDS로는 탐지하기 어려워지고 있다. 이를 극복하기 위해 딥러닝 기술을 적용하여 이상거래 탐지율을 향상시키고, 이상행위에 즉각 대응하며, 탐지 결과의 반영을 자동화하고자 하는 시도가 이루어지고 있다. 딥러닝 FDS 구축에서 핵심 문제는 데이터 불균형과 이상거래 패턴의 변동이다. 본 논문에서는 생성적 적대 신경망(Generative Adversarial Network, GAN)을 활용한 오버샘플링 기법을 통해 데이터 불균형 문제를 개선하고, 이상거래 분류기로써 심층 신경망(Deep Neural Network, DNN)과 합성곱 신경망(Convolutional Neural Network, CNN)을 적용하여 이러한 문제를 개선하고자 하였다. 실험 결과, GAN 오버샘플링이 이상거래 데이터의 불균형 문제를 개선하는데 효과를 보였으며, WGAN이 가장 높은 개선 효과가 있음을 확인하였다. 또한 제안 FDS 모형의 AUC가 0.9857로 랜덤포레스트 FDS 모형에 비해 약 6.5% 향상되어, 딥러닝이 이상거래 탐지에 뛰어난 성능을 가짐을 입증하였다. 더불어 딥러닝 모형 중 DNN은 CNN에 비해 오버샘플링의 효과를 더 잘 반영함을 확인하였다.",
생성적 적대 신경망과 GSVD 기반 LDA를 이용한 효과적인 학습 데이터셋 제작 및 선별,2020,"['Generative Adversarial Network', 'Linear Discriminant Analysis', 'Learning Dataset', 'Preprocessing', 'Classification']",,
분별기의 립쉬츠 연속 안정화를 통한 WGAN 성능개선,2020,"['Deep learning', 'Generative models', 'Wasserstein GAN', 'Lipschitz continuity', 'Training stability']","GAN(generative adversarial network)의 등장으로 생성모델 분야의 획기적 발전이 이루어졌지만 학습 시의 불안정성은 해결되어야 할 가장 큰 문제로 대두되고 있다. 최근에 제안된 WGAN(Wasserstein GAN)은 학습 안정성이 개선되어 GAN의 대안이 되고 있으나, 여전히 수렴이 안되거나 엉뚱한 출력물을 생성하는 등의 경우가 발생한다. 이러한 문제는 분별기 함수가 립쉬츠 연속을 얼마나 정확하게 유지할 수 있느냐에 달려 있다고 보는 것이 중론이다. 이에 대한 대표적인 알고리즘으로 분별기의 가중치를 강제로 클리핑하거나 경사벡터의 크기가 1이 되도록 정칙화시켜 학습하는 방안 등이 제안되었으나 많은 한계를 보인다. 본 논문에서는 분별기 함수의 경사벡터 크기를 1 이하로 제한함으로써 학습데이터에 별 영향을 받지 않고 안정적으로 분별기 함수의 립쉬츠 연속을 유지하는 기법을 제안하고, 다양한 실험을 통하여 제안 기법의 성능을 확인한다.","Generative Adversarial Networks(GAN) have made breakthroughs in the field of generative models, but suffers from training instability. The recently proposed Wasserstein GAN(WGAN) is an alternative to GAN due to improved training stability. However, there are still cases where it generates poor samples or fails to converge. It is widely accepted that this problem depends on how precisely the discriminator can be made to be Lipschitz continuous. As representative algorithms, there have been proposed methods of forcibly clipping the weights of the discriminator or adding to the loss function the regularization term to penalize the norm of gradient of the discriminator, but they show undesired behavior. In this paper, techniques, which restrict its norm less than or equal to one, are proposed to stably maintain the Lipschitz continuity of the discriminator without being influenced by choice of training dataset and the performance of the proposed techniques are evaluated through various experiments."
Deep Convolution Neural Networks 이용하여 결함 검출을 위한 결함이 있는 철도선로표면 디지털영상 재 생성,2020,"['철도표면', '생성적 적대적 네트워크', '영상 생성', '조건부 생성모델', '검출 모델', 'Railroad surface', 'Generative Adversarial Network', 'Image Representation', 'Conditional generation model', 'Detection Model']","본 연구는 철도표면상에 발생하는 노후 현상 중 하나인 결함 검출을 위해 학습데이터를 생성함으로써 결함 검출 모델에서 더 높은 점수를 얻기 위해 진행되었다. 철도표면에서 결함은 선로결속장치 및 선로와 차량의 마찰 등 다양한 원인에 의해 발생하고 선로 파손[14] 등의 사고를 유발할 수 있기 때문에 결함에 대한 철도 유지관리가 필요 하다. 그래서 철도 유지관리의 자동화 및 비용절감을 위해 철도 표면 영상에 영상처리 또는 기계학습을 활용한 결함 검출 및 검사에 대한 다양한 연구가 진행되고 있다. 일반적으로 영상처리 분석기법 및 기계학습 기술의 성능은 데이터의 수량과 품질에 의존한다. 그렇기 때문에 일부 연구는 일반적이고 다양한 철도표면영상의 데이터베이스를 확보하기위해 등간격으로 선로표면을 촬영하는 장치 또는 탑재된 차량이 필요로 하였다[15, 16]. 본연구는 이러한 기계적인 영상획득 장치의 운용비용을 감소시키고 보완하기 위해 대표적인 영상생성관련 딥러닝 모델인 생성적 적대적 네트워크[1]의 기본 구성에서 여러 관련연구에서 제시된 방법을 응용, 결함이 있는 철도 표면 재생성모델을 구성하여, 전용 데이터베이스가 구축되지 않은 철도 표면 영상에 대해서도 결함 검출을 진행할 수 있도록 하였다. 구성한 모델은 상이한 철도 표면 텍스처들을 반영한 철도 표면 생성을 학습하고 여러 임의의 결함의 위치에 대한 Ground-Truth들을 만족하는 다양한 결함을 재 생성하도록 설계하였다. 재생성된 철도 표면의 영상들을 결함 검출 딥러닝 모델[2]에 학습데이터로 사용한다. 재생성모델의 유효성을 검증하기 위해 철도표면데이터를 3가지의 하위집합으로 군집화 하여 하나의 집합세트를 원본 영상으로 정의하고, 다른 두개의 나머지 하위집합들의 몇가지의 선로표면영상을 텍스처 영상으로 사용하여 새로운 철도 표면 영상을 생성한다. 그리고 결함 검출 모델에서 학습데이터로 생성된 새로운 철도 표면 영상을 사용하였을 때와, 생성된 철도 표면 영상이 없는 원본 영상을 사용하였을 때를 나누어 검증한다. 앞서 분류했던 하위집합들 중에서 원본영상으로 사용된 집합세트를 제외한 두 개의 하위집합들은 각각의 환경에서 학습된 결함 검출 모델에서 검증하여 출력인 픽셀단위 분류지도 영상을 얻는다. 이 픽셀단위 분류지도영상들과 실제 결함의 위치에 대한 원본결함지도(Ground-Truth)들의 IoU(Intersection over Union) 및 F1-score로 평가하여 성능을 계산하였다. 결과적으로 두개의 하위집합의 텍스처 영상을 이용한 재생성된 학습데이터를 학습한 결함 검출모델의 점수는 원본 영상만을 학습하였을 때의 점수보다 약 IoU 및 F1-score가 10~15% 증가하였다. 이는 전용 학습 데이터가 구축되지 않은 철도표면 영상에 대해서도 기존 데이터를 이용하여 결함 검출이 상당히 가능함을 증명하는 것이다.","This study was carried out to generate various images of railroad surfaces with random defects as training data to be better at the detection of defects. Defects on the surface of railroads are caused by various factors such as friction between track binding devices and adjacent tracks and can cause accidents such as broken rails [14], so railroad maintenance for defects is necessary. Therefore, various researches on defect detection and inspection using image processing or machine learning on railway surface images have been conducted to automate railroad inspection and to reduce railroad maintenance costs. In general, the performance of the image processing analysis method and machine learning technology is affected by the quantity and quality of data. For this reason, some researches require specific devices or vehicles to acquire images of the track surface at regular intervals to obtain a database of various railway surface images [15, 16]. On the contrary, in this study, in order to reduce and improve the operating cost of image acquisition, we constructed the 'Defective Railroad Surface Regeneration Model' by applying the methods presented in the related studies of the Generative Adversarial Network (GAN) [1]. Thus, we aimed to detect defects on railroad surface even without a dedicated database. This constructed model is designed to learn to generate the railroad surface combining the different railroad surface textures and the original surface, considering the ground truth of the railroad defects. The generated images of the railroad surface were used as training data in defect detection network [2], which is based on Fully Convolutional Network (FCN) [3]. To validate its performance, we clustered and divided the railroad data into three subsets, one subset as original railroad texture images and the remaining two subsets as another railroad surface texture images. In the first experiment, we used only original texture images for training sets in the defect detection model. And in the second experiment, we trained the generated images that were generated by combining the original images with a few railroad textures of the other images. Each defect detection model was evaluated in terms of 'intersection of union(IoU)' and F1-score measures with ground truths. As a result, the scores increased by about 10~15% when the generated images were used, compared to the case that only the original images were used. This proves that it is possible to detect defects by using the existing data and a few different texture images, even for the railroad surface images in which dedicated training database is not constructed."
딥러닝에 의한 라이다 반사강도로부터 엄밀정사영상 생성,2020,"['LiDAR Intensity', 'True Orthoimage', 'Deep Learning', 'GAN', '라이다 반사강도', '엄밀정사영상', '딥러닝', '생성적 적대 신경망']","정사영상 생성을 위한 많은 연구들이 진행되어 왔다. 기존의 방법은 정사영상을 제작할 경우, 폐색지역을 탐지하고 복원하기 위해 항공영상의 외부표정요소와 정밀 3D 객체 모델링 데이터가 필요하며, 일련의 복잡한 과정을 자동화하는 것은 어렵다. 본 논문에서는 기존의 방법에서 탈피하여 딥러닝(DL)을 이용하여 엄밀정사영상을 제작하는 새로운 방법을 제안하였다. 딥러닝은 여러 분야에서 더욱 급속하게 활용되고 있으며, 최근 생성적 적대 신경망(GAN)은 영상처리 및 컴퓨터비전 분야에서 많은 관심의 대상이다. GAN을 구성하는 생성망은 실제 영상과 유사한 결과가 생성되도록 학습을 수행하고, 판별망은 생성망의 결과가 실제 영상으로 판단될 때까지 반복적으로 수행한다. 본 논문에서 독일 사진측량, 원격탐사 및 공간정보학회(DGPF)가 구축하고 국제 사진측량 및 원격탐사학회(ISPRS)가 제공하는 데이터 셋 중에서 라이다 반사강도 데이터와 적외선 정사영상을 GAN기반의 Pix2Pix 모델 학습에 사용하여 엄밀정사영상을 생성하는 두 가지 방법을 제안하였다. 첫 번째 방법은 라이다 반사강도영상을 입력하고 고해상도의 정사영상을 목적영상으로 사용하여 학습하는 방식이고, 두 번째 방법에서도 입력영상은 첫 번째 방법과 같이 라이다 반사강도영상이지만 목적영상은 라이다 점군집 데이터에 칼라를 지정한 저해상도의 영상을 이용하여 재귀적으로 학습하여 점진적으로 화질을 개선하는 방법이다. 두 가지 방법으로 생성된 정사영상을 FID (Fréchet Inception Distance)를 이용하여 정량적 수치로 비교하면 큰 차이는 없었지만, 입력영상과 목적영상의 품질이 유사할수록, 학습 수행 시 epoch를 증가시키면 우수한 결과를 얻을 수 있었다. 본 논문은 딥러닝으로 엄밀정사영상 생성 가능성을 확인하기 위한 초기단계의 실험적 연구로서 향후 보완 및 개선할 사항을 파악할 수 있었다.","During last decades numerous studies generating orthoimage have been carried out. Traditional methods require exterior orientation parameters of aerial images and precise 3D object modeling data and DTM (Digital Terrain Model) to detect and recover occlusion areas. Furthermore, it is challenging task to automate the complicated process. In this paper, we proposed a new concept of true orthoimage generation using DL (Deep Learning). DL is rapidly used in wide range of fields. In particular, GAN (Generative Adversarial Network) is one of the DL models for various tasks in imaging processing and computer vision. The generator tries to produce results similar to the real images, while discriminator judges fake and real images until the results are satisfied. Such mutually adversarial mechanism improves quality of the results. Experiments were performed using GAN-based Pix2Pix model by utilizing IR (Infrared) orthoimages, intensity from LiDAR data provided by the German Society for Photogrammetry, Remote Sensing and Geoinformation (DGPF) through the ISPRS (International Society for Photogrammetry and Remote Sensing). Two approaches were implemented: (1) One-step training with intensity data and high resolution orthoimages, (2) Recursive training with intensity data and color-coded low resolution intensity images for progressive enhancement of the results. Two methods provided similar quality based on FID (Fréchet Inception Distance) measures. However, if quality of the input data is close to the target image, better results could be obtained by increasing epoch. This paper is an early experimental study for feasibility of DL-based true orthoimage generation and further improvement would be necessary."
적대적 공격에 견고한 Perceptual Ad-Blocker 기법,2020,"['Adversarial example', 'Perceptual Ad-Blocker', 'Defense-GAN', 'MagNet']","Perceptual Ad-Blocking은 인공지능 기반의 광고 이미지 분류 모델을 이용하여 온라인 광고를 탐지하는 새로운 광고 차단 기법이다. 이러한 Perceptual Ad-Blocking은 최근 이미지 분류 모델이 이미지를 틀리게 분류하게끔 이미지에 노이즈를 추가하는 적대적 예제(adversarial example)를 이용한 적대적 공격(adversarialattack)에 취약하다는 연구 결과가 제시된 바 있다. 본 논문에서는 다양한 적대적 예제를 통해 기존 PerceptualAd-Blocking 기법의 취약점을 증명하고, MNIST, CIFAR-10 등의 데이터 셋에서 성공적인 방어를 수행한Defense-GAN과 MagNet이 광고 이미지에도 효과적으로 작용함을 보인다. 이를 통해 Defense-GAN과MagNet 기법을 이용해 적대적 공격에 견고한 새로운 광고 이미지 분류 모델을 제시한다. 기존 다양한 적대적 공격기법을 이용한 실험 결과에 따르면, 본 논문에서 제안하는 기법은 적대적 공격에 견고한 이미지 분류 기술을 통해공격 이전의 이미지 분류 모델의 정확도와 성능을 확보할 수 있으며, 더 나아가 방어 기법의 세부사항을 아는 공격자의 화이트박스 공격(White-box attack)에도 일정 수준 방어가 가능함을 보였다.","Perceptual Ad-Blocking is a new advertising blocking technique that detects online advertising by using an artificialintelligence-based advertising image classification model. A recent study has shown that these Perceptual Ad-Blocking modelsare vulnerable to adversarial attacks using adversarial examples to add noise to images that cause them to be misclassified.In this paper, we prove that existing perceptual Ad-Blocking technique has a weakness for several adversarial example andthat Defense-GAN and MagNet who performed well for MNIST dataset and CIFAR-10 dataset are good to advertisingdataset. Through this, using Defense-GAN and MagNet techniques, it presents a robust new advertising image classificationmodel for adversarial attacks. According to the results of experiments using various existing adversarial attack techniques, thetechniques proposed in this paper were able to secure the accuracy and performance through the robust image classificationtechniques, and furthermore, they were able to defend a certain level against white-box attacks by attackers who knew thedetails of defense techniques."
An adaptive deviation-resistant neutron spectrum unfolding method based on transfer learning,2020,"['Neutron spectrum unfolding', 'Artificial neural network', 'Adaptive deviation-resistant', 'Transfer learning']",,"Neutron spectrum is essential to the safe operation of reactors. Traditional online neutron spectrum measurement methods still have room to improve accuracy for the application cases of wide energy range. From the application of artificial neural network (ANN) algorithm in spectrum unfolding, its accuracy is difficult to be improved for lacking of enough effective training data. In this paper, an adaptive deviation-resistant neutron spectrum unfolding method based on transfer learning was developed. The model of ANN was trained with thousands of neutron spectra generated with Monte Carlo transport calculation to construct a coarse-grained unfolded spectrum. In order to improve the accuracy of the unfolded spectrum, results of the previous ANN model combined with some specific eigenvalues of the current system were put into the dataset for training the deeper ANN model, and fine-grained unfolded spectrum could be achieved through the deeper ANN model. The method could realize accurate spectrum unfolding while maintaining universality, combined with detectors covering wide energy range, it could improve the accuracy of spectrum measurement methods for wide energy range. This method was verified with a fast neutron reactor BN-600. The mean square error (MSE), average relative deviation (ARD) and spectrum quality (Qs) were selected to evaluate the final results and they all demonstrated that the developed method was much more precise than traditional spectrum unfolding methods."
얼굴 속성 편집을 위한 마스크 정보를 활용한 개선된 STGAN,2020,"['얼굴 속성 편집', 'GAN', '딥러닝', '마스크', 'STGAN', 'Facial attribute editing', 'GAN', 'Deep learning', 'Mask', 'STGAN']","본 논문에서는 머리카락과 모자 영역의 마스크 정보를 활용하여 더 자연스러운 얼굴 속성 편집(facial attribute editing)을 수행하는 모델을 제안한다. 최신 얼굴 속성 편집 연구인 STGAN은 다중얼굴 속성을 자연스럽게 편집하는 성과를 보였다. 그러나 머리카락과 관련된 속성을 편집할 때부자연스러운 결과를 생성할 수 있다. 제안하는 방법의 핵심 아이디어는 기존 모델에서 부족했던얼굴 영역의 정보를 모델에 추가로 반영하는 것이다. 이를 위해 세 가지 아이디어를 적용한다. 첫째로 마스크를 통해 머리카락 면적 속성을 추가하여 머리카락 정보를 보완한다. 둘째로 순환 일관성 손실(cycle consistency loss)을 추가하여 영상의 불필요한 변화를 억제한다. 셋째로 모자 분할신경망을 추가하여 모자 영역 왜곡을 방지한다. 정성적 평가를 통해 제안하는 방법 적용 여부에따른 유효성을 평가 및 분석한다. 실험 결과에서 제안하는 방법이 머리카락 및 얼굴 영역을 더자연스럽게 생성하고, 모자 영역의 왜곡을 성공적으로 방지했다.","In this paper, we propose a model that performs more natural facial attribute editing by utilizing mask information in the hair and hat region. STGAN, one of state-of-the-art research of facial attribute editing, has shown results of naturally editing multiple facial attributes. However, editing hair-related attributes can produce unnatural results. The key idea of the proposed method is to additionally utilize information on the face regions that was lacking in the existing model. To do this, we apply three ideas. First, hair information is supplemented by adding hair ratio attributes through masks. Second, unnecessary changes in the image are suppressed by adding cycle consistency loss. Third, a hat segmentation network is added to prevent hat region distortion. Through qualitative evaluation, the effectiveness of the proposed method is evaluated and analyzed. The method proposed in the experimental results generated hair and face regions more naturally and successfully prevented the distortion of the hat region."
AugGAIL : 로봇 조작 작업을 위한 증강된 생성적 적대 모방 학습,2020,"['robotic object manipulation task', 'imitation learning', 'generative adversarial imitation learning']",,"GAIL is an imitation learning model that has shown successful results for control tasks in continuous state-action space through adversarial learning methods that are similar to GANs. This learning model can obtain an expert-like task policy with fewer trial errors than pure reinforcement learning methods. However, it associates with low data efficiency in that it requires many interactions with the environment in order to reach the expert’s performance level. To overcome this limitation, we propose a novel imitation learning model, AugGAIL. AugGAIL has several important extensions compared to GAIL such as replacing TRPO-based policy updates with more efficient PPO-based ones, incorporating task-oriented rewards into the original reward function, applying a novel data sampling strategy to train the discriminator more efficiently, and pre-training the policy network similar to that of behavioral cloning. In this study, we applied the AugGAIL learning model to several robotic object manipulation tasks with continuous state-action space, including pick-up, pick-and-place, and stack. In various experiments using a simulated Jaco arm robot, AugGAIL showed higher efficiency and performance than other imitation learning models."
주파수 분리 및 이중생성자 기반의 고해상도 애니메이션 스타일 선화 자동 채색,2020,"['Machine Learning', 'Generative Adversarial Network', 'Line Arts Colorization', 'Image Generation']",,"In this paper, we use Generative Adversarial Networks (GAN) to address the industrial needs of auto colorization of line arts which takes enormous amount of manual labor. Auto-colorization method used in Image-to-Image conversion based on GAN has received a lot of attention due to its promising results. In this paper, we present a solution to not only colorize the line art but also transform the low resolution out image to match the resolution of the input image through two generators and frequency separation method. A high frequency components are extracted from the line, then two generators are used to colorize the image in low resolution. The high frequency component is merged with low resolution image to produce the high resolution colorized image. The resolution of fi nal output image matches the resolution of original image while preserving the texture of the input image, whereas the other schemes reduce the output image to 512 pixels. We performed visual and qualitative evaluation using FID, PSNR, and SSIM. The FID Score of the proposed method is better than the base model by about 4 (proposed: 47.87 and base model 51.64). PNSR and SSIM of the high-resolution images are also better than the base model. PSNR and SSIM of base model is 13.01 and 0.72 whereas the proposed is 20.77 and 0.86, respectively."
군 폐쇄망 환경에서의 모의 네트워크 데이터 셋 평가 방법 연구,2020,"['데이터 셋', '네트워크 침입 탐지 시스템', '데이터 평가', '머신러닝', 'dataset', 'Network Intrusion Detection System', 'Data evaluation', 'Machine Learning']","이 논문은 Generative Adversarial Network (GAN) 을 이용하여 증진된 이미지 데이터를 평가방식인 Inception Score (IS) 와 Frechet Inception Distance (FID) 계산시 inceptionV3 모델을 활용 하는 방식을 응용하여, 군 폐쇄망 네트워크 데이터를 이미지 형태로 평가하는 방법을 제안한다. 기존 존재하는 이미지 분류 모델들에 레이어를 추가하여 IncetptionV3 모델을 대체하고, 네트워크 데이터를 이미지로 변환 및 학습 하는 방법에 변화를 주어 다양한 시뮬레이션을 진행하였다. 실험 결과, atan을 이용해 8 * 8 이미지로 변환한 데이터에 대해 1개의 덴스 레이어 (Dense Layer)를 추가한 Densenet121를 학습시킨 모델이 네트워크 데이터셋 평가 모델로서 가장 적합하다는 결과를 도출하였다.","This paper suggests evaluating the military closed network data as an image which is generated by Generative Adversarial Network (GAN), applying an image evaluation method such as the InceptionV3 model-based Inception Score (IS) and Frechet Inception Distance (FID). We employed the famous image classification models instead of the InceptionV3, added layers to those models, and converted the network data to an image in diverse ways. Experimental results show that the Densenet121 model with one added Dense Layer achieves the best performance in data converted using the arctangent algorithm and 8 * 8 size of the image."
cGAN을 이용한 OCT 이미지의 층 분할,2020,"['Conditional GAN', 'Layer Segmentation', 'Optical Coherence Tomography', 'Deep Learning']",,"Segmenting OCT retinal images into layers is important to diagnose and understand the progression of retinal diseases or identify potential symptoms. The task of manually identifying these layers is a difficult task that requires a lot of time and effort even for medical professionals, and therefore, various studies are being conducted to automate this using deep learning technologies. In this paper, we use cGAN-based neural network to automatically segmenting OCT retinal images into seven terrain-type regions defined by six layer boundaries. The network is composed of a Segnet-based generator model and a discriminator model. We also proposed a dynamic programming algorithm for refining the outputs of the network. We performed experiments using public OCT image data set and compared its performance with the Segnet-only version of the network. The experimental results show that the cGAN-based network outperforms Segnet-only version."
R2와 어텐션을 적용한 유넷 기반의 영상 간 변환에 관한 연구,2020,"['Image-to-Image Translation', 'conditional GAN', 'U-Net', '영상 간 변환', '조건 적대적 생성 신경망', '유넷']","영상 처리 및 컴퓨터 비전 분야에서 하나의 영상을 통해 다른 영상으로 재구성하거나 새로운 영상을 생성하는 문제는 하드웨어의발전에 따라 꾸준히 주목받고 있다. 그러나 컴퓨터를 통해 생성한 이미지를 사람의 눈으로 바라봤을 때 자연스럽지 않다는 문제 또한 계속해서 대두되고 있다. 최근 딥러닝 분야에 대한 연구가 활발히 진행됨에 따라 이를 활용한 영상 생성 및 개선 문제 또한 활발히 연구되고 있으며 그 중에서도 적대적 생성 신경망(Generative Adversarial Network)이라는 네트워크가 영상 생성 분야에 있어 좋은결과를 보이고 있다. 적대적 생성 신경망이 제안된 이후 이를 기반으로 하는 다양한 네트워크가 제시됨에 따라 영상 생성 분야에서더 자연스러운 영상을 생성하는 것이 가능해졌다. 그 중 pix2pix은 조건 적대적 생성 신경망 모델로 다양한 데이터셋에서도 좋은 성능을보이는 범용적인 네트워크이다. pix2pix는 U-Net을 기반으로 두고 있으나 U-Net을 기반으로 하는 네트워크 중에서는 더 좋은 성능을 보이는 네트워크가 다수 존재한다. 때문에 본 연구에서는 pix2pix의 U-Net에 다양한 네트워크를 적용해 영상을 생성하고 그 결과를 상호비교 평가한다. 각 네트워크를 통해 생성된 영상을 통해 기존의 U-Net을 사용한 pix2pix 모델보다 어텐션, R2, 어텐션-R2 네트워크를 적용한 pix2pix 모델이 더 좋은 성능을 보이는 것을 확인하고 그 중 가장 성능이 뛰어난 네트워크의 한계점을 향후 연구로 제시한다.","In the Image processing and computer vision, the problem of reconstructing from one image to another or generating a new image has been steadily drawing attention as hardware advances. However, the problem of computer-generated images also continues to emerge when viewed with human eyes because it is not natural. Due to the recent active research in deep learning, image generating and improvement problem using it are also actively being studied, and among them, the network called Generative Adversarial Network(GAN) is doing well in the image generating. Various models of GAN have been presented since the proposed GAN, allowing for the generation of more natural images compared to the results of research in the image generating. Among them, pix2pix is a conditional GAN model, which is a general-purpose network that shows good performance in various datasets. pix2pix is based on U-Net, but there are many networks that show better performance among U-Net based networks. Therefore, in this study, images are generated by applying various networks to U-Net of pix2pix, and the results are compared and evaluated. The images generated through each network confirm that the pix2pix model with Attention, R2, and Attention-R2 networks shows better performance than the existing pix2pix model using U-Net, and check the limitations of the most powerful network. It is suggested as a future study"
정칙화 항에 기반한 WGAN의 립쉬츠 연속 안정화 기법 제안,2020,"['Generative Model', 'Lipschitz Continuity', 'Training Stability', 'Wasserstein Distance', 'Wasserstein GAN']",최근에 제안된 WGAN(Wasserstein generative adversarial network)의 등장으로 GAN(generative adversarial network)의 고질적인 문제인 까다롭고 불안정한 학습과정이 다소 개선되기는 하였으나 여전히 수렴이 안되거나 자연스럽지 못한 출력물을 생성하는 등의 경우가 발생한다. 이러한 문제를 해결하기 위하여 본 논문에서는 분별기가 실제 데이터 확률분포를 보다 정확히 추정할 수 있도록 표본화 과정을 개선하는 동시에 분별기 함수의 립쉬츠 연속조건을 안정적으로 유지시키기 위한 알고리즘을 제안한다. 다양한 실험을 통하여 제안 기법의 특성을 분석하고 성능을확인한다.,"The recently proposed Wasserstein generative adversarial network (WGAN) has improved some of the tricky and unstable training processes that are chronic problems of the generative adversarial network(GAN), but there are still cases where it generates poor samples or fails to converge. In order to solve the problems, this paper proposes algorithms to improve the sampling process so that the discriminator can more accurately estimate the data probability distribution to be modeled and to stably maintain the discriminator should be Lipschitz continuous. Through various experiments, we analyze the characteristics of the proposed techniques and verify their performances."
Improved CycleGAN for underwater ship engine audio translation,2020,"['Generative Adversarial Networks (GANs)', 'Style transfer', 'Cycle-Consistency GAN (CycleGAN)', 'Mel-Cepstrum (MCEP)', 'Mean Opinion Score (MOS)', '생성적 적대 신경망(Generative Adversarial Network', 'GAN)', '데이터 확장 기법', 'Cycle-Consistency GAN (CycleGAN)', 'Mel-Cepstrum(MCEP)', '평균 의견 점수(Mean Opinion Score', 'MOS)']",,"Machine learning algorithms have made immense contributions in various fields including sonar and radar applications. Recently developed Cycle-Consistency Generative Adversarial Network (CycleGAN), a variant of GAN has been successfully used for unpaired image-to-image translation. We present a modified CycleGAN for translation of underwater ship engine sounds with high perceptual quality. The proposed network is composed of an improved generator model trained to translate underwater audio from one vessel type to other, an improved discriminator to identify the data as real or fake and a modified cycle-consistency loss function. The quantitative and qualitative analysis of the proposed CycleGAN are performed on publicly available underwater dataset ShipsEar by evaluating and comparing Mel-cepstral distortion, pitch contour matching, nearest neighbor comparison and mean opinion score with existing algorithms. The analysis results of the proposed network demonstrate the effectiveness of the proposed network."
머신러닝을 사용한 탄성파 자료 보간법 기술 연구 동향 분석,2020,"['탄성파 자료 보간', '머신러닝', '서포트 벡터 머신', '유넷', '잔차넷', '생성적 적대 신경망', 'seismic data interpolation', 'machine learning', 'support vector machine', 'U-Net', 'ResNet', 'GAN']","탄성파 탐사를 수행할 때 경제적, 환경적 제약 또는 탐사 장비의 문제 등에 의해 탄성파 자료의 일부가 규칙적또는 불규칙적으로 손실되는 경우가 발생하게 된다. 이러한 자료 손실은 탄성파 자료 처리와 해석 결과에 부정적인 영향을 주기 때문에 사라진 탄성파 자료를 복원할 필요가 있다. 탄성파 자료 복원을 위해 재탐사 또는 추가적인 탐사를 진행하는 경우 시간적, 경제적 비용이 발생하기 때문에, 많은 연구자들이 사라진 탄성파 자료를 정확히 복원하기 위한 보간 기법 연구를 진행해왔다. 최근에는 머신러닝 기술 발달에 따라 머신러닝 기법을 활용한 연구들이 진행되고 있고, 다양한 머신러닝 기술들 중에서도 서포트 벡터 회귀, 오토인코더, 유넷, 잔차넷, 생성적 적대 신경망 등의 알고리즘을 활용한 탄성파 자료의 보간 연구가 활발하게 진행되고 있다. 이 논문에서는 이러한 연구들을 조사하고 분석하여 복잡한 신경망 모델뿐 아니라 상대적으로 구조가 간단한 서포트 벡터 회귀 모델을 통해서도 뛰어난 보간 결과를 얻을 수 있다는 것을 확인했다. 추후 머신러닝 기법들을 사용하는 탄성파 자료 보간 연구들에서 오픈소스로 공개된 실제 자료를 이용하며 데이터증식, 전이학습, 기존 기법을 이용한 규제 등의 기술을 활용하면 탄성파 자료 보간 성능을 향상시킬 수 있을 것으로 기대된다.","We acquire seismic data with regularly or irregularly missing traces, due to economic, environmental, and mechanical problems. Since these missing data adversely affect the results of seismic data processing and analysis, we need to reconstruct the missing data before subsequent processing. However, there are economic and temporal burdens to conducting further exploration and reconstructing missing parts. Many researchers have been studying interpolation methods to accurately reconstruct missing data. Recently, various machine learning technologies such as support vector regression, autoencoder, U-Net, ResNet, and generative adversarial network (GAN) have been applied in seismic data interpolation. In this study, by reviewing these studies, we found that not only neural network models, but also support vector regression models that have relatively simple structures can interpolate missing parts of seismic data effectively.We expect that future research can improve the interpolation performance of these machine learning models by using open-source field data, data augmentation, transfer learning, and regularization based on conventional interpolation technologies."
Preventing Intra-hospital Infection and Transmission of Coronavirus Disease 2019 in Health-care Workers,2020,"['Coronavirus', 'Occupational health', 'SEIPS']",,"Coronavirus disease 2019 poses an occupational health risk to health-care workers. Several thousand health-care workers have already been infected, mainly in China. Preventing intra-hospital transmission of the communicable disease is therefore a priority. Based on the Systems Engineering Initiative for Patient Safety model, the strategies and measures to protect health-care workers in an acute tertiary hospital are described along the domains of work task, technologies and tools, work environmental factors, and organizational conditions. The principle of zero occupational infection remains an achievable goal that all health-care systems need to strive for in the face of a potential pandemic."
Parameters Effect on Predicting Fire Resistance of Ultra-high Strength Concrete Filled Protected Square Steel Tubular Columns,2020,['Thermal analysis · Constant axial load · Fire resistance · Protected square steel tubular column · Ultra-high strength concrete · Mechanical properties'],,"Ultra-high strength concrete (UHSC) with compressive strength greater than 100 MPa at room temperature has been developed for concrete fi lled square steel tubular column for use in high-rise buildings. The fi re resistance of UHSC fi lled protected square steel tubular columns exposed to the standard ISO fi re is investigated in this paper. For this purpose, numerical heat transfer analysis and nonlinear thermal stress analysis were conducted by taking into account the existing material properties, such as the thermal and mechanical properties of UHSC and high strength steel. The numerical analyses were carried out and the results were validated against the test results in terms of heat distribution and mechanical behavior. Comparison with the test results showed a reasonable agreement with fi nite element results in terms of temperature fi eld prediction and load displacement behavior during the fi re. Finally, based on the validated fi nite element model, the eff ects of fi re protection thickness, load ratio, the strengths of concrete and steel, steel contribution ratio, and relative slenderness ratio on the fi re resistance of UHSC fi lled square steel tubular columns were carried out and discussed."
No-reference Image Blur Assessment Based on Multi-scale Spatial Local Features,2020,"['Image blur assessment', 'Gaussian scale space', 'generalized Gaussian distribution', 'singular value decomposition', 'gradient']",,"Blur is an important type of image distortion. How to evaluate the quality of blurred image accurately and efficiently is a research hotspot in the field of image processing in recent years. Inspired by the multi-scale perceptual characteristics of the human visual system (HVS), this paper presents a no-reference image blur/sharpness assessment method based on multi-scale local features in the spatial domain. First, considering various content has different sensitivity to blur distortion, the image is divided into smooth, edge, and texture regions in blocks. Then, the Gaussian scale space of the image is constructed, and the categorized contrast features between the original image and the Gaussian scale space images are calculated to express the blur degree of different image contents. To simulate the impact of viewing distance on blur distortion, the distribution characteristics of local maximum gradient of multi-resolution images were also calculated in the spatial domain. Finally, the image blur assessment model is obtained by fusing all features and learning the mapping from features to quality scores by support vector regression (SVR). Performance of the proposed method is evaluated on four synthetically blurred databases and one real blurred database. The experimental results demonstrate that our method can produce quality scores more consistent with subjective evaluations than other methods, especially for real burred images."
Computed-Tomography-Determined Sarcopenia is a Useful Imaging Biomarker for Predicting Postoperative Outcomes in Elderly Colorectal Cancer Patients,2020,"['Elderly colorectal cancer', 'CT-determined sarcopenia', 'Prognosis', 'Nutrition', 'Complication']",,"Purpose This study aimed to establish whether computed tomography (CT)–determined sarcopenia is a useful imaging biomarker for postoperative outcome in elderly colorectal cancer (CRC) patients, and construct sarcopenia-based nomograms to predict individual outcomes after surgery.Materials and Methods CT imaging data of 298 elderly CRC patients who underwent surgery in 2012-2014 were retrospectively analyzed. Skeletal muscle mass was determined by CT, and sarcopenia was diagnosed based on the optimal cutoff value determined by X-tile program. The correlation between sarcopenia and risk of preoperative nutrition and postoperative complications was evaluated. A Cox proportional hazards model was used to determine survival predictors.Sarcopenia-based nomograms were developed based on multivariate analysis, and calibrated using concordance index and calibration curves.Results A total 132 patients (44.3%) had sarcopenia based on the optimum cutoff values (29.9 cm2/m2 for women and 49.5 cm2/m2 for men). Sarcopenia was an independent risk factor for preoperative nutrition (p < 0.001; odds ratio [OR], 3.405; 95% confidence interval [CI], 1.948 to 5.954) and postoperative complications (p=0.008; OR, 2.192; 95% CI, 1.231 to 3.903). Sarcopenia was an independent predictor for poor progression-free survival (p < 0.001; hazard ratio [HR], 2.175; 95% CI, 1.489 to 3.179) and overall survival (p < 0.001; HR, 2.524; 95% CI, 1.721 to 3.703). Based on multivariate analysis, we produced four nomograms that had better predictive performance.Conclusion CT-determined sarcopenia is a useful imaging biomarker for predicting preoperative nutritional risk, postoperative complications, and long-term outcomes in elderly CRC patients.The sarcopenia-based nomograms can provide a scientific basis for guiding therapeutic schedule and follow-up strategies."
원격 탐사 영상을 활용한 CNN 기반의 초해상화 기법 연구,2020,"['SISR', 'remote sensing image', 'super resolution', 'edge loss', 'DPID']","초해상화 기법은 저해상도 영상을 고해상도 영상으로 변환하는 기법이다. 최근에는 딥러닝 기술을 활용한 초해상화 방법이 주류를 이루고 있으며, 원격 탐사 분야에서도 이를 응용한 연구가 증가하고 있다. 본 연구에서는 위성 영상의 4배 해상도 향상을 위하여 deep back-projection network (DBPN) 네트워크에 기반한 초해상화 기법을 제안하였다. 또한, 복원된 영상의 디테일 및 윤곽선 부분에서의 고품질 영상 획득을 위해 윤곽선 손실 함수를 제안하고, 효과적이고 안정적인 학습을 위하여 Wasserstein distance 손실 함수를 사용한 GAN 기법을 적용하였다. 또한, 자연스러운 저해상도 훈련 영상을 획득하기 위한 detail preserving image down-scaling (DPID) 기법을 적용하였다. 마지막으로 전정 영상의 특징을 추출하여 훈련의 마지막 단계에 적용 시킴으로써 출력 영상의 세부적인 특징을 효과적으로 생성하였다. 그 결과 실험에 사용된 WorldView-3 영상 및KOMPSAT-2 영상에서 해상도 향상 효과를 확인하였고, 다른 초해상화 모델에 대비하여 윤곽선 보존력이나영상의 선명도가 향상 되었음을 확인하였다.","Super-resolution is a technique used to reconstruct an image with low-resolution into that of high-resolution. Recently, deep-learning based super resolution has become the mainstream, and applications of these methods are widely used in the remote sensing field. In this paper, we propose a super-resolution method based on the deep back-projection network model to improve the satellite image resolution by the factor of four. In the process, we customized the loss function with the edge loss to result in a more detailed feature of the boundary of each object and to improve the stability of the model training using generative adversarial network based on Wasserstein distance loss. Also, we have applied the detail preserving image down-scaling method to enhance the naturalness of the training output.Finally, by including the modified-residual learning with a panchromatic feature in the final step of the training process. Our proposed method is able to reconstruct fine features and high frequency information.Comparing the results of our method with that of the others, we propose that the super-resolution method improves the sharpness and the clarity of WorldView-3 and KOMPSAT-2 images."
훈련영상의 얼굴속성 별 분리학습을 통한 모자이크 얼굴영역의 복원,2020,"['Image unmosaicing', 'Image completion', 'Image inpainting']","본 논문에서는 모자이크 얼굴영역을 복원하는 image unmosaicing 성능 향상 방법을 제안한다. 기존 연구는 모자이크 영역을 복구하는 과정에서 안경, 모자 그리고 성별 등의 얼굴속성을 재구성하지 못하는 문제점이 있다. 이와 같은 문제를 해결하고자 얼굴속성 별 분리학습 아이디어에 기반하여 영상분류기를 통해 훈련영상을 각 얼굴속성 그룹으로 분류하고 각 속성별로 판별 네트워크(discriminator)를 채용하는 GAN(Generative Adversarial Network) 모델을 제안 및 실험하였다. 실험을 통해 제안한 방법이 원본영상의 얼굴속성을 복원하고 높은 품질의 영상을 생성하는 것을 확인하였다.","In this paper, we propose a method to restore mosaic facial images so that the restored facial images can have not only correct semantic structure but also the same facial attributes as the ground truth. State-of-the-art methods produce plausible unmosaic facial images, but fail to correctly generate facial attributes such as glasses, hat and gender. To address this problem, we propose the idea of separate training for different facial attributes. For this, our network divides the training images into groups with the same facial attribute using a pretrained VGG-19 classifier and, trains a GAN based network that employs as many discriminators as the number of different facial attributes considered. Experimental results show that our model outperforms previous state-of-the-art methods in restoring the facial attributes considered."
"Cyanidin-3-O-Glucoside and Cyanidin Protect Against Intestinal Barrier Damage and 2,4,6-Trinitrobenzenesulfonic Acid-Induced Colitis",2020,['inflammation interferon regulatory factor 3 lipopolysaccharide Radix Isatidis sepsis'],,"Anthocyanin-rich extracts have shown anti-inflammation activity in mouse colitis models. Cyanidin-3-glucoside (C3G) is one of the widespread anthocyanins in plants, and cyanidin (Cy) is the aglycone of C3G that can be generated in intestine under gut microorganism metabolism. To explore the anti-inflammatory activity of single anthocyanins compound and show the potential mechanism, the protective effects of C3G and its aglycone Cy on 2,4,6-trinitrobenzenesulfonic acid (TNBS)-induced colitis in mice and lipopolysaccharide (LPS)-stimulated Caco-2 cellular monolayer inflammation were studied. The results showed that both C3G and Cy significantly improved the clinical symptoms and relieved the histological damage in TNBS-challenged mice. The activity of myeloperoxidase and the excretion of inflammatory cytokines tumor necrosis factor-α, interleukin-1β, interleukin-6, and interferon-γ were also significantly inhibited at the administration dosage of 200 μmol/kg. In vitro studies showed that when LPS-stimulated Caco-2 cells were pretreated with C3G and Cy, the destruction of the intestinal epithelial barrier was ameliorated due to the improvement of the transepithelial electrical resistance and Lucifer yellow flux values, while there were no significant difference between C3G and Cy groups at the same dosage. Similarly, both C3G and Cy suppressed nitric oxide production and inflammatory cytokines secretion of LPS-induced Caco-2 cells. C3G and its aglycone Cy had similar anti-inflammatory activity in both colitis mice and Caco-2 cells. The results suggest that C3G and Cy may exert anti-inflammatory effects by protecting the intestinal barrier as well as by suppressing inflammatory cytokine secretion. Thus, C3G or Cy could be potential preventive agents or supplementary medicines for inflammatory bowel disease."
