title,date,keywords,abstract,multilingual_abstract
기본 특징추출신경망에 따른 YOLO의 말벌인식 성능 평가,2020,"['Deep CNN', 'Vespa monitoring system', 'YOLOv2', 'Feature extraction layer', 'VGG19', 'Transfer learning']",,"Real-time monitoring system for Vespa is necessary to reduce the damage to beekeeping farmers. In this paper, we compare and analyze the performance of the YOLO-based deep learning algorithms suitable for developing real-time automatic recognition and classification systems for Apis mellifera and five types of vespas such as V. velutina nigrithorax, V. mandarinia, V. ducalis, V. similima and V. crabro. YOLO has shown the best quality for real-time object detection due to its fast speed by replacing iterative object detection with once regression for an input image. However, the YOLO utilizes the conventional DCNN (deep convolutional neural network) algorithm to extract features from images thus, detection performance of the YOLO depends on the DCNN utilized. Therefore, we evaluate the object detection performance by changing the feature extraction layers of YOLOv2 with AlexNet, VGG19, GoogLeNet, and ResNet50 to find the best combination DCNN model for YOLO on the six bees above. The comparison results are as follows. In terms of the speed of detection and classification, the model in which YOLOv2 is combined with the AlexNet as a feature extraction layer showed the highest detection speed per second. This model can detect and classify 5 vespas and a bee from an average of 438 images per second, but has a relatively low accuracy of 71.7%. In terms of accuracy, the model that combines the feature extraction layer of VGG19 with YOLOv2 generated the highest accuracy, 83.2%. In addition, it can process an average of 135 images per second, enabling real-time processing of surveillance videos for wasps and bees. Therefore, we verified that the combined YOLO model with the VGG19 can be the best real-time monitoring system for the vespa detection."
객체 검출을 위한 CNN과 YOLO 성능 비교 실험,2020,"['Object Detection', 'CNN (Convolutional Neural Networks)', 'YOLO (You Only Look Once)', 'Computer Vision']",,"Object detection plays a critical role in the field of computer vision, and various researches have rapidly increased along with applying convolutional neural network and its modified structures since 2012. There are representative object detection algorithms, which are convolutional neural networks and YOLO. This paper presents two representative algorithm series, based on CNN and YOLO which solves the problem of CNN bounding box. We compare the performance of algorithm series in terms of accuracy, speed and cost. Compared with the latest advanced solution, YOLO v3 achieves a good trade-off between speed and accuracy."
독거노인 케어를 위한 개선된 YOLO-KCF 기반 낙상감지 알고리즘,2020,[],,"As the number of elderly people living alone increases, the frequency of fall accidents is also increasing. Falls are a threat to the health of older adults and can reduce their ability to remain independent. To solve this problem, we need real-time technology to recognize and respond to the critical condition of the elderly living alone. Therefore, this paper proposes a modified fall detection algorithm based on YOLO-KCF that can check one of the emergency situations in real time for the elderly living alone. YOLO can detect not only the detection of objects, but also the behavior of objects, namely stand and fall. Therefore, this paper can detect fall using the ratio of change of boundary box between stand and falling situation, and this algorithm can improve the shortcomings of KCF."
반려동물 모니터링을 위한 YOLO 기반의 이동식 시스템 설계,2020,[],,"Recently, as the number of households raising pets increases due to the increase of single households, there is a need for a system for monitoring the status or behavior of pets. There are regional limitations in the monitoring of pets using domestic CCTVs, which requires a large number of CCTVs or restricts the behavior of pets. In this paper, we propose a mobile system for detecting and tracking cats using deep learning to solve the regional limitations of pet monitoring. We use YOLO (You Look Only Once), an object detection neural network model, to learn the characteristics of pets and apply them to Raspberry Pi to track objects detected in an image. We have designed a mobile monitoring system that connects Raspberry Pi and a laptop via wireless LAN and can check the movement and condition of cats in real time."
A Computer-Aided Diagnosis of Brain Tumors Using a Fine-Tuned YOLO-based Model with Transfer Learning,2020,"['Brain Tumors', 'Computer-Aided Diagnosis', 'Deep Learning', 'Medical Image Analysis', 'Object Detection']",,"This paper proposes transfer learning and fine-tuning techniques for a deep learning model to detect three distinct brain tumors from Magnetic Resonance Imaging (MRI) scans. In this work, the recent YOLOv4 model trained using a collection of 3064 T1-weighted Contrast-Enhanced (CE)-MRI scans that were pre-processed and labeled for the task. This work trained with the partial 29-layer YOLOv4-Tiny and fine-tuned to work optimally and run efficiently in most platforms with reliable performance. With the help of transfer learning, the model had initial leverage to train faster with pre-trained weights from the COCO dataset, generating a robust set of features required for brain tumor detection. The results yielded the highest mean average precision of 93.14%, a 90.34% precision, 88.58% recall, and 89.45% F1-Score outperforming other previous versions of the YOLO detection models and other studies that used bounding box detections for the same task like Faster R-CNN. As concluded, the YOLOv4-Tiny can work efficiently to detect brain tumors automatically at a rapid phase with the help of proper fine-tuning and transfer learning. This work contributes mainly to assist medical experts in the diagnostic process of brain tumors."
YOLO 네트워크를 활용한 전이학습 기반 객체 탐지 알고리즘,2020,"['Object Detection', 'Transfer Learning', 'Deep Learning', 'Image Processing']",,"To guarantee AI model's prominent recognition rate and recognition precision, obtaining the large number of data is essential. In this paper, we propose transfer learning-based object detection algorithm for maintaining outstanding performance even when the volume of training data is small. Also, we proposed a tranfer learning network combining Resnet-50 and YOLO(You Only Look Once) network. The transfer learning network uses the Leeds Sports Pose dataset to train the network that detects the person who occupies the largest part of each images. Simulation results yield to detection rate as 84% and detection precision as 97%."
교통 영상 빅데이터 처리를 위한 Yolo 기반 광원 객체 탐지,2020,"['Traffic Safety', 'Deep Learning', 'Object Detection', 'Light Source Object', 'Image Processing', '교통안전', '딥러닝', '객체 탐지', '광원 객체', '이미지 처리']",교통안전에 대한 관심이 높아짐에 따라 교통사고의 발생률을 줄이는 자율 주행에 대한 연구가 지속적으로 진행되고 있다. 객체의 인식과 탐지는 자율 주행을 위한 필수적인 요소이다. 때문에 도로 상황을 판단하기 위하여 교통 영상 빅데이터에서 객체 인식 및 탐지에 대한 연구가 활발히 진행 중이다. 하지만 기존 연구들은 대부분 주간 데이터만 사용하기 때문에 야간 도로에서 객체 인식이 어렵다. 특히 광원 객체의 경우 빛 번짐과 백화 현상으로 인해 주간의 특징을 그대로 사용하기 어렵다. 따라서 본 연구에서는 교통 영상 빅데이터 처리를 위한 Yolo 기반 광원 객체 탐지를 제안한다. 제안하는 방법은 야간 교통 영상을 대상으로 색상 모델 변화를 적용하여 이미지 처리를 수행한다. 이미지 처리를 통해서 객체의 특징을 추출하여 객체의 후보군을 결정한다. 후보군 데이터를 활용하여 딥러닝 모델을 통해 야간 도로에서 광원 객체 탐지의 인식률을 높이는 것이 가능하다.,"As interest in traffic safety increases, research on autonomous driving, which reduces the incidence of traffic accidents, is increased. Object recognition and detection are essential for autonomous driving. Therefore, research on object recognition and detection through traffic image big data is being actively conducted to determine the road conditions. However, because most existing studies use only daytime data, it is difficult to recognize objects on night roads. Particularly, in the case of a light source object, it is difficult to use the features of the daytime as it is due to light smudging and whitening. Therefore, this study proposes Yolo based light source object detection for traffic image big data processing. The proposed method performs image processing by applying color model transitions to night traffic image. The object group is determined by extracting the characteristics of the object through image processing. It is possible to increase the recognition rate of light source object detection on a night road through a deep learning model using candidate group data."
Distribution Line Pole Detection and Counting Based on YOLO Using UAV Inspection Line Video,2020,['Image processing · YOLO · Distribution line · Object detection'],,"In order to improve the efciency of post-disaster treatment of power distribution network, the application of UAV in disaster reduction and relief has been paid much attention by the power sector. Aiming at the loss assessment needs of overhead transmission lines in distribution network, this paper proposes an innovative solution of pole detection and counting in distribution network based on UAV inspection line video. Combined with the characteristics of YOLO’s rapid detection, the convolution neural network is applied to the image detection of the pole state. In addition, the pole data and corresponding images are obtained at the same time of detecting the inspection line video. Therefore, the power department can quickly count the losses to cope with the disaster. The anchor value is modifed before image training by YOLO v3, and sets the corresponding ROI for the UAV inspection line standard. In order to quickly obtain the loss assessment of post-disaster pole lodging, this paper proposes a counting algorithm by using the continuous ordinate change of the bounding box of the same pole in front and rear frame of video, so that the classifed counting of pole is accurate and the detection precision is above 0.9. The results obtained in video test show that this method is efective in detecting and counting the state of the pole of overhead transmission line in distribution network."
키에르케고르와 니체의 실존주의 철학을 바탕으로 해석한 체험관광 진정성에 관한 담론적 고찰: YOLO족을 중심으로,2020,"['YOLO', 'Travel experience', 'Authenticity', 'Kierkegaard existentialism', 'Nietzsche existentialism', 'Phenomenological research', '욜로', '여행 경험', '진정성', '키에르케고르의 실존주의', '니체의 실존주의', '현상학적 연구']",,
YOLO 기반 개체 검출과 Node.js 서버를 이용한 반려견 행동 분류 시스템 구현,2020,['YOLO'],,"This paper implements a method of extracting an object about a dog through real-time image analysis and classifying dog behaviors from the extracted images. The Darknet YOLO was used to detect dog objects, and the Teachable Machine provided by Google was used to classify behavior patterns from the extracted images. The trained Teachable Machine is saved in Google Drive and can be used by ml5.js implemented on a node.js server. By implementing an interactive web server using a socket.io module on the node.js server, the classified results are transmitted to the user's smart phone or PC in real time so that it can be checked anytime, anywhere."
클라우드 서버 환경에서 Lidar 센서와 Yolo v3 라이브러리를 이용한 360도 영상 인식 시스템 구현,2020,"['cloud servers', 'lidar', 'Yolo v3', 'image recognition system', 'dashcam']",,"In this paper, we implement the new image recognition system being operated in the cloud environment using Lidar sensors and 360 degree cameras. We analyze and classify data received from dashcam with 360 degree camera and a Lidar sensor. To reduce the system complexity and to efficiently manage the data in the cloud server as well as to improve the reliability of data, the video data received from the dashcam with 360 degree camera is transmitted to the cloud server only if the Lidar sensor detects some movement at the same time. These transmitted image data are stored through multiple frames in 10 seconds, and then the saved image data are analyzed using You Only Look Once v3 algorithm in the cloud server. The images and image data that have been analyzed are displayed as the objects in the bounding boxes."
Real-time Bhutanese license plate localization using YOLO,2020,['ALPRYOLOBhutanese license platesVehicle detectionFalse positive'],,"The Automatic License Plate Recognition (ALPR) is one of the intelligent transportation systems which provides a safe and secure mode of transportation. In ALPR technology, recognition accuracy entirely depends on the performance of the localization phase. This paper presents the real-time Bhutanese license plate (LP) localization using YOLO (You Only Look Once). The vehicle detection was performed before the LP localization to eliminate the false positives generated by the signboards as they look similar to LPs. A single convolutional neural network gave an overall mean average precision of 98.6% with the training loss of 0.0231 for vehicle and LP."
Correction to: Distribution Line Pole Detection and Counting Based on YOLO Using UAV Inspection Line Video,2020,[],,
지능형 객체 인식 기술을 이용한 실시간 동영상 검색시스템,2020,"['Costume', 'Deep Learning', 'YOLO', 'Human Object Detection', 'OpenCV', 'Video Search']","최근 범죄예방과 안전문제 등으로 CCTV와 같은 영상장비가 다양하게 활용되고 있다. 영상기기들은 대부분 24시 간 작동되기 때문에 경비 인력을 절감할 수 있지만, 녹화된 영상에서 특정 인물과 같은 객체를 검색하는 업무는 여전히 수동으로 이루어지고 있어, 실시간 검색이 요구되는 상황에서는 정확하고 빠른 대처가 미흡하다. 본 논문에서는 최신 딥러닝 기술과 OpenCV 라이브러리를 이용하여 사용자의 의해 입력된 의상정보를 바탕으로 특정인물을 영상에서 빠르 게 검색하고, 그 결과를 실시간으로 전송하는 기술을 제안한다. 개발된 시스템은 YOLO 라이브러리를 이용하여 실시간 으로 인물객체를 탐지한 후, 딥러닝 기술을 이용하여 인간의 의상을 상/하의로 구분하고 OpenCV 라이브러리를 통해 색을 검출하여 특정 인물객체를 자동으로 인식하도록 구현하였다. 본 논문에서 개발한 시스템은 특정 의상을 갖춘 인물 객체를 정확하고 빠르게 인식할 뿐만 아니라 기타 객체 인식에도 활용할 수 있는 확장성을 갖추고 있어 다양한 용도의 영상감시시스템에 활용될 수 있을 것으로 기대된다.","Recently, video-taping equipment such as CCTV have been seeing more use for crime prevention and general safety concerns. Since these video-taping equipment operates all throughout the day, the need for security personnel is lessened, and naturally costs incurred from managing such manpower should also decrease. However, technology currently used predominantly lacks self-sufficiency when given the task of searching for a specific object in the recorded video such as a person, and has to be done manually; current security-based video equipment is insufficient in an environment where real-time information retrieval is required. In this paper, we propose a technology that uses the latest deep-learning technology and OpenCV library to quickly search for a specific person in a video; the search is based on the clothing information that is inputted by the user and transmits the result in real time. We implemented our system to automatically recognize specific human objects in real time by using the YOLO library, whilst deep learning technology is used to classify human clothes into top/bottom clothes. Colors are also detected through the OpenCV library which are then all combined to identify the requested object. The system presented in this paper not only accurately and quickly recognizes a person object with a specific clothing, but also has a potential extensibility that can be used for other types of object recognition in a video surveillance system for various purposes."
ONNX기반 스파이킹 심층 신경망 변환 도구,2020,"['Deep neural network', 'ONNX', 'Spiking neural network']","스파이킹 신경망은 기존 신경망과 다른 메커니즘으로 동작한다. 기존 신경망은 신경망을 구성하는 뉴런으로 들어 오는 입력 값에 대해 생물학적 메커니즘을 고려하지 않은 활성화 함수를 거쳐 다음 뉴런으로 출력 값을 전달한다. 뿐만 아니라 VGGNet, ResNet, SSD, YOLO와 같은 심층 구조를 사용한 좋은 성과들이 있었다. 반면 스파이킹 신경망은 기존 활성화함수 보다 실제 뉴런의 생물학적 메커니즘과 유사하게 동작하는 방식이지만 스파이킹 뉴런을 사용한 심층 구조에 대한 연구는 기존 뉴런을 사용한 심층 신경망과 비교해 활발히 진행되지 않았다. 본 논문은 기존 뉴런으로 만들어 진 심층 신경망 모델을 변환 툴에 로드하여 기존 뉴런을 스파이킹 뉴런으로 대체하여 스파이킹 심층 신경망으로 변환하 는 방법에 대해 제안한다.","The spiking neural network operates in a different mechanism than the existing neural network. The existing neural network transfers the output value to the next neuron via an activation function that does not take into account the biological mechanism for the input value to the neuron that makes up the neural network. In addition, there have been good results using deep structures such as VGGNet, ResNet, SSD and YOLO. spiking neural networks, on the other hand, operate more like the biological mechanism of real neurons than the existing activation function, but studies of deep structures using spiking neurons have not been actively conducted compared to in-depth neural networks using conventional neurons. This paper proposes the method of loading an deep neural network model made from existing neurons into a conversion tool and converting it into a spiking deep neural network through the method of replacing an existing neuron with a spiking neuron."
Development of A Uniform And Casual Clothing Recognition System For Patient Care In Nursing Hospitals,2020,"['Nursing Hospital', 'Patient Uniform', 'Casual Clothing', 'Clothing Recognition', '요양병원', '환자복', '평상복', '의복 인식']","본 연구의 목적은 요양병원에서 발생할 수 있는 노인안전사고 발생률을 감소시키는 것이다. 즉, 위험지역으로 접근하는 인물이 노인(환자복) 그룹인지 실무자(평상복) 그룹인지를 CCTV에 나타나는 의복을 기준으로 구별하는 것이다. Web Crawling기법과 요양병원으로부터 지원을 받아 기초데이터를 수집하였다. 이후 Image Generator와 Labeling으로 모델 학습 데이터를 만들었다. CCTV의 제한된 성능 때문에 높은 정확도와 속도를 모두 갖춘 모델을 만드는 것은 어려웠다. 그러므로 정확성이 상대적으로 우수한 ResNet 모델, 속도에서 상대적으로 우수한 YOLO3 모델을 각각 구현했다. 그리고 요양병원이 자신의 실정에 맞는 모델을 고를 수 있게 하고자 했다. 연구 결과 환자복과 평상복을 적절한 정확도로 구별할 수 있는 모델을 구현하였다. 따라서 실제 사용처에서 노인들이 위험구역에 접근하지 못하도록 하여 요양병원 안전사고 감소에 이바지 할 것으로 평가된다.","The purpose of this paper is to reduce the ratio of the patient accidents that may occur in nursing hospitals. In other words, it determines whether the person approaching the dangerous area is a elderly (patient uniform) group or a practitioner(Casual Clothing) group, based on the clothing displayed by CCTV. We collected the basic learning data from web crawling techniques and nursing hospitals. Then model training data was created with Image Generator and Labeling program. Due to the limited performance of CCTV, it is difficult to create a good model with both high accuracy and speed. Therefore, we implemented the ResNet model with relatively excellent accuracy and the YOLO3 model with relatively excellent speed. Then we wanted to allow nursing hospitals to choose a model that they wanted. As a result of the study, we implemented a model that can distinguish patient and casual clothes with appropriate accuracy. Therefore, it is believed that it will contribute to the reduction of safety accidents in nursing hospitals by preventing the elderly from accessing the danger zone."
포인트 클라우드 보간을 이용한 카메라-라이다의 센서 퓨전 기반 객체 검출,2020,"['sensor fusion', 'camera-LiDAR calibration', 'LiDAR voxelization', 'BEV object detection', '.']",,.
An Accurate Weight Binarization Scheme for CNN Object Detectors with Two Scaling Factors,2020,"['YOLO hardware', 'Binary weight', 'Binarization', 'Quantization', 'Object detector']",,"Recently, convolutional neural network (CNN)-based object detectors such as You Only Look Once (YOLO) have been intensively studied for applications in robotics, drones, and autonomous driving. Although YOLO can run in real time by using a graphics processing unit, the YOLO hardware implementation has received a great deal of interest due to its power efficiency and the potential for massive chip production. However, extensive memory access and high computation complexity are widely known as bottlenecks in YOLO hardware implementation. A common and intuitive approach is to apply quantization, especially binarization, to object detectors. However, the existing binarization methods suffer from substantial degradation in detection performance. To address the problem, this study proposes an accurate weight binarization scheme using two scaling factors. Specifically, a new binary weight optimization problem is formulated, and an analytical solution is derived. Experimental results with well-known PASCAL Visual Object Classes show that the proposed method reduces the detection accuracy degradation by up to 32.18% while meeting the memory and computation requirements of state-of-the-art methods."
가상 데이터를 활용한 번호판 문자 인식 및 차종 인식 시스템 제안,2020,"['YOLO', 'Synthetic Data Generation', 'Object Detection', 'Text Recognition']","본 논문에서는 딥러닝을 이용한 차종 인식과 자동차 번호판 문자 인식 시스템을 제안한다. 기존 시스템에서는 영상처리를 통한 번호판 영역 추출과 DNN을 이용한 문자 인식 방법을 사용하였다. 이러한 시스템은 환경이 변화되면 인식률이 하락되는 문제가 있다. 따라서, 제안하는 시스템은 실시간 검출과 환경 변화에 따른 정확도 하락에 초점을 맞춰 1-stage 객체 검출 방법인 YOLO v3를 사용하였으며, RGB 카메라 한 대로 실시간 차종 및 번호판 문자 인식이 가능하다. 학습데이터는 차종 인식과 자동차 번호판 영역 검출의 경우 실제 데이터를 사용하며, 자동차 번호판 문자 인식의 경우 가상 데이터만을 사용하였다. 각 모듈별 정확도는 차종 검출은 96.39%, 번호판 검출은 99.94%, 번호판 검출은 79.06%를 기록하였다. 이외에도 YOLO v3의 경량화 네트워크인 YOLO v3 tiny를 이용하여 정확도를 측정하였다.",
위성영상 내 항공기 식별 시 오탐률 감소를 위한 결합된 CNN 알고리즘,2020,"['CNN', 'YOLO', 'Mask R_CNN', 'Satellite Image', 'Aircraft Detection', 'CNN', 'YOLO', 'Mask R_CNN', '위성영상', '항공기 식별']","현재 영상 처리에 활발히 사용되고 있는 CNN 알고리즘은 고해상도/대규모 위성사진을 직접 처리하지 못한다. 이 문제를 해결하기 위해, 많은 연구에서 인공 신경망에 다양한 기술을 결합하려고 노력해왔다. 그러나 물체 식별과 검출에 영향을 미치는 여러 가지 요인에 의해 만족스러운 성과를 거두지 못하고 있는 실정이다. 특히 항공기 탐지의 경우 탑승구, 건물, 공항 내 교차로 등 항공기와 유사한 물체를 잘못된 탐지하는 문제가 제대로 해결되지 않았다. 본 논문은 이러한 오탐을 줄이기 위해 Mask R_CNN 알고리즘과 YOLO 알고리즘을 결합한 CNN 알고리즘을 제안한다. 제안된 접근방식의 성과를 평가하기 위해, 항공기와 유사한 물체가 다수 포함된 공항의 위성 영상에 대해 항공기 탐지 실험을 실시하였고, 그 결과 오탐이 상당히 감소함을 확인하였다.","CNN algorithms, which are currently actively used for image processing, do not process high resolution/large-scale satellite images directly. To address this problem, many researchers have tried to combine various techniques into the artificial neural networks. However, many studies have not achieved satisfactory performance due to various factors affecting object identification and detection. Especially in the case of aircraft detection, the false detection of objects similar to aircraft, such as boarding gates, buildings, and intersections within the airport, is not solved properly. This paper proposes a coupled CNN algorithm that combines the Mask R_CNN algorithm with the YOLO algorithm to reduce such false detection. To evaluate the performance of the proposed approach, we conduct the aircraft detection test was conducted on satellite images of airports containing a number of objects similar to aircraft."
송전철탑 및 전력설비 자동검출을 위한 영상 분석 알고리즘 개발,2020,"['Drone Diagnosis', 'Transmission Towers & Facilities Detection', 'Deep Learning', 'CNN', 'YOLO v2']",,"Over the past few decades the capacity of the power transmission system is growing more and more rapidly, and the power systems have also been expanding in line with continuous expansion of infrastructure. Efficient maintenance of the transmission infrastructure is critical for stable power system operation. However, since the transmission infrastructure is installed at a high location from the ground, the maintenance and diagnosis on transmission towers always involves the possibility of the safety accident of workers.Since 2016, Korea Electric Power Corporation has been developing technologies for monitoring and diagnosis of power lines using drones and has verified the usefulness of technologies through on-site demonstration. 3GBytes of video will be acquired by one flight. And video analysis is performed by below process. A worker finds an image frame that includes a transmission tower and ① power facilities, and expands the area of interest in the image, finally the visually observes the facilities and determines ② ③ whether defects are. These process requires the concentration of the operator and causes very high fatigue. To solve these problems, it is necessary to develop an image analysis algorithm for automatic detection of transmission towers and power facilities to automatically find image frames containing facilities and automatically enlarge the area of interest in the frame to provide diagnosis operator. In this paper describes the process of building a learning and testing image database for detecting transmission towers and facilities carried out for the development of these algorithms and the process of developing algorithms using deep learning CNN-YOLO v2(Convolutional Neural Network - You Only Look Once v2) and the improvement of performance aspects including accuracy and speed with existing algorithms. The recall and precision rate of YOLO v2 for detecting transmission infrastructure is 96.30% and 95.65% respectively, which is more accurate and faster than YOLO v1."
A Method of License Plate Location and Character Recognition based on CNN,2020,"['CNN', 'YOLO', 'character recognition', 'license plate recognition', 'target detection']",,"At the present time, the economy continues to flourish, and private cars have become the means of choice for most people. Therefore, the license plate recognition technology has become an indispensable part of intelligent transportation, with research and application value. In recent years，the convolution neural network for image classification is an application of deep learning on image processing. This paper proposes a strategy to improve the YOLO model by studying the deep learning convolutional neural network (CNN) and related target detection methods, and combines the OpenCV and TensorFlow frameworks to achieve efficient recognition of license plate characters. The experimental results show that target detection method based on YOLO is beneficial to shorten the training process and achieve a good level of accuracy."
물체인식 딥러닝 모델 구성을 위한 파이썬 기반의 Annotation 툴 개발,2020,"['Annotation', 'GUI(Graphical User Interface)', 'Tkinter', 'Crawling', 'Retinanet', 'YOLO']","본 논문에서는 물체인식 딥러닝 모델을 구성하는데 필요한 데이터 레이블링 과정을 하나의 프로그램에서 사용할 수 있는 Annotation 툴을 개발했다. 프로그램의 인터페이스는 파이썬의 기본 GUI 라이브러리를 활용하였으며, 실시간으로 데이터 수집이 가능한 크롤러 기능을 구성하였다. 기존의 물체인식 딥러닝 모델인 Retinanet을 활용하여, 자동으로 Annotation 정보를 제공하는 기능을 구현했다. 또한, 다양한 물체인식 네트워크의 레이블링 형식에 맞추어 학습할 수 있도록 Pascal-VOC, YOLO, Retinanet 등 제각기 다른 학습 데이터 레이블링 형식을 저장하도록 했다. 제안하는 방식을 통해 국산 차량 이미지 데이터셋을 구축했으며, 기존의 물체인식 딥러닝 네트워크인 Retinanet과 YOLO 등에 학습하고, 정확도를 측정했다. 차량이 진입하는 영상에서 실시간으로 차량의 모델을 구별하는 정확성은 약 94%의 정확도를 기록했다.",
영상 인식 알고리즘을 이용한 안전 보호구(안전모) 탐지에 관한 연구,2020,"['Object detection', 'Real-time detection', 'Safety protection']",,"Safety accidents at work sites are directly related to workers"" lives, and the manufacturing industry""s interest in safety accidents is increasing every year. Safety accidents at work sites are caused by a variety of factors, and it is difficult to predict when and why they occur. In this research, an intelligent image recognition-based worker safety protection device wearing algorithm that can determine suitability of wearing safety protective devices is developed and the proposed algorithm is sought to be applied to the site. In this study, the You only look once (YOLO) algorithm is applied to analyze the presence of workers wearing safety protection equipment in real time. Accuracy of object detection for safety protection equipment is very important. Thus, this study compared/analyzed the algorithms of two YOLO systems (YOLOv2, YOLOV3) and improved the performance of the model by changing Hyperparameters, Fine-tuning and Dataset of the selected algorithms. In the future, studies will be conducted on how to improve the accuracy of object detection and complement the accuracy of object detection in the proposed YOLO series algorithm."
가상 데이터 생성을 통한 딥러닝 기반 문자인식 시스템 제안,2020,"['YOLO', 'Virtual Data Generation', 'Object Detection', 'Text Recognition']",,"In this paper, we proposed a deep learning based character recognition system through virtual data generation. In order to secure the learning data that takes the largest weight in supervised learning, virtual data was created. Also, after creating virtual data, data generalization was performed to cope with various data by using augmentation parameter. Finally, the learning data composition generated data by assigning various values to augmentation parameter and font parameter. Test data for measuring the character recognition performance was constructed by cropping the text area from the actual image data. The test data was augmented considering the image distortion that may occur in real environment. Deep learning algorithm uses YOLO v3 which performs detection in real time. Inference result outputs the final detection result through post-processing."
Deep learning–based drone detection with SWIR cameras,2020,"['Drone', 'Anti-drone', 'YOLO', 'Object detection', 'Image processing', 'SWIR camera']",,"Small unmanned aerial vehicles, commonly known as drones, and their related industries are improving in leaps and bounds. The global drone industry began with a military focus and subsequently progressed into commercial applications. Consequently, abuse cases linked to drone technology are gradually increasing. Following the technical advancement in drone technology, studies on drone detection and prevention are actively ongoing. This is one such study. Radar-based drone detection that combines various existing sensors or equipment has shortcomings, including high costs and specialist operations. Thus, this paper proposes a drone-detection system that uses only thermal images from short-wavelength infrared (SWIR) cameras. The YOLO model, which is widely used for object recognition, was used for the drone-detection algorithm. Labels were attached to 22,921 thermal images to test the constructed system; 16,121 images were used for training and the remainder for testing. The test results showed 98.17% precision and 98.65% recall. Learning through drone-image shooting in various environments, after removing static from clouds and other noise, is expected to improve detection performance in the future."
딥러닝 기법을 이용한 웹 카메라 입력 자동차 번호판 인식,2020,"['자동차 번호판', '딥러닝', 'CNN', 'YOLO', 'Faster R-CNN', 'License Plate', 'Deep Learning', 'CNN', 'YOLO', 'Faster R-CNN']",,
딥러닝 객체 탐지 기술을 사용한 스마트 쇼핑카트의 구현,2020,"['Deep Learning', 'Real-time Object Detection', 'YOLO', 'Internet of Things', 'Smart Shopping Cart']","최근 다양한 쇼핑 환경에서 결제에 소요되는 시간을 줄이기 위한 많은 시도들이 이루어지고 있다. 또한 4차 산업혁명시대에 들어서면서 인공지능 기술이 고도화되고 있으며, IoT 장비들은 더욱 소형화되고 저렴해져서 이 두 가지 기술을 융합시킴으로써 사용자의 시간을 절약할, 인간을 대신하는 무인 환경을 구축하는 것에 대한 접근이 용이해졌다. 본 논문에서는 저가 IoT 장비들과 딥러닝 객체 탐지 기술을 기반으로 하는 스마트 쇼핑카트 시스템을 제안한다. 제안된 스마트 카트 시스템은 실시간 상품 인식을 위한 카메라와 라즈베리파이, 트리거 역할을 하는 초음파 센서, 상품이 쇼핑카트에 들어온 것인지 나간 것인지를 판단하기 위한 무게 센서, 가상의 장바구니에 대한 UI를 제공하는 스마트폰 어플리케이션, 학습된 데이터가 저장되는 딥러닝 서버로 구성된다. 각 모듈 간의 통신은 TCP/IP 네트워크 및 HTTP 네트워크로 이루어지며, 서버의 상품 인식을 위해서는 객체탐지 기술이 구현된 YOLO darknet 라이브러리를 사용한다. 사용자는 스마트폰의 앱을 통하여 스마트 카트에 넣은 물건들의 목록을 점검하고 자동으로 결제할 수 있다. 본 논문에서 제안된 스마트 카트 시스템은 가성비가 높은 무인 상점을 구현하는데 응용될 수 있다.","Recently, many attempts have been made to reduce the time required for payment in various shopping environments. In addition, for the Fourth Industrial Revolution era, artificial intelligence is advancing, and Internet of Things (IoT) devices are becoming more compact and cheaper. So, by integrating these two technologies, access to building an unmanned environment to save people time has become easier. In this paper, we propose a smart shopping cart system based on low-cost IoT equipment and deep-learning object-detection technology. The proposed smart cart system consists of a camera for real-time product detection, an ultrasonic sensor that acts as a trigger, a weight sensor to determine whether a product is put into or taken out of the shopping cart, an application for smartphones that provides a user interface for a virtual shopping cart, and a deep learning server where learned product data are stored. Communication between each module is through Transmission Control Protocol/Internet Protocol, a Hypertext Transmission Protocol network, a You Only Look Once darknet library, and an object detection system used by the server to recognize products. The user can check a list of items put into the smart cart via the smartphone app, and can automatically pay for them. The smart cart system proposed in this paper can be applied to unmanned stores with high cost-effectiveness."
두들 로봇 서비스의 설계 및 구현,2020,"['Android smartphones', 'Computer vision', 'Object detection', 'YOLO', 'Deep learning', 'Flask server', 'COVID-19', 'Quick', 'Draw!', 'Artificial intelligence', 'Wireless networks', 'Robot arm', 'Remote robot control']",,"This paper proposes an artificial intelligence doodle robot platform that can easily customize products without visiting offline stores in the pandemic situation caused by COVID-19. The doodle robot platform consists of an Android application, a Flask server, and a Dobot robot arm. When a user takes a picture in an Android application through the proposed platform, artificial intelligence reconstructs the picture into a doodle drawing, and then a robot arm with a pen module starts to draw it on paper. The YOLO algorithm detects objects in the photo sent by a user and places the same sized doodle data as the object where the object is located, and reconstructs the picture into a doodle drawing. In the process of reconstruction, the completeness of doodle images was enhanced by excluding objects of a certain size or smaller, allowing only those that are not small in size to be converted into doodle images to create abstract and neat doodle images. As a result, the user-entered photos could be reproduced naturally in doodle drawings. Through the platform proposed by this paper, we expect users to be able to create customized products that contain their own value at home without any special skills or tools."
YOLOv3을 이용한 과일표피 불량검출 모델: 복숭아 사례,2020,"['Peach', 'Defect Detection', 'Smart Farm', 'Region Convolutional Neural Network', 'YOLO', '복숭아', '불량검출', '스마트 팜', '영역기반 합성곱 신경망', 'YOLO']",,"In the operation of farms, it is very important to evaluate the quality of harvested crops and to classify defective products. However, farmers have difficulty coping with the cost and time required for quality assessment due to insufficient capital and manpower. This study thus aims to detect defects by analyzing the epidermis of fruit using deep learning algorithm. We developed a model that can analyze the epidermis by applying YOLOv3 algorithm based on Region Convolutional Neural Network to video images of peach. A total of four classes were selected and trained. Through 97,600 epochs, a high performance detection model was obtained. The crop failure detection model proposed in this study can be used to automate the process of data collection, quality evaluation through analyzed data, and defect detection. In particular, we have developed an analytical model for peach, which is the most vulnerable to external wounds among crops, so it is expected to be applicable to other crops in farming."
결함 검출을 위한 임베디드 딥러닝 시스템,2020,"['Defects detection', 'Convolutional neural network', 'Network Reduction', 'Embedded System', 'YOLOv2', 'YOLOv3', 'YOLOv2-tiny']",,"A machine vision based industrial inspection requires little computation time and localizing defects robustly with high accuracy. Recent mobile and embedded systems require computationally efficient machine intelligence with a deep learning model. In order to improve detection performance and processing time, various network modification methods are proposed. The experiments for defect detection on the metal surfaces data are executed using the various YOLO networks on embedded GPU system Nvidia Tx-1. The results for detection performance and inspection time are compared and analysed. Among them, modified YOLOv2-tiny model shows a better performance in both detection rate and fps."
딥러닝 기반 영상 분석 알고리즘을 이용한 실시간 작업자 안전관리 시스템 개발,2020,"['객체 검출', '딥러닝', '영상 분석', '실시간', 'Object detection', 'Deep learning', 'Video analysis', 'Real-time']","본 논문에서는 산업 시설에서 작업자의 안전을 실시간으로 감시하는 딥러닝 기반 영상 분석 시스템을 구현하는 데 목적을 둔다. 작업자의 복장을 안전모, 안전조끼, 안전벨트 착용 여부에 따라 총 여섯 가지의 클래스로 나누고, 총 5,307개의 영상을 학습데이터로 이용하였다. 실험은 속도와 정확도가 준수한 YOLO v4를 이용하였으며, 총 645장의 영상에 대해 학습 반복 수에 따른 가중치를 적용했을 때의 mAP를 비교함으로써 수행되었다. 학습 반복 수 6,000에서의 mAP가 60.13%로 제일 높았으며, 테스트셋이 가장 많은 클래스의 AP가 가장 높음을 확인하였다. 추후 데이터셋과 객체 검출 모델을 최적화함으로써, 정확도와 속도를 개선할 예정이다.","The purpose of this paper is to implement a deep learning-based real-time video analysis algorithm that monitors safety of workers in industrial facilities. The worker s clothes were divided into six classes according to whether workers are wearing a helmet, safety vest, and safety belt, and a total of 5,307 images were used as learning data. The experiment was performed by comparing the mAP when weight was applied according to the number of learning iterations for 645 images, using YOLO v4. It was confirmed that the mAP was the highest with 60.13% when the number of learning iterations was 6,000, and the AP with the most test sets was the highest. In the future, we plan to improve accuracy and speed by optimizing datasets and object detection model."
상처와 주름이 있는 지문 판별에 효율적인 심층 학습 비교연구,2020,"['딥러닝', '지문', '생체정보', '2D 합성 곱 신경망', '상처 지문 판별', '주름 지문 판별', 'Deep learning', 'Biometric information', '2D Convolutional Neural Network', 'discriminating of scar fingerprint', 'discriminating of wrinkle fingerprint']","인간의 특성과 관련된 측정 항목을 나타내는 생체정보는 도난이나 분실의 염려가 없으므로 높은 신뢰성을 가진 보안 기술로서큰 주목을 받고 있다. 이러한 생체정보 중 지문은 본인 인증, 신원 파악 등의 분야에 주로 사용된다. 신원을 파악할 때 지문 이미지에인증을 수행하기 어려운 상처, 주름, 습기 등의 문제가 있을 경우, 지문 전문가가 전처리단계를 통해 직접 지문에 어떠한 문제가 있는지 파악하고 문제에 맞는 영상처리 알고리즘을 적용해 문제를 해결한다. 이때 지문에 상처와 주름이 있는 지문 영상을 판별해주는인공지능 소프트웨어를 구현하면 손쉽게 상처나 주름의 여부를 확인할 수 있고, 알맞은 알고리즘을 선정해 쉽게 지문 이미지를 개선할 수 있다. 본 연구에서는 이러한 인공지능 소프트웨어의 개발을 위해 캄보디아 왕립대학교의 학생 1,010명, Sokoto 오픈 데이터셋 600명, 국내 학생 98명의 모든 손가락 지문을 취득해 총 17,080개의 지문 데이터베이스를 구축했다. 구축한 데이터베이스에서 상처나 주름이 있는 경우를 판별하기 위해 기준을 확립하고 전문가의 검증을 거쳐 데이터 어노테이션을 진행했다. 트레이닝 데이터셋과테스트 데이터셋은 캄보디아의 데이터, Sokoto 데이터로 구성하였으며 비율을 8:2로 설정했다. 그리고 국내 학생 98명의 데이터를검증 데이터 셋으로 설정했다, 구성된 데이터셋을 사용해 Classic CNN, AlexNet, VGG-16, Resnet50, Yolo v3 등의 다섯 가지 CNN 기반아키텍처를 구현해 학습을 진행했으며 지문의 상처와 주름 판독에서 가장 좋은 성능을 보이는 모델을 찾는 연구를 수행했다. 다섯가지 아키텍처 중 지문 영상에서 상처와 주름 여부를 가장 잘 판별할 수 있는 아키텍처는 ResNet50으로 검증 결과 81.51%로 가장좋은 성능을 보였다.","Biometric information indicating measurement items related to human characteristics has attracted great attention as security technology with high reliability since there is no fear of theft or loss. Among these biometric information, fingerprints are mainly used in fields such as identity verification and identification. If there is a problem such as a wound, wrinkle, or moisture that is difficult to authenticate to the fingerprint image when identifying the identity, the fingerprint expert can identify the problem with the fingerprint directly through the preprocessing step, and apply the image processing algorithm appropriate to the problem. Solve the problem. In this case, by implementing artificial intelligence software that distinguishes fingerprint images with cuts and wrinkles on the fingerprint, it is easy to check whether there are cuts or wrinkles, and by selecting an appropriate algorithm, the fingerprint image can be easily improved. In this study, we developed a total of 17,080 fingerprint databases by acquiring all finger prints of 1,010 students from the Royal University of Cambodia, 600 Sokoto open data sets, and 98 Korean students. In order to determine if there are any injuries or wrinkles in the built database, criteria were established, and the data were validated by experts. The training and test datasets consisted of Cambodian data and Sokoto data, and the ratio was set to 8: 2. The data of 98 Korean students were set up as a validation data set. Using the constructed data set, five CNN-based architectures such as Classic CNN, AlexNet, VGG-16, Resnet50, and Yolo v3 were implemented. A study was conducted to find the model that performed best on the readings. Among the five architectures, ResNet50 showed the best performance with 81.51%."
2000년대 이후 미디어를 통한 소비와 행복의 트렌드 분석 - 빅카인즈와 구글 트렌드 분석을 중심으로,2020,"['행복', '유데모니아', '헤도니아', '소비트렌드', '행복콘텐츠', 'Happy', 'Udemonisia', 'Hedonia', 'Consumer trend', 'Happy content']","본 연구는 행복과 사회라는 두 영역의 관계에 관한 문제의식으로부터 출발한다. 그리고 현대인들이 추구하는 행복추구현상 속에 담긴 행복의 요소를 사회문화적 관점으로 해석하는데 목적을 둔다. 연구에서 분석하고자 하는 영역의 범주는 소비영역이며, 소비트렌드의 변화를 확인하기 위한 방법으로는 기사에서 활용된 행복트렌드에 대한 데이터분석을 이룬다. 분석도구는 기사DB사이트인 빅카인즈(Big kinds)를 활용했으며, 시기적 범주는 IMF사태 이후의 시기인 2000년부터 2019년으로 설정한다. 그리고 빅카인즈에서 도출된 행복트렌드 키워드의 시대적 변화를 구분하기 위해 구글트렌드(Google trend)를 보완적 도구로 활용하였다. 따라서 본 연구의 방향성은 빅카인즈에서 도출한 행복트렌드를 구글트렌드에 검색하여 시기별 행복트렌드의 흐름을 정리하고 시대상과의 관계에 대한 해석을 이루는 방향을 취한다.본 연구의 결과는 다음과 같이 요약할 수 있다. 첫째. 2000년대 이후 행복 소비트렌드는 경제적 환경의 변화에 따라 헤도니아(쾌락적) 행복론 중심의 개인주의화로 심화되고 있다. 둘째. 2000년 이후 행복트렌드는 시기적으로 2015년을 기점으로 구분되는데 ①2000년~2014년까지는 탈물질주의화를 지향하는 웰빙(Well-being)을 시작으로 힐링(Healing) 트렌드로 이어졌다. ②2015년 이후 행복트렌드는 욜로(YOLO), 워라밸(Work life balance), 혼밥(혼자 먹는 밥), 소확행(小確幸), 가심비(價心比)와 같이 다양해지며 여가와 소비 형태를 중심으로 확산된다.2000년대 이후 행복트렌드는 사회적 소외로부터 발생되어 개인주의화의 심화에 따른 헤도니아적(쾌락적) 행복추구형태의 한계를 띄고 있다. 그리고 이러한 현상은 현대인의 행복에 대한 관점을 개인보다 사회적으로 확장시켜야함을 의미하며, 유데모니아적(사회적) 행복론에 기반한 소비콘텐츠의 확장을 필요로 한다.","This study starts from the problem consciousness of the relationship between the two areas of happiness and society. And it aims to interpret the elements of happiness contained in the happiness pursuit phenomena pursued by modern people from a socio-cultural perspective. The category of the area to be analyzed in the study is the consumption area, and as a method to confirm the change in the consumption trend, data analysis on the happiness trend used in the article is made. The analysis tool used the article DB site, Big Kinds, and the temporal category is set from 2000 to 2019, the period after the IMF crisis. In addition, Google trend was used as a complementary tool to distinguish the changes in the times of happiness trend keywords derived from Big Kinds. Therefore, the direction of this study is to organize the flow of happiness trends by period by searching for happiness trends derived from Big Kinds in Google Trends, and to achieve an interpretation of the relationship with the times.The results of this study can be summarized as follows. First, Since the 2000s, the happiness consumption trend has been intensifying with individualism centered on Hedonian happiness theory as the economic environment changes. Second, Since 2000, the happiness trend is divided into 2015 as a period of time. ①From 2000 to 2014, the well-being trend toward dematerialism was followed by a healing trend. ②Since 2015, the happiness trend has diversified such as YOLO, Work life balance, Honbap(rice eaten alone), small but certain happiness(小確幸), and cost-effectiveness(價心比), It spreads to the center.Since the 2000s, the happiness trend has been arising from social alienation, and the hedonic form of pursuing happiness has been limited due to the deepening of individualism. And this phenomenon means that the perspective of modern people's happiness needs to be expanded more socially than individuals, and it is necessary to expand consumption contents based on the theory of eudemonic(social) happiness."
시각장애인을 위한 인공지능 관련 연구 동향 : 1993-2020년 국내·외 연구를 중심으로,2020,"['시각장애인', '인공지능', '머신러닝', '딥 러닝', '연구 동향', 'The Visually Impaired', 'AI', 'Artificial Intelligence', 'Machine Learning', 'Deep Learning', 'Research Trend']","본 연구는 시각장애인 대상의 인공지능 관련 연구 동향을 살펴보기 위해 1993년부터 2020년 8월까지 국내·외 논문 총 68편을 선정하여 연도별 논문 게재 수, 연구방법, 연구주제, 키워드 분석 현황, 연구유형, 구현방법별 비교·분석하였다. 연구결과, 연구기간 내 논문 편수는 꾸준히 증가하는 것처럼 보였으나 국내 연구의 경우에는 2016년도 이후에 활발해진 것을 알 수 있었다. 연구방법으로는 국내·외 연구 모두 개발연구가 89.7%를 차지했고, 키워드는 국내 연구에서는 Visually impaired, Deep learning, Assistive device 순이였으며 국외 연구에서는 Visually impaired, Deep learning, Artificial intelligence 순으로 단어 빈도순에서 차이를 보였다. 연구유형은 국내·외 모두 설계, 개발, 구현이 대부분을 차지했으며 구현방법으로는 국내 연구의 구현방법으로는 System 13.2%, Solution 7.4%, App. 4.4% 순이였으며 국외 연구의 구현방법으로는 System 32.4%, App.13.2%, Device 7.4%로 다소 차이를 보였다. 구현방법의 적용 기술로는 국내 연구는 YOLO 2.7%, TTS 2.1%, Tensorflow 2.1% 순이였으며 국외 연구에서는 CNN 8.0%, TTS 5.3%, MS-COCO 4.3% 순으로 사용횟수가 높았다. 본 연구는 시각장애인 대상의 인공지능 관련 연구 동향을 비교·분석하여 국내·외 연구의 현주소를 바로 알고 앞으로 시각장애인을 위한 인공지능 연구의 방향을 제시하고자 하였다.","In this study, a total of 68 domestic and international papers were selected from 1993 to August 2020 in order to examine the research trends related to artificial intelligence for the visually impaired. The papers were compared and analyzed by the number of papers published by year, research method, research topic, keyword analysis status, research type, and implementation method. As a result of the study, the number of papers during the study period seemed to increase steadily. But in the case of domestic research, It can be seen that it has become active since 2016. As for research methods, development research accounted for 89.7% of both domestic and foreign research. Keywords was in Visually Impaired, Deep Learning, and Assistive Device order in domestic research. And it was in Visually Impaired, Deep learning, Artificial intelligence order in foreign research. There was a difference in the frequency of words. Research type were Design, development and implementation both in domestic and foreign. Implementation method were in System 13.2%, Solution 7.4%, App. 4.4% order in domestic research, and it was in System 32.4%, App. 13.2%, Device 7.4% order in foreign research. As for the applied technology of the implementation method, were in YOLO 2.7%, TTS 2.1%, Tensorflow 2.1% order in domestic research, and it was used in CNN 8.0%, TTS 5.3%, MS-COCO 4.3% order in foreign research. The purpose of this study was to compare and analyze the trends of artificial intelligence-related research targeting the visually impaired, to immediately know the current status of domestic and foreign research, and to present the direction of artificial intelligence research for the visually impaired in the future."
인조 데이터를 활용한 차량 번호판 인식 시스템,2020,"['YOLO', 'LPR(License Plate Recognition)', 'Synthetic Data', 'Object Detection']","딥러닝 분야에서 학습 데이터는 네트워크의 성능을 결정하고 다양하고 많은 양의 학습 데이터로부터 네트워크의 성능을 높일 수 있다. 그러나 학습 데이터 수집과 라벨링 작업은 상당히 많은 시간과 인력이 필요하다. 마찬가지로 딥러닝 기반의 차량 번호판 문자 인식을 위해 다양한 종류의 차량 번호판 데이터와 문자 라벨링 작업이 필요하다. 본 논문에서는 실제 번호판 데이터 수집과 라벨링 작업에 많은 시간이 소요되는 문제를 해결하기 위해 인조 번호판 데이터 생성 프로그램을 개발하였다. 제안하는 차량 번호판 인식 시스템은 드론 환경에서 촬영한 영상이기 때문에 차량 번호판 문자 인식이 어려운 조건이다. 불리한 환경에서 차량 번호판 문자를 인식하기 위해 인조 번호판에 크기 변환, 밝기 변환, 회전, 배경 추가, 잡음 및 블러 추가 등과 같은 방법을 적용하여 열악한 환경의 학습 데이터를 생성하였다. 인조 번호판 데이터의 학습 결과를 평가하기 위해 자체적으로 실제 차량 번호판 사진 1,000장을 수집하여 테스트셋을 구성하였다. 결과적으로 실제 번호판 데이터 없이 1.5M개의 인조 번호판 데이터를 사용하여 전체 문자 인식 정확도 85%, 개별 문자 인식 정확도 94%를 기록하였다. 이후 후처리 알고리즘을 통해 88, 96% 정확도를 기록하였다.","In deep learning, training data can determine the performance of the network and increase the performance of the network from a diverse training data. However, gathering and labeling training data requires significant time and personnel. Likewise, various types of license plates and text labeling are required for deep learning based license plate character recognition. In this paper, we developed an synthetic license plate data generation program to solve the problem of time-consuming data collection and labeling. The proposed license plate recognition system is an image taken in a drone environment, which makes it difficult to recognize the license plate character. In order to recognize the license plate character in the adverse environment, we applied the methods such as scale transform, brightness conversion, rotation, background addition, noise and blur addition to the synthetic license plate to generate the training data in the harsh environment. To evaluate the training results of the synthetic license plate data, we collected 1,000 real license plates and constructed a test set. As a result, the total character recognition accuracy was 85% and the individual character recognition accuracy was 94% using 1.5M synthetic license plate data without the real license plate data. After that, 88, 96% accuracy was recorded through the post-processing algorithm."
센서 융합을 통한 물체 거리 측정 및 인식 시스템,2020,"['YOLOv3', 'Vision', 'Radar', 'Senser fution', 'FMCW', 'radar']","본 논문에서는 자율주행 자동차에 물체를 인식하고 거리를 측정하는데 효율적인 센서 융합을 제안한다. 자율주행 자동차에 사용되는 대표적인 센서는 레이더, 라이다, 카메라이다. 이 중 라이다 센서는 차량 주변의 맵을 만드는 역할을 한다. 하지만 날씨 조건에 성능이 하락하고 센서의 가격이 매우 비싸다는 단점 있다. 본 논문에서는 이러한 단점을 보완하고자 비교적 저렴하고 눈, 비, 안개에 지장 없는 레이더 센서로 거리를 측정하며 차량 주변을 관찰한다. 물체 인식률이 뛰어난 카메라 센서를 융합하여 물체 인식 및 거리를 측정한다. 융합된 영상은 IP서버를 통해 실시간으로 스마트폰에 전송되어 현재 차량의 상황을 내부, 외부에서 판단하는 자율주행 보조 시스템에 사용될 수 있다.","In this paper, we propose an efficient sensor fusion method for autonomous vehicle recognition and distance measurement. Typical sensors used in autonomous vehicles are radar, lidar and camera. Among these, the lidar sensor is used to create a map around the vehicle. This has the disadvantage, however, of poor performance in weather conditions and the high cost of the sensor. In this paper, to compensate for these shortcomings, the distance is measured with a radar sensor that is relatively inexpensive and free of snow, rain and fog. The camera sensor with excellent object recognition rate is fused to measure object distance. The converged video is transmitted to a smartphone in real time through an IP server and can be used for an autonomous driving assistance system that determines the current vehicle situation from inside and outside."
스테이케이션(Staycation)에 대한 탐색적 연구 - 호캉스를 중심으로 -,2020,"['Hocance', 'Staycation', 'Work-Life Balance', 'YOLO']",,"The purpose of this study was to provide the marketing suggestions for attracting domestic tourists with the trend of Staycation and the Hocance. Hotels have rapidly increased the number of hotels and rooms due to government policies. So, the hotels are in fierce competition and have difficulty in management due to reduced sales. According to the change in the lifestyle and consumption patterns, hotels today are recognized as an extension of the lifestyle that chooses purpose beyond the accommodation itself and as a resting and play space. Hotels are trying to attract domestic tourists due to the decrease in foreign tourists. Marketing proposals to revitalize the hocance are as follows.First, Hotels have a active respond to a changing consumer trend. Second, Hotels have to plan to newly business model to domestic customer supply. Third, In order to become an attractive hotel for domestic customers, hotels will have to make efforts to develop differentiated programs. Fourth, Small and medium-sized hotels with few additional facilities require more differentiated and unusual programs to match the tastes of individual customers in order to compete with luxury hotels. Fifth. The price strategy that lowers the average unit price of a room is risky because the hotel industry is excessively discounting the room price due to excessive competition to attract customers."
인공지능을 적용한 소형 모바일 로봇을 위한 물체 및 환경 인식 연구,2020,"['딥러닝', '욜로', '휠-레그 모바일 로봇', '험지극복', '환경인식', 'Deep Learning', 'YOLO', 'Wheel-Leg Mobile Robot', 'Obstacle Overcoming', 'Environment Recognition']",,"In this research we study artificial intelligence-based environment recognition for autonomous navigation of a small mobile robot with limited hardware resources. Toward this goal, we designed a wheel-leg mobile robot that could transform its circular wheel configuration into wheel-leg configuration for rugged terrain locomotion. Size of a wheel-leg can be increased up to 2.5 times larger when compared to circular wheel configuration applying gear-driven mechanisms. A web camera and less expensive embedded board integrated with a GPU are used in the case. We used YOLOv3 as a deep learning model to recognize obstacles in real time. Performance of learned model is verified using mAP and GIoU. Our proposed object recognition algorithm is implemented in the real wheel-leg mobile robot and its performance is verified in unstructured environments."
Vehicle Waiting Time Information Service using Vehicle Object Detection at Fuel Charging Station,2020,"['Android application', 'Firebase realtime database', 'Kakao maps API', 'Object detection', 'YOLO']",,"In this study, we created a system that can determine the number of vehicles entering and departing a charging station in real time for solving waiting time problems during refueling. Accordingly, we use the You Only Look Once object detection algorithm to detect and count the number of vehicles in the charging station and send the data to the Firebase Realtime Database. The result is shown using an Android application that provides a map function with the Kakao Maps API at the user interface side. Our system has an accuracy of 91% and an average response time of 3.1 s. Therefore, this system can be used by drivers to determine the availability of a charging station and to identify the charging station with the least waiting time for charging their vehicle."
딥러닝을 활용한 다국적 군함 탐지 및 분류모형 연구,2020,"['Object detection', 'Detection of warships', 'Deep learning', 'Classification of nationality of warships', 'EOTS', 'YOLO v4']",,"This study uses object detection of deep learning to make models that detect warships in the video equipment (EOTS) of warships and classify nationalities. When you encounter warships from other countries during an operation at sea, the nationality is verified through a communication or visually, and thus a method of performing this through deep learning is suggested. The warships that are the subject of the study are more than 500 tons of surface warships operated in five countries, Korea, the United States, Japan, China, and Russia, and a total of 3,433 images were collected for use in the study. In addition, for research that can be used in an actual environment, a black and white image was input based on the specifications of the EOTS mounted on a warship, and a study was conducted to detect the warship and to classify the nationality of them. In particular, 10,299 images, which are three times the amount of the original image, were created through pre-processing of images such as blurring and noise addition, consid- ering that images entered into EOTS vary depending on weather conditions such as clear, fog, and rain.YOLO v4 was used as an algorithm to make a model, and four models were trained while changing the size of the input image. The model was evaluated with the IoU and mAP and found to have an average performance of 82.04% of the IoU and 98.43% of the mAP."
Object detection technology trend and development direction using deep learning,2020,"['Deep-learning', 'Object-detection', 'Image processing', 'Classification', 'Computer vision']",,"Object detection is an important field of computer vision and is applied to applications such as security, autonomous driving, and face recognition. Recently, as the application of artificial intelligence technology including deep learning has been applied in various fields, it has become a more powerful tool that can learn meaningful high-level, deeper features, solving difficult problems that have not been solved. Therefore, deep learning techniques are also being studied in the field of object detection, and algorithms with excellent performance are being introduced. In this paper, a deep learning-based object detection algorithm used to detect multiple objects in an image is investigated, and future development directions are presented."
"TV예능프로그램에서의 ‘隱逸’의 재현과 의미- JTBC<효리네 민박>, tvN<달팽이호텔>을 중심으로-",2020,"['힐링', '은일(隱逸)', '효리네 민박', '달팽이 호텔', '예능 프로그램', '예능 콘텐츠', '탈도시', '일상 회복', 'Healing', 'seclusion(隱逸)', 'Hyori’s Homestay', 'Snail Hotel', 'variety show', 'variety content', 'leaving the city', 'recovering from daily life']","이 논문에서는 JTBC <효리네 민박>과 tvN <달팽이 호텔>을 연구대상으로 삼아, 두 프로그램에 재현된 은일의 양상과 의미를 밝히고자 하였다. 2000년 이후, 대한민국에 ‘힐링(Healing)’ 열풍이 불었다. ‘소확행(小確幸)’, ‘욜로(YOLO)’ 등의 신조어들도 잇따라 생겨나며 자신을 돌아보고, 자신의 생활을 즐기는 삶의 지향을 엿볼 수 있다. 이런 트렌드에 따라 TV에서도 힐링을 보여주는 다양한 프로그램들이 생겨났다. 우리가 사용하고 있는 ‘힐링(healing)’이라는 단어는 ‘치유(治癒)’로 번역되는데, 전통적 ‘은일(隱逸)’의 모습과 닮아있다고 생각된다. 전통적으로는 정치적 상황과 사상의 경향에 따라서 은일을 추구하는 모습이 드러났지만, 현대 사회에서도 ‘탈도시’를 꿈꾸는 사람들에게서 ‘은일’의 삶이 이어지고 있음이 보인다. 그래서 이 논문에서 TV예능프로그램에 주목하여, 미디어에 재현된 은일(隱逸)의 양상과 의미에 대해 분석해보고자 한다. 예능 프로그램을 분석하기에 앞서, 전통적인 은일의 개념과 문학 작품 속에서 어떤 모습으로 은일(隱逸)이 드러나고 있는지, ‘대은(大隱), 중은(中隱), 소은(小隱)’으로 나누어 도연명과 백거이, 이색, 심환지를 작품을 예로 들었다. <효리네 민박>과 <달팽이 호텔>은 ‘함께 무엇을’ 한다기 보다는 참여자가 각자의 여행을 즐기고 있다는 공통점이 있으면서도, <효리네 민박>은 은일의 삶을 간접 체험하는 포맷을, <달팽이 호텔>은 은일의 삶을 직접 체험하는 포맷으로 구성되어있다. <효리네 민박>에서는 손님들은 효리네 민박집에 머무르면서, 숙소의 주인인 이효리 부부의 제주도의 삶을 들여다 보고, 경험할 수 있는 기회가 제공된다. 이때의 이 부부의 삶이란 도시에서 섬으로 거주를 옮긴 은거의 삶이라 할 수 있고, 바쁜 도시에서의 일상에서 벗어나 느리게 흘러가는 소길리에서의 삶을 경험하는 것이다. <달팽이 호텔>은 강원도 정선의 산 골 속에 있는 달팽이 호텔로 2박 3일의 여행을 떠나는 구성으로, 이는 참여자가 잠시 은일의 삶을 살아보는 것이다. 여행이라는 포맷을 가지고 있으면서, 프로그램명이 함축하고 있는 것처럼, ‘느리게 느리게’ 살아보는, 꼭 무엇인가를 하려고 하지 않아도 되는 쉬어가는 일상의 의미를 담고 있다. TV예능프로그램에 재현된 은일의 모습은 ‘중은(中隱)’의 현대적 모습이라 할 수 있다. 자신의 삶과 완전한 단절을 의미하는 것이 아닌, 은일의 삶을 간접적 또는 직접적으로 경험해보고, 현재 처해있는 치열한 삶과의 거리두기를 하는 것이다. 바쁜 일상에서, 바쁜 도시의 삶에서 잠시 벗어나서 은일을 통해 여유를 가질 때, 다시 일상으로 돌아갈 수 있는 힘을 얻게 된다. 그동안 ‘리얼리티’나 ‘힐링’이라는 요소에 주목해온 예능 콘텐츠에 대해, ‘은일’의 관점으로 읽어보고자 하였다. 전통적 개념인 ‘은일’의 양상 또한 현대 사회 속에서, 현대인의 삶 속에서도 여전히 현재진행형이었으며, 예능 콘텐츠 내에서도 다양한 방식으로 수용되고 있음을 확인할 수 있었다.",
Real-Time Deep Learning for Moving Target Detection and Tracking Using Unmanned Aerial Vehicle,2020,"['UAV', 'Deep Learning', 'Object Detection', 'Controller', 'Localization']",,"Real-time object detection and tracking are crucial for many applications such as observation and surveillance, and search-and-rescue. There have been many advancements in deep learning techniques for object detection and tracking due to the successful development of computing devices. Based on these ideas, the YOLO deep learning visual object detection algorithm was utilized to visually guide the UAV to track the detected target. The detected target bounding box and the image frame center were the main parameters that were used to control the forward motion, heading, and altitude of the vehicle. The proposed control system approach consisted of two PID controllers that managed the heading and altitude rates. For a real-time computing device a Nvidia Jetson TX2 based edge-computing module is used, which takes the input data from onboard sensors such as camera. A navigation system operated entirely onboard the UAV in the absence of external localization sensors or a GPS signal is introduced, and it used a fisheye camera to perform a visual SLAM for localization. The robustness and effectiveness of the proposed deep-learning based target detection and tracking algorithms were verified through various simulation and real-time flight experiments."
TensorRT와 SSD를 이용한 실시간 얼굴 검출방법,2020,"['텐서플로우', '텐서알티', '딥러닝', '에스에스디', '객체 검출', 'Tensorflow', 'TensorRT', 'Deep Learning', 'SSD', 'Object Detection']",,"Recently, new approaches that significantly improve performance in object detection and recognition using deep learning technology have been proposed quickly. Of the various techniques for object detection, especially facial object detection (Faster R-CNN, R-CNN, YOLO, SSD, etc), SSD is superior in accuracy and speed to other techniques. At the same time, multiple object detection networks are also readily available. In this paper, among object detection networks, Mobilenet v2 network is used, models combined with SSDs are trained, and methods for detecting objects at a rate of four times or more than conventional performance are proposed using TensorRT engine, and the performance is verified through experiments. Facial object detector was created as an application to verify the performance of the proposed method, and its behavior and performance were tested in various situations."
Deep Learning-based Image Data Processing and Archival System for Object Detection of Endangered Species,2020,"['System Design', 'System Development', 'Object Detection', 'Endangered Species']",,"It is important to understand the exact habitat distribution of endangered species because of their decreasing numbers. In this study, we build a system with a deep learning module that collects the image data of endangered animals, processes the data, and saves the data automatically. The system provides a more efficient way than human effort for classifying images and addresses two problems faced in previous studies. First, specious answers were suggested in those studies because the probability distributions of answer candidates were calculated even if the actual answer did not exist within the group. Second, when there were more than two entities in an image, only a single entity was focused on. We applied an object detection algorithm (YOLO) to resolve these problems. Our system has an average precision of 86.79%, a mean recall rate of 93.23%, and a processing speed of 13 frames per second."
주의 집중 기법을 활용한 객체 검출 모델,2020,[],,"With the emergence of convolutional neural network in the field of machine learning, the model for solving image processing problems has seen rapid development. However, the computing resources required are also rising, making it difficult to learn from a typical environment. Attention mechanism is originally proposed to prevent the gradient vanishing problem of the recurrent neural network, but this can also be used in a direction favorable to learning of the convolutional neural network. In this paper, attention mechanism is applied to convolutional neural network, and the excellence of the proposed method is demonstrated through the comparison of learning time and performance difference at this time. The proposed model showed that both learning time and performance were superior in object detection based on YOLO compared to models without attention mechanism, and experimentally demonstrated that learning time could be significantly reduced. In addition, this is expected to increase accessibility to machine learning by end users."
한국 관광 활성화를 위한 광고메시지의 전략적 탐색: 한국관광공사 인쇄광고에 대한 소비자 인식을 중심으로,2020,"['광고메시지', '한국관광공사', '관광활성화', 'Q방법론', 'Ads-Message', 'KTO', 'Revitalize Tourism', 'Q-Methodology']","본 연구는 ‘욜로’와 ‘워라밸’의 새로운 트랜드에 맞물려 여행문화의 다각적 활성화를 위해 노력하는 한국관광공사의 광고 이미지에 대해서, 소비자들이 과연 ‘하던 일을 멈추고 잠깐 쉼’을 이행할 수 있을지에 대한 동기화 패턴의 이미지 인식을 알아보고자 했다. 한국관광공사의 인쇄광고를 대상으로 관광 광고 이미지에 대한 소비자들의 인식을 알아보는 것으로, 기존의 실증연구 방식의 연구진행이 아니라 그들 본연의 동기나 감정, 느낌, 선호와 취향 등과 같은 주관적 영역에 대한 탐구를 중점으로 진행하였다. 이를 위해 QUANL 분석 프로그램을 이용하였고, 28개의 Q 표본과 24개의 P 표본을 연구에 사용하였다. 그 결과 4개의 유형을 발견하였다. 발견된 유형을 대상으로 그 속성과 특징을 복합적으로 반영해 제1유형을 ‘융합과 조화의 상징’, 제2유형을 ‘미시적 접근의 메시지’, 제3유형을 ‘풍경과 욕구의 시각화’, 제4유형을 ‘선택적 상황의 구성’이라고 명명하였다. 이를 바탕으로 보다 효율적인 국내 관광 활성화가 가능하도록 새로운 시선의 전략적 스펙트럼 구축을 위한 방안을 제시하였다.","The study wanted to examine the advertisement image of the Korea Tourism Organization, which is encouraging travel in line with the new trend of “Yolo” and “Work-life balance” to find out whether consumers will be able to travel instantly. By looking at the printed advertisement of the Korea Tourism Organization, consumers’ perception of the image of tourism advertisement was focused on the subjective areas such as their original motives, judgments, emotions and feelings, preferences and tastes, rather than on the research of the existing empirical research methods. The research adopted the Q-methodological Approach and analyzed using the QUANL PC program. Total of 28 Q samples were sorted among 24 P samples in accordance with the Q sort distribution and have been discovered four types. The first type was named ‘Symbol of Convergence and Harmony’, Type 2 ‘Message of The Micro Approach’, Type 3 ‘Visualization of Landscape and Desire’ and Type 4 ‘Selective Composition of The Situation’ by combining its attributes and characteristics. Based on this, measures were proposed to establish a strategic spectrum of new perspectives to enable more efficient domestic tourism."
4차 산업혁명시대의 커피산업동향 분석과 전망,2020,"['4th Industrial Revolution', 'Coffee Industry Trend', 'In-depth Interview Analysis Method', 'Special Tea', 'Home Roastery', '4차 산업혁명', '커피산업동향', '심층면담분석방법', '스페셜 티', '홈로스터리']",,"Purpose: The main purpose of this study is to analyze and identify countermeasures based on the overall market and economic aspects of the coffee industry, focusing on the technological changes of the 4th industrial revolution and rapid changes in the coffee industry. Methods: This study applied the questionnaire method to 13 experts who have been engaged in education and companies in the coffee industry for more than 10 years during the research period of about 1 month from September 1 to September 30, 2018. The content of the analysis was set around keywords of the quality, technical, educational, market, and economic aspects of the coffee industry, and an in-depth interview analysis method was applied. Conclusion: The conclusion is as follows. First, in terms of the quality of coffee taste, the result was that universality of specialty coffee is possible by adding consistency of taste, reproducibility of extraction, and personality of quality. In particular, depending on the capacity of the barista, concerns about the uniformity of low quality coffee and non-diversity coffee were drawn as negative results. Second, in the technical aspect of the coffee industry, it is expected to expand to areas where one-stop service technologies such as unmanned order systems and robot cafes are applied. Particularly, by securing the safety by applying the wearable Smart Interface technology of the customer, individual data is built to form an individualized customized customer service market and fair trade will be established with technologies such as the smart farm and smart logistics system. It is expected that the development of small-sized artificial intelligence machines that reflect local vitality, home cafes, and Yolo culture will be expected. Third, the need for a partial change in coffee barista education was raised, focusing on automation in the era of the fourth industrial revolution. In particular, a basic understanding of coffee, skilled skills, and understanding of new cutting-edge technologies and skills are required. Focusing on the coffee drinking culture, it is necessary to educate about service, coffee sensibility, communication, and empathy. It is necessary to educate students using advanced technologies such as virtual reality (VR) and augmented reality (AR). It is necessary to cultivate human resources to which the contents of administration, management, and education of the National Competency Standards are applied. Fourth, in terms of market and economy, problems such as deterioration of the social status of baristas, job shortages, and worsening of employment persistence were raised. The initial market entry and maintenance costs are high, and the monopoly of large capital and the cost of derivation due to market imbalance are raised as problems. It is expected that these problems will quickly build into the home-roaster cafe culture."
중년여성의 성공적 노화 인식,2020,"['성공적 노화', '중년여성', '인식', '주관성', 'Q 방법론', 'Successful aging', 'Middle-aged women', 'Recognition', 'Subjectivity', 'Q method']","본 연구의 목적은 Q 방법론을 적용하여 중년여성의 성공적 노화 인식 유형을 파악하고 이해하는데 있다. 연구는 심층면담을 통해 Q 모집단을 구성하여 Q 방법론에 정통한 교수 3인과 연구자가 조정하여 Q 모집단을 대표할 수 있는 50개의 Q표본을 선정하였으며 25명의 중년여성이 P-표본으로 선정되었다. 자료수집은 2018년 12월부터 2019년 2월까지 약 3개월이었으며 PQ Method program을 사용하여 분석하였다. 본 연구결과 중년여성의 성공적 노화 인식은 5가지 유형으로 분류되었으며 1유형 ‘건강순응형’, 2유형 ‘욜로형’, 3유형 ‘자녀성공형’, 4유형 ‘성숙형’, 5유형 ‘이상형’이었다. 본 연구결과 중년여성의 성공적 노화 인식 5가지 유형에는 건강한 삶, 여가, 경제력이 뒷받침되며, 지혜와 성숙, 긍정적인 사회적 지지체계를 공통적으로 인식하고 있다. 본 연구를 통해 각 유형의 주관적 측면의 이해를 높이고, 통찰력을 제공하여 앞으로 중년여성들의 성공적 노화를 맞이할 수 있도록 도와 줄 수 있는 효과적인 간호전략을 연구하고 개발하는데 필요한 기초자료가 될 것으로 사료된다.","The purpose of this study is to apply Q methodologies to identify and understand the type of successful aging perception in middle age. The study organized the Q population through in-depth interviews to select 50 Q samples that could represent the Q population by coordination with three professors and researchers familiar with the Q methodology, and 25 middle-aged women were selected as P-samples. The data collection was about three months from December 2018 to February 2019 and was analyzed using the PQ Method Program. According to this study, middle-aged women s perception of successful aging was divided into five types: Type1 health adaptation type, Type2 yolo type, Type3 the success of one s children type, Type4 maturity type and Type5 ideal type. As a result of this study, the five types of successful aging perceptions of middle-aged women are supported by healthy life, leisure, and economic power, and they all recognize wisdom and maturity, and a positive social support system. This study is expected to be the basic data necessary for researching and developing effective nursing strategies that can help middle-aged women face successful aging in the future by enhancing understanding of each type of subjective aspect and providing insight."
