title,date,keywords,abstract,multilingual_abstract
이미지의 질과 왜곡을 고려한 적대적 생성 신경망과 이를 이용한 비정상 검출,2020,"['Anomaly Detection', 'Unsupervised learning', 'Generative Adversarial Network', 'Variational Autoencoder']","최근 연구 결과에 따르면, 컨볼루션 신경 회로망은 이미지 분류, 객체 검출, 이미지 생성 등의 문제에서 최고의 성능을 보여주고 있다. 비전 카메라를 사용한 결함 검사는 다른 결함 검사보다 경제적이기 때문에 공장 자동화에 있어서 아주 중요하고, 딥러닝의 지도학습은 전통 기계학습 방식의 결함 검사 성능을 월등히 뛰어넘었다. 하지만, 딥러닝의 지도 학습은 엄청난 양의 데이터 주석 작업을 요구하기 때문에, 이를 실제 산업 현장에 적용하는 것은 효율적이지 않다. 따라 서 본 연구는 최근 이미지 생성 과업에서 큰 성공을 보여주고 있는 변분 오토인코더와 적대적 생성 신경망을 활용하여 비지도 방식의 비정상 검출을 위한 신경망 회로 구조를 제안하였고, 이를 MNIST, 용접 결함 데이터에 적용하여 비정상 검출 성능을 검증하였다.","Recently, studies have shown that convolution neural networks are achieving the best performance in image classification, object detection, and image generation. Vision based defect inspection which is more economical than other defect inspection, is a very important for a factory automation. Although supervised anomaly detection algorithm has far exceeded the performance of traditional machine learning based method, it is inefficient for real industrial field due to its tedious annotation work, In this paper, we propose ADGAN, a unsupervised anomaly detection architecture using the variational autoencoder and the generative adversarial network which give great results in image generation task, and demonstrate whether the proposed network architecture identifies anomalous images well on MNIST benchmark dataset as well as our own welding defect dataset"
주목 메커니즘 기반의 멀티 스케일 조건부 적대적 생성 신경망을 활용한 고해상도 흉부 X선 영상 생성 기법,2020,"['Medical', 'Multi-scale cGAN', 'Chest X-rays', 'Self Attention', 'High-Resolution']","의료분야에서 질환별 유병률 차이로 인한 데이터 수적 불균형은 흔하게 발생되는 문제로 인공지능 학습 성능을 저하시켜 개발의 어려움을 초래한다. 최근 이러한 데이터 수적 불균형문제를 해결하기 위한 한 방법으로 적대적 생성 신경망(GAN) 기술이 도입되었고 다양한 분야에 성공적으로 적용되어왔다. 그러나 수적 불균형에 의해 저하된 성능 문제를 해결하는데 있어서 기존 연구들의 영상 해상도가 아직 충분하지 않고 영상 내 구조가 전역적으로 일관성 있게 모델링 되지 않아 좋은 결과를 얻기 어렵다. 본 논문에서는, 흉부 X선 영상 데이터의 수적 불균형문제를 해결하기 위하여 고해상도 영상을 생성할 수 있는 주목 메커니즘 기반 멀티 스케일 조건부 적대적 생성 네트워크를 제안한다. 해당 네트워크는 질환제어 조건변수에 의해 하나의 네트워크만으로 다양한 질환 영상을 생성할 수 있어 각 클래스별로 학습을 하는 비효율성을 줄였고, 자기 주목 메커니즘을 통해 영상 내 장거리 종속성 문제를 해결하였다.",
확장 합성곱 신경망과 자기 지도 순환 적대적 생성 신경망을 이용한 안개 제거 네트워크,2020,"['안개 제거', '순환 적대적 생성 신경망', '자기 지도 학습', '회전 손실 함수', '지각적 손실 함수', '확장합성곱 신경망', 'dehazing', 'cyclegan', 'self-supervised learning', 'rotation loss', 'perceptual loss', 'smoothed dilated convolution']","C/C++의 타입 캐스팅은 취약점을 유발하며 프로그램의 안정성을 저하시킨다. 이를 보완하기 위해 C++에서는 실행 중 객체의 타입을 확인하여 캐스팅하는 dynamic_cast를 지원하지만, 안전성이 높아지는 대신 실행 속도가 느려진다는 단점이 있다. 이러한 이유로 절충안인 런타임 오버헤드가 적은 static_cast가 사용된다. 그러나 static_cast는 컴파일시에 알려진 타입으로만 캐스팅을 제한하는 방법으로서, 취약점이 여전히 존재한다. 본 논문에서는 프로그램 재작성과 타입 시스템을 활용하여 기존의 C++ static_cast를 보완하여 런타임 오버헤드가 적으면서도 개발 단계에서 좀 더 안전한 코딩을 할 수 있도록 유도하는 방법을 제안한다.","The purpose of this study is to investigate methods restoring hazy images to haze-free images. Most dehazing studies have used datasets that consist of pairs of images, one hazy and one haze-free of the same scene, for training purposes. However, in the real world, it is almost impossible to acquire this kind of data where the hazy image and the haze-free image are perfectly matched except for the haze. Therefore, this paper aims to develop a network that removes haze using hazy images and images without haze that are not paired. The proposed model uses the CycleGAN architecture with this unpaired data. In order to improve the haze removal performance, we propose a dehazing model consisting of a smoothed dilated convolution, a perceptual loss function and a rotational loss function under self-supervised learning. For objective performance evaluation of the proposed techniques, we conducted experiments on the D-HAZY dataset and with real hazy images. The performance of the proposed method was demonstrated through qualitative and quantitative analysis."
라이트필드 초해상도와 블러 제거의 동시 수행을 위한 적대적 신경망 모델,2020,"['Deep learning', 'light field', 'deblurring', 'super-resolution']","시차 기반 영상처리에 대한 연구들이 증가함에 따라 저해상도 및 모션 블러된 라이트필드 영상을 복원하는 연구는 필수적이 되었다. 이러한 기법들은 라이트필드 영상 향상 과정으로 알려져 있으나 두 개 이상의 문제를 동시에 해결하는 기존의 연구는 거의 존재하지 않는다. 본 논문에서는 라이트필드 공간 영역 초해상도 복원과 모션 블러 제거를 동시 수행하는 프레임워크를 제안한다. 특히, 저해상도 및 6-DOF 모션 블러된 라이트필드 데이터셋으로 훈련하는 간단한 네트워크를 생성한다. 또한 성능을 향상하기 위해 생성적 적대 신경망의 지역 영역 최적화 기법을 제안하였다. 제안한 프레임워크는 정량적, 정성적 측정을 통해 평가하고 기존의 state-of-the- art 기법들과 비교하여 우수한 성능을 나타냄을 보인다.",
RNN-GAN을 이용한 코드 기반의 단계적 트로트 음악 생성 기법,2020,"['음악 생성', '코드 기반 생성', '적대적 생성 신경망', 'Bidirectional Long Short-Term Memory(BLSTM)', 'Music generation', 'Chord-based generation', 'Generative Adversarial Network (GAN)', 'Bidirectional Long Short-Term Memory (BLSTM)']","본 논문은 순환 신경망(Recurrent Neural Network, RNN)으로 구성된 적대적 생성 신경망(Generative Adversarial Network, GAN) 모델을 사용하여 자동으로 트로트 음악을 생성하는 음악생성 기법을 제안한다. 제안된방법은 음악의 뼈대를 담당하는 코드를 만들고, 만들어진 코드 열을 기반으로 멜로디와 베이스(bass)를 단계적으로생성한 뒤, 해당 코드에 붙임으로써 구조화된 음악을 완성하는 방법을 사용한다. 또한 인트로나 벌스, 코러스 등과 같이일정 구간으로 나뉘어 구조가 반복되는 트로트 가요의 특징을 적용하여 벌스의 코드 진행으로부터 새로운 코러스 코드진행을 만들어내고, 다시 해당 코드로부터 멜로디와 베이스를 단계적으로 생성하여 초기에 만들어진 트로트의 길이를확장한다. 주관적 평가와 객관적 평가방법을 사용하여 생성된 음악의 품질을 측정하였으며, 기존의 트로트가 갖고 있는 음악적 특성과 유사한 음악을 생성함으로 확인하였다.","This paper proposes a music generation technique that automatically generates trot music using a Generative Adversarial Network (GAN) model composed of a Recurrent Neural Network (RNN). The proposed method uses a method of creating a chord as a skeleton of the music, creating a melody and bass in stages based on the chord progression made, and attaching it to the corresponding chord to complete the structured piece. Also, a new chorus chord progression is created from the verse chord progression by applying the characteristics of a trot song that repeats the structure divided into an individual section, such as intro, verse, and chorus. And it extends the length of the created trot. The quality of the generated music was specified using subjective evaluation and objective evaluation methods. It was confirmed that the generated music has similar characteristics to the existing trot."
지하구조물 콘크리트 균열 탐지를 위한 semi-supervised 의미론적 분할 기반의 적대적 학습 기법 연구,2020,"['적대적 학습', '균열 탐지', '의미론적 분할', '상태 점검', '영상처리', 'Adversarial learning', 'Crack detection', 'Semantic segmentation', 'Health monitoring', 'Image processing']","통상적으로 콘크리트 지하 구조물은 수십 년 이상 사용할 수 있도록 설계되지만 최근 들어 구조물 중 상당수가 당초의 기대 수명에 근접하고 있는 실정이다. 그 결과 구조물 고유의 기능이 상실되고 다양한 문제가 야기될 수 있어 신속한 점검과 보수가 요구되고 있다. 이를 위해 지금까지는 지하 구조물 유지관리를 위하여 인력 기반의 점검과 보수가 진행되었으나 최근에는 인공지능과 영상 기술의 융합을 통한 객관적인 점검 기술 개발이 활발하게 이루어지고 있다. 특히 딥러닝을 활용한 영상 인식 기술을 적용하여 지도학습 기반의 콘크리트 균열 탐지 알고리즘 개발에 관한 연구가 다양하게 진행되고있다. 이러한 연구들은 대부분 지도학습 형태 영상 인식 기술로 많은 양의 데이터를 바탕으로 개발이 되는데, 그 중에도 많은 수의 라벨 영상(Label image)이 요구된다. 이를 확보하기 위해서는 현실적으로 많은 시간과 노동력이 필요한 실정이다. 본 논문에서는 이와 같은 문제를 개선하고자 적대적 학습 기법을 적용하여 균열 영역 탐지 정확도를 평균적으로 0.25% 향상시키는 방법을 기술하고자 한다. 이 적대적 학습은 분할(Segmentation) 신경망과 판별자(Discriminator) 신경망으로 구성되어 있고, 가상의 라벨 영상을 경쟁적인 구조로 생성하여 인식 성능을 높이는 알고리즘이다. 본 논문에서는 이 같은 방법을 활용하여 효율적인 심층 신경망 학습 방법을 제시하였고, 향후에 정확한 균열 탐지에 활용될 것으로 기대한다.","Underground concrete structures are usually designed to be used for decades, but in recent years, many of them are nearing their original life expectancy. As a result, it is necessary to promptly inspect and repair the structure, since it can cause lost of fundamental functions and bring unexpected problems. Therefore, personnel-based inspections and repairs have been underway for maintenance of underground structures, but nowadays, objective inspection technologies have been actively developed through the fusion of deep learning and image process. In particular, various researches have been conducted on developing a concrete crack detection algorithm based on supervised learning. Most of these studies requires a large amount of image data, especially, label images. In order to secure those images, it takes a lot of time and labor in reality. To resolve this problem, we introduce a method to increase the accuracy of crack area detection, improved by 0.25% on average by applying adversarial learning in this paper. The adversarial learning consists of a segmentation neural network and a discriminator neural network, and it is an algorithm that improves recognition performance by generating a virtual label image in a competitive"
R2와 어텐션을 적용한 유넷 기반의 영상 간 변환에 관한 연구,2020,"['Image-to-Image Translation', 'conditional GAN', 'U-Net', '영상 간 변환', '조건 적대적 생성 신경망', '유넷']","영상 처리 및 컴퓨터 비전 분야에서 하나의 영상을 통해 다른 영상으로 재구성하거나 새로운 영상을 생성하는 문제는 하드웨어의발전에 따라 꾸준히 주목받고 있다. 그러나 컴퓨터를 통해 생성한 이미지를 사람의 눈으로 바라봤을 때 자연스럽지 않다는 문제 또한 계속해서 대두되고 있다. 최근 딥러닝 분야에 대한 연구가 활발히 진행됨에 따라 이를 활용한 영상 생성 및 개선 문제 또한 활발히 연구되고 있으며 그 중에서도 적대적 생성 신경망(Generative Adversarial Network)이라는 네트워크가 영상 생성 분야에 있어 좋은결과를 보이고 있다. 적대적 생성 신경망이 제안된 이후 이를 기반으로 하는 다양한 네트워크가 제시됨에 따라 영상 생성 분야에서더 자연스러운 영상을 생성하는 것이 가능해졌다. 그 중 pix2pix은 조건 적대적 생성 신경망 모델로 다양한 데이터셋에서도 좋은 성능을보이는 범용적인 네트워크이다. pix2pix는 U-Net을 기반으로 두고 있으나 U-Net을 기반으로 하는 네트워크 중에서는 더 좋은 성능을 보이는 네트워크가 다수 존재한다. 때문에 본 연구에서는 pix2pix의 U-Net에 다양한 네트워크를 적용해 영상을 생성하고 그 결과를 상호비교 평가한다. 각 네트워크를 통해 생성된 영상을 통해 기존의 U-Net을 사용한 pix2pix 모델보다 어텐션, R2, 어텐션-R2 네트워크를 적용한 pix2pix 모델이 더 좋은 성능을 보이는 것을 확인하고 그 중 가장 성능이 뛰어난 네트워크의 한계점을 향후 연구로 제시한다.","In the Image processing and computer vision, the problem of reconstructing from one image to another or generating a new image has been steadily drawing attention as hardware advances. However, the problem of computer-generated images also continues to emerge when viewed with human eyes because it is not natural. Due to the recent active research in deep learning, image generating and improvement problem using it are also actively being studied, and among them, the network called Generative Adversarial Network(GAN) is doing well in the image generating. Various models of GAN have been presented since the proposed GAN, allowing for the generation of more natural images compared to the results of research in the image generating. Among them, pix2pix is a conditional GAN model, which is a general-purpose network that shows good performance in various datasets. pix2pix is based on U-Net, but there are many networks that show better performance among U-Net based networks. Therefore, in this study, images are generated by applying various networks to U-Net of pix2pix, and the results are compared and evaluated. The images generated through each network confirm that the pix2pix model with Attention, R2, and Attention-R2 networks shows better performance than the existing pix2pix model using U-Net, and check the limitations of the most powerful network. It is suggested as a future study"
Multi Cycle Consistent Adversarial Networks for Multi Attribute Image to Image Translation,2020,"['image to image translation', 'GAN', 'Multi attribute translation', '이미지 변환', '적대적 생성 신경망', '다중 속성 변환', 'CycleGAN']",이미지-이미지 변환은 입력 이미지를 통해서 목적 이미지를 만들어내는 기술로 최근 비지도 학습 구조인 GAN을 활용하여 더 실제와 같은 이미지를 만들어내는 높은 성과를 보였다. 이에 따라 GAN을 활용한 이미지-이미지 변환 연구는 다양하게 진행되고 있다. 이때 일반적으로 이미지-이미지 변환은 하나의 속성 변환을 목표한다. 그러나 실제 생활에서 사용되고 얻을 수 있는 자료들은 한 가지 특징으로 설명하기 힘든 다양한 특징으로 이루어진다. 그래서 다양한 속성을 활용하기 위하여 속성별로 이미지 생성 과정을 나누어 학습할 수 있도록 하는 다중 속성 변화를 목표로 한다면 더 이미지-이미지 변환의 역할을 잘 수행할 수 있을 것이다. 본 논문에서는 GAN을 활용한 이미지-이미지 변환 구조 중 높은 성과를 보인 CycleGAN을 활용해 이중 속성 변환 구조인 Multi CycleGAN을 제안한다. 이 구조는 입력 도메인을 두 가지의 속성에 대하여 학습하기 위하여 3개의 도메인이 양방향 학습을 진행하는 이중 변환 구조를 구현하였다. 새로운 구조를 통해 생성된 이미지와 기존 이미지-이미지 변환 구조들을 통해 생성된 이미지를 비교할 수 있도록 실험을 진행하였다. 실험 결과 새로운 구조를 통한 이미지는 입력 도메인의 속성을 유지하며 목표한 속성이 적용되는 높은 성능을 보였다. 이 구조를 활용한다면 앞으로 더 다양한 이미지를 생성하는 일이 가능지기 때문에 더 다양한 분야에서의 이미지 생성의 활용을 기대할 수 있다.,"Image-image translation is a technology that creates a target image through input images, and has recently shown high performance in creating a more realistic image by utilizing GAN, which is a non-map learning structure. Therefore, there are various studies on image-to-image translation using GAN. At this point, most image-to-image translations basically target one attribute translation. But the data used and obtainable in real life consist of a variety of features that are hard to explain with one feature. Therefore, if you aim to change multiple attributes that can divide the image creation process by attributes to take advantage of the various attributes, you will be able to play a better role in image-to-image translation. In this paper, we propose Multi CycleGAN, a dual attribute transformation structure, by utilizing CycleGAN, which showed high performance among image-image translation structures using GAN. This structure implements a dual transformation structure in which three domains conduct two-way learning to learn about the two properties of an input domain. Experiments have shown that images through the new structure maintain the properties of the input area and show high performance with the target properties applied. Using this structure, it is possible to create more diverse images in the future, so we can expect to utilize image generation in more diverse areas."
딥 러닝 기반 코로나19 흉부 X선 판독 기법,2020,"['코로나19', '흉부 X선', 'StackGAN++', '설명 가능한 인공지능', '이진 분류', 'COVID-19', 'Chest X-ray', 'StackGAN++', 'XAI', 'Binary Classification']","전 세계적으로 유행하는 코로나19로 인해 많은 사망자가 보고되고 있다. 코로나19의 추가 확산을 막기 위해서는 의심 환자에 대해 신속하고 정확한 영상판독을 한 후, 적절한 조치를 취해야 한다. 이를 위해 본 논문은 환자의감염 여부를 의료진에게 제공해 영상판독을 보조할 수 있는 딥 러닝 기반 코로나19 흉부 X선 판독 기법을 소개한다.우선 판독모델을 학습하기 위해서는 충분한 데이터셋이 확보되어야 하는데, 현재 제공하는 코로나19 오픈 데이터셋은학습의 정확도를 보장하기에 그 영상 데이터 수가 충분하지 않다. 따라서 누적 적대적 생성 신경망(StackGAN++)을사용해 인공지능 학습 성능을 저하하는 영상 데이터 수적 불균형 문제를 해결하였다. 다음으로 판독모델 개발을 위해증강된 데이터셋을 사용하여 DenseNet 기반 분류모델 학습을 진행하였다. 해당 분류모델은 정상 흉부 X선과 코로나19 흉부 X선 영상을 이진 분류하는 모델로, 실제 영상 데이터 일부를 테스트데이터로 사용하여 모델의 성능을 평가하였다. 마지막으로 설명 가능한 인공지능(eXplainable AI, XAI) 중 하나인 Grad-CAM을 사용해 입력 영상의 질환유무를 판단하는 근거를 제시하여 모델의 신뢰성을 확보하였다.","Many deaths have been reported due to the worldwide pandemic of COVID-19. In order to prevent the further spread of COVID-19, it is necessary to quickly and accurately read images of suspected patients and take appropriate measures. To this end, this paper introduces a deep learning-based COVID-19 chest X-ray reading technique that can assist in image reading by providing medical staff whether a patient is infected. First of all, in order to learn the reading model, a sufficient dataset must be secured, but the currently provided COVID-19 open dataset does not have enough image data to ensure the accuracy of learning. Therefore, we solved the image data number imbalance problem that degrades AI learning performance by using a Stacked Generative Adversarial Network(StackGAN++). Next, the DenseNet-based classification model was trained using the augmented data set to develop the reading model. This classification model is a model for binary classification of normal chest X-ray and COVID-19 chest X-ray, and the performance of the model was evaluated using part of the actual image data as test data. Finally, the reliability of the model was secured by presenting the basis for judging the presence or absence of disease in the input image using Grad-CAM, one of the explainable artificial intelligence called XAI."
