title,date,keywords,abstract,multilingual_abstract
오토인코더에 기반한 딥러닝을 이용한 사이버대학교 학생의 학업 성취도 예측 분석 시스템 연구,2018,"['Autoencoder', 'Deep Learning', 'Learning Management System', 'E-learning', 'Learning Analytics', '오토인코더', '딥러닝', '학습관리시스템', '이러닝', '학업분석']","본 논문에서는  사이버대학교 학습관리시스템에 누적된 데이터를 기반으로 학습 성과를 예측하기 위하여 딥러닝에 기반한 데이터 분석 방법을 연구하였다.  학습자의 학업 성취도를 예측하면, 학습자의 학습을 촉진하여 교육의 질을 높일 수 있는 도구로 활용될 수 있다. 학습 성과의 예측의 정확도를 향상시키기 위하여  오토인코더에 기반하여 한학기 출결 상황을 예측하고, 학기 진행 중인 평가 요소들과 결합하여 딥러닝으로 학습하여 최종 예측의 정확도를 높였다. 제안하는 예측 방법을 검증하기 위하여   학습 진행 과정의 출결데이터의 예측과 평가요소  데이터를 활용하여  최종학습 성취도를  예측하였다.  실험을 통하여 학기 진행중에 학습자의 성취도를 예측할 수 있는 것을 보였다.","In this paper, we have studied a data analysis method by deep learning to predict learning achievements based on accumulated data in cyber university learning management system. By predicting learner's academic achievement, it can be used as a tool to enhance learner's learning and improve the quality of education. In order to improve the accuracy of prediction of learning achievements, the autoencoder based attendance prediction method is developed to improve the prediction performance and deep learning algorithm with ongoing evaluation metrics and predicted attendance are used to predict the final score. In order to verify the prediction results of the proposed method, the final grade was predicted by using the evaluation factor attendance data of the learning process. The experimental result showed that we can predict the learning achievements in the middle of semester."
오토인코더 모델을 이용한 선박교통관제 지원 시스템의 개발,2018,"['기계학습', '선박교통관제', '선박자동식별장치', '해상교통 분석', '이상 거동 선박', 'machine learning', 'vessel traffic service', 'AIS', 'maritime traffic analysis', 'ship movement anomaly']","최근 해상 교통량이 증가하고 연안 항해에 대한 관제의 필요성이 요구되면서 관제 범위가 점차 확대되고 있는 추세이다. 이러한 관제구역의 확대는 관제사의 업무 부하를 초래하며, 이로 인해 교통량이 급증하는 경우에는 관제사가 사고 위험을 인지하지 못하는 상황도 발생한다. 이에 국제항로표지협회(IALA)에서는 관제사의 의사결정을 지원하는 기능들의 가이드라인을 권고하고 있지만, 현장의 상황에 맞지 않는 경우가 많아 널리 활용되지 못하고 있다. 이러한 배경에서 본 논문에서는 관제사의 관제 업무를 지원하기 위해 이상 거동 선박을 자동으로 식별하는 방법과 이를 이용한 관제 지원 시스템을 제안한다. 본 시스템은 누적된 항적 데이터를 이용하여 관제구역 내의 통항 패턴을 학습하고, 학습 모델과의 비교를 통해 식별된 이상 거동 선박 정보를 관제사에게 제공한다. 또한, 본 논문에서는 시뮬레이터 및 실제 항적 데이터를 이용하여 실험을 수행하고, 이를 통해 선박교통관제 시스템에의 활용 가능성을 고찰한다.","The primary purpose of the VTS (Vessel Traffic Service) is to prevent maritime accidents in the port. Recently, the VTS coverage has expanded to include coastal areas with an increase in the focus on maritime safety. However, the expansion led to an increase in the workload for the VTS operators. In some cases, due to an increase in the maritime traffic volume during rush hours, the VTS operator could not recognize the risks of accidents. Henceforth, IALA announced the guidelines to support the VTS operator’s decision-making process. But, the configuration of the guidelines is complicated and there are many useless alarms, thus, making it inapplicable for wide employment. In the present work, we propose a new system to automatically recognize anomalies in ship movement to support the VTS operator’s decision-making process. The proposed system makes the traffic pattern model using the accumulated AIS messages in VTS coverage. Subsequently, the anomaly score can be calculated by comparison with the trained model. Finally, we have reviewed experimental results using a ship-handling simulator and actual trajectory data to verify the feasibility of the proposed method."
효과적인 협업 필터링을 위한 평점 정보 도움을 받는 잡음제거 오토인코더,2018,"['Collaborative Filtering (CF)', 'Denoising AutoEncoder (DAE)', 'Rating', 'Recommender System']",,
딥러닝 기반 6D 객체 포즈 개선을 위한 3D 윤곽 부정합 손실,2023,,,
Application of Improved Variational Recurrent Auto-Encoder for Korean Sentence Generation,2018,"['딥러닝', '생성모델', '변분순환오토인코더', '한국어 문장 생성', '보간법', 'deep learning', 'generative models', 'variational recurrent auto-encoder', 'Korean sentence generation', 'interpolation']",,"Due to the revolutionary advances in deep learning, performance of pattern recognition has increased significantly in many applications like speech recognition and image recognition, and some systems outperform human-level intelligence in specific domains. Unlike pattern recognition, in this paper, we focus on generating Korean sentences based on a few Korean sentences. We apply variational recurrent auto-encoder (VRAE) and modify the model considering some characteristics of Korean sentences. To reduce the number of words in the model, we apply a word spacing model. Also, there are many Korean sentences which have the same meaning but different word order, even without subjects or objects; therefore we change the unidirectional encoder of VRAE into a bidirectional encoder. In addition, we apply an interpolation method on the encoded vectors from the given sentences, so that we can generate new sentences which are similar to the given sentences. In experiments, we confirm that our proposed method generates better sentences which are semantically more similar to the given sentences."
딥 러닝을 이용한 포트폴리오 구성 전략,2018,"['딥 러닝', '포트폴리오 선택 전략', 'ETF', '오토인코더', '인공지능', 'Deep learning', 'portfolio selection strategy', 'ETF', 'autoencoder', 'artificial intelligence']","본 연구에서는 딥 러닝 기법을 금융 분야의 포트폴리오 구성문제에 적용하는 방안을 제안한다.기존의 전통적인 포트폴리오 구성은 마코위츠 모형을 근간으로 하고 있으나 여러 현실적인 문제들을내포하고 있다. 반면 딥 러닝 기법을 이용한 포트폴리오 전략은 모형에 구애받지 않는 비모형(modelfree) 접근 방법으로 강건한 문제해결 능력을 갖는 장점을 지닌다. 따라서 본 연구는 오토인코딩, 확인, 테스트, 검증의 4단계로 구성되는 딥 포트폴리오 선택 전략을 제안하고 이를 바이오/생명과학 업종으로 상장되어있는 ETF 상품을 대상으로 그 타당성을 분석한다. 오토인코더 모형을 통해 시장을가장 잘 대표하는 종목들과 그렇지 않은 종목들을 추출하고, 포트폴리오 다각화를 위해 이들 종목들을 포트폴리오에 다양하게 포함시키는 것이 포트폴리오 성과 측면에서 우수한 결과를 보이는 것으로나타났다.","This study proposes a strategy that applies deep learning methodology to portfolioselection problem in finance. While traditional portfolio selection is based on Markowitz theory,it faces a number of practical issues. However, portfolio selection strategy using deep learning isnot only a model-free approach without regard to specific model but also has a strength withrobust problem solving ability. Therefore, this study presents a deep portfolio algorithm consistingof 4-phases: autoencoding, validation, test and verification, and analyzes its efficacy withan ETF listed in KRX(Korea Exchange). The ETF that we target is in the category of Bio/lif science.From the perspective of portfolio diversification, putting together the most communalstocks and the most non-communal stocks in the same portfolio is turned out to make superioroutcome."
심층 신경회로망 모델을 이용한 일별 주가 예측,2018,"['융합', '주가 예측', '주가 모델링', '심층 신경망', '심층 학습', '시계열 예측', 'Convergence', 'Stock Price Forecasting', 'Stock Price Modeling', 'Deep Neural Network', 'Deep Learning', 'Time Series Forecasting']","심층 신경회로망은 적합한 수학적 모델에 대한 어떠한 가정 없이 데이터로부터 유용한 정보를 추출해서 예측에 필요한 입출력 관계를 정의할 수 있기 때문에 최근 시계열 예측 분야에서 주목 받고 있다. 본 논문에서는 주가의 일별 종가 를 예측하기 위한 심층 신경회로망 모델을 제안한다. 제안된 심층 신경회로망은 예측 정밀도를 높이기 위해 단일 층의 오토 인코더와 4층의 신경회로망이 결합된 구조를 갖는다. 오토인코더 층은 주가 예측에 필요한 최적의 입력 특징을 추출하고 4층의 신경회로망은 추출된 특징을 사용해 주가 예측에 필요한 동특성을 반영하여 주가를 출력한다. 제안된 심층 신경회로 망의 학습은 층별로 단계적으로 이뤄지며 최종 단계에서 전체 심층 신경회로망에 대해 한 번 더 학습이 실행된다. 본 논문에 제안된 방법으로 KOrea composite Stock Price Index (KOSPI) 일별 종가를 예측하는 심층 신경회로망을 구현하고 기존 방법과 예측 정확도를 비교, 평가한다.","The application of deep neural networks to finance has received a great deal of attention from researchers because no assumption about a suitable mathematical model has to be made prior to forecasting and they are capable of extracting useful information from large sets of data, which is required to describe nonlinear input-output relations of financial time series. The paper presents a new deep neural network model where single layered autoencoder and 4 layered neural network are serially coupled for stock price forecasting. The autoencoder extracts deep features, which are fed into multi-layer neural networks to predict the next day's stock closing prices. The proposed deep neural network is progressively learned layer by layer ahead of the final learning of the total network. The proposed model to predict daily close prices of KOrea composite Stock Price Index (KOSPI) is built, and its performance is demonstrated."
Application of Multifactor Model to Stock Market Index Prediction using Multi-Task Deep Learning,2018,"['차원축소', '오토인코더', '장단기메모리네트워크', '주성분분석', '예측', 'Dimensionality Reduction', 'Autoencoder', 'Long Short-Term Memory (LSTM) Network', 'Principal Component Analysis (PCA)', 'Prediction']",,"A multifactor model, extracting the common factors in returns and then tests whether expected returns are explained by the cross-sections of the loadings of security returns on the factors, have been popularly studied in cross-sectional return predictability in an efficient stock market. We deploy a long short-term memory (LSTM) networks in a multifactor model using individual stock returns in predicting out-of-sample return of the S&P 500 composite index from December, 2007 to December, 2010. We find that a LSTM network, a state-of-the art technique for sequence learning outperforms a factor regression by principal components. The outperformance, measured by the mean squared errors, is clear in predicting composite returns during the most recent financial crisis (January, 2008-June, 2009) when the LSTM is trained by data after dimensionality reduction by various autoencoders including denoising, and contractive autoencoder. Furthermore, we suggest a unique architecture of a multitasking network, consolidating an autoencoder and a LSTM network, resulting the best performance in application of a AE+LSTM network to a multifactor model."
운고계 자료를 이용하여 기상 현상을 탐지하기 위한 기계학습 기법 적용,2018,"['운고계 후방산란자료', '기상현상 탐지', '랜덤포레스트', '서포트 벡터 머신', '인공신경망', 'Ceilometer back-scattered data', 'Meteorological phenomena detection', 'Random Forest', 'Support Vector Machine', 'Artificial Neural Network']","구름은 기후와 날씨 변화에서 가장 중요한 요인 중 하나로, 운고계는 구름의 고도와 운량을 자동으로 관측하는데 사용된다. 본 논문에서는 운고계에서 수집한 후방산란자료에 기계학습기법을 적용하여 기상현상을 탐지하는 방법을 제안한다. 먼저, 수집한 후방산란자료에 잡음을 제거하기 위한 방법으로 선형보간법과 잠음제거 오토인코더를 이용하여 잡음소거를 수행한다. 또한, 관측되는 기상현상이 현저히 적기 때문에 언더샘플링을 적용하여 기계학습기법을 적용했다. 적용한 기법으로는 랜덤포레스트, 서포트 벡터 머신, 인공신경망이며, 학습 시간의 문제로 서포트 벡터 머신과 인공신경망의 경우 특징선택으로 학습인자를 줄여 실험을 진행했다. 탐지한 기상현상으로는 강수, 안개, 기압을 다루었으며 지역별상세관측자료(AWS)와 시정자료를 사용했다. 기계학습의 성능평가를 위한 정확도 측도로 F1-점수를 사용했으며 실험에서 강수의 경우 0.3377, 안개의 경우 0.0949, 기압의 경우 0.3494를 보인다.","Clouds are one of the most important factors in climate and weather changes, and A ceilometer is used to automatically observe information about cloud altitude and cloudiness. In this paper, we propose a method to detect the presence-or-not of meteorological phenomena by applying machine learning to the back-scattered data collected from the ceilometer. First, to eliminate the noise in the observation data, linear interpolation and denoising autoencoder is used to perform noise elimination on the back-scattered data. Since the meteorological phenomena is remarkably small, the machine learning method was applied after undersampling. The machine learning used are Random Forests, Support Vector Machine, and Artificial Neural Network. In case of support vector machine and artificial neural network due to learning time problems, experiments were performed by reducing learning factors by feature selection. We deal with precipitation, fog, and atmospheric pressure as meteorological phenomena using AWS and visibility data. The F1-score was used as an accuracy measure for the performance evaluation of machine learning. In the experiment, it is 0.3377 for the precipitation, 0.0949 for the fog, and 0.3494 for the atmospheric pressure."
