title,date,keywords,abstract,multilingual_abstract
DC 배전용 반도체 변압기를 위한 직렬 연결된 플라잉 커패시터 멀티-레벨 정류기의 모델 예측 제어 방법,2018,"['DC distribution system', 'Finite control set-model predictive control', 'Flying capacitor rectifier', 'Multi-level converter', 'Solid state transformer']",,
Vibration Analysis of Transformer DC bias Caused by HVDC based on EMD Reconstruction,2018,"['Transformer vibration', 'HVDC transmission', 'Signal reconstruction', 'EMD']",,"This paper proposes a new approach utilizing empirical mode decomposition (EMD) reconstruction to process vibration signals of a transformer under DC bias caused by high voltage direction transmission (HVDC), which is the potential cause of additional vibration and noise from transformer. Firstly, the Calculation Method is presented and a 3D model of transformer is simulated to analyze transformer deformation characteristic and the result indicate the main vibration is produced along axial direction of three core limbs. Vibration test system has been built and test points on the core and shell of transformer have been measured. Then, the signal reconstruction method for transformer vibration based on EMD is proposed. Through the EMD decomposition, the corrupted noise can be selectively reconstructed by the certain frequency IMFs and better vibration signals of transformer have been obtained. After EMD reconstruction, the vibrations are compared between transformer in normal work and with DC bias. When DC bias occurs, odd harmonics, vibration of core and shell, behave as a nonlinear increase and the even harmonics keep unchanged with DC current. Experiment results are provided to collaborate our theoretical analysis and to illustrate the effectiveness of the proposed EMD method."
Vibration Analysis of Transformer DC bias Caused by HVDC based on EMD Reconstruction,2018,"['Transformer vibration', 'HVDC transmission', 'Signal reconstruction', 'EMD']",,"This paper proposes a new approach utilizing empirical mode decomposition (EMD) reconstruction to process vibration signals of a transformer under DC bias caused by high voltage direction transmission (HVDC), which is the potential cause of additional vibration and noise from transformer. Firstly, the Calculation Method is presented and a 3D model of transformer is simulated to analyze transformer deformation characteristic and the result indicate the main vibration is produced along axial direction of three core limbs. Vibration test system has been built and test points on the core and shell of transformer have been measured. Then, the signal reconstruction method for transformer vibration based on EMD is proposed. Through the EMD decomposition, the corrupted noise can be selectively reconstructed by the certain frequency IMFs and better vibration signals of transformer have been obtained. After EMD reconstruction, the vibrations are compared between transformer in normal work and with DC bias. When DC bias occurs, odd harmonics, vibration of core and shell, behave as a nonlinear increase and the even harmonics keep unchanged with DC current. Experiment results are provided to collaborate our theoretical analysis and to illustrate the effectiveness of the proposed EMD method."
Efficiency Optimization with a Novel Magnetic-Circuit Model for Inductive Power Transfer in EVs,2018,"['Core losses', 'Efficiency', 'Inductive power transfer', 'Loosely coupled transformer', 'Magnetic-circuit model']",,"The technology of inductive power transfer has been proved to be a promising solution in many applications especially in electric vehicle (EV) charging systems, due to its features of safety and convenience. However, loosely coupled transformers lead to the system efficiency not coming up to the expectation at the present time. Therefore, at first, the magnetic core losses are calculated with a novel magnetic-circuit model instead of the commonly used finite-element-method (FEM) simulations. The parameters in the model can be obtained with a one-time FEM simulation, which makes the calculation process expeditious. When compared with traditional methods, the model proposed in the paper is much less time-consuming and relatively accurate. These merits have been verified by experimental results. Furthermore, with the proposed loss calculation model, the system is optimized by parameter sweeping, such as the operating frequency and winding turns. Specifically, rather than a predesigned switching frequency, a more efficiency-optimized frequency for the series-parallel (SP) compensation topology is detected and a detailed investigation has been presented accordingly. The optimized system is capable of an efficiency that is greater than 93% at a coil separation distance of 200mm and coil dimensions of $600mm{\times}400mm$."
Efficiency Optimization with a Novel Magnetic-Circuit Model for Inductive Power Transfer in EVs,2018,"['Core losses', 'Efficiency', 'Inductive power transfer', 'Loosely coupled transformer', 'Magnetic-circuit model']",,"The technology of inductive power transfer has been proved to be a promising solution in many applications especially in electric vehicle (EV) charging systems, due to its features of safety and convenience. However, loosely coupled transformers lead to the system efficiency not coming up to the expectation at the present time. Therefore, at first, the magnetic core losses are calculated with a novel magnetic-circuit model instead of the commonly used finite-element-method (FEM) simulations. The parameters in the model can be obtained with a one-time FEM simulation, which makes the calculation process expeditious.When compared with traditional methods, the model proposed in the paper is much less time-consuming and relatively accurate.These merits have been verified by experimental results. Furthermore, with the proposed loss calculation model, the system is optimized by parameter sweeping, such as the operating frequency and winding turns. Specifically, rather than a predesigned switching frequency, a more efficiency-optimized frequency for the series-parallel (SP) compensation topology is detected and a detailed investigation has been presented accordingly. The optimized system is capable of an efficiency that is greater than 93% at a coil separation distance of 200mm and coil dimensions of 600mm×400mm."
Step-Up Asymmetrical Nine Phase Delta-Connected Transformer for HVDC Transmission,2018,"['18-pulse ac-dc converters', 'Asymmetrical autotransformer', 'LCC-HVDC', 'Thyristor', 'THD current']",,"In order to provide a source for nine phases suitable for 18-pulse ac to dc power, this paper proposes a new structure for a step-up asymmetrical delta-connected transformer for converting three-phase ac power to nine-phase ac power. The design allows for symmetry between the nine output voltages to improve the power quality of the supply current and to minimize the THD. The results show that this new structure proves the equality between the output voltages with 40°- α and 40°+ α phase shifting and produces symmetrical output currents. This result in the elimination of harmonics in the network current and provides a simulated THD that is equal to 5.12 %. An experimental prototype of the step-up asymmetrical delta-autotransformer is developed in the laboratory and the obtained results give a network current with a THD that is equal to 5.35%. Furthermore, a finite element analysis with a 3D magnetic field model is made based on the dimensions of the 4kVA, 400 V laboratory prototype three-phase with three-limb delta-autotransformer with a six-stacked-core in each limb. The magnetic distribution flux, field intensity and magnetic energy are carried out under open-circuit operation or load-loss."
Step-Up Asymmetrical Nine Phase Delta-Connected Transformer for HVDC Transmission,2018,"['18-pulse ac-dc converters', 'Asymmetrical autotransformer', 'LCC-HVDC', 'Thyristor', 'THD current']",,"In order to provide a source for nine phases suitable for 18-pulse ac to dc power, this paper proposes a new structure for a step-up asymmetrical delta-connected transformer for converting three-phase ac power to nine-phase ac power. The design allows for symmetry between the nine output voltages to improve the power quality of the supply current and to minimize the THD. The results show that this new structure proves the equality between the output voltages with $40^{\circ}-{\alpha}$ and $40^{\circ}+{\alpha}$ phase shifting and produces symmetrical output currents. This result in the elimination of harmonics in the network current and provides a simulated THD that is equal to 5.12 %. An experimental prototype of the step-up asymmetrical delta-autotransformer is developed in the laboratory and the obtained results give a network current with a THD that is equal to 5.35%. Furthermore, a finite element analysis with a 3D magnetic field model is made based on the dimensions of the 4kVA, 400 V laboratory prototype three-phase with three-limb delta-autotransformer with a six-stacked-core in each limb. The magnetic distribution flux, field intensity and magnetic energy are carried out under open-circuit operation or load-loss."
Modified Differential Protection for Transformers in Wind Farms,2018,"['Distributed generation', 'Differential relay', 'Fault level', 'Transformer', 'Wind farm']",,The liberalization of electricity market and environmental concerns are the major driving forces for the development of Distributed Generation (DG). The mode of grid-connected wind power generation is becoming popular and has matured as a reliable DG technology. The voltage generated by the wind generator is stepped up to the higher voltage by the transformers before connecting to the grid. Operating algorithm of the differential relays for transformer protection used in the wind farms need to be modified to take care of the dynamic nature of fault current caused by the intermittent nature of the wind power. An algorithm for the differential relay is proposed in which dual slope characteristics are adjusted with varying fault level situation according to the wind generator in service as well as with the wind speed. A case study conducted for a typical wind farm shows that the proposed method avoids mal-operation of the differential relay in varying wind power conditions.
OpenWRT를 이용한 전기사용 관리 시스템 설계,2018,"['smart plug', 'energy monitoring', 'wirelss sensor networks', 'OpenWRT', 'IoT']","본 논문에서는 가정내 가전기기의 전기 사용량을 감시할 수 있는 시스템을 제안하였다. 제안한 시스템은 무선 스마트 플러그와 OpenWRT 기반의 홈게이트웨이, 원격 서버로 구성된다. 무선 스마트 플러그는 CT센서를 이용하여 전류 사용량을 측정하고 무선으로 OpenWRT 게이트웨이에 전달한다. 무선 스마트 플러그는 0～1A 저전류 영역과 1～15A 고전류 영역을 측정할 수 있도록 설계하고, 과전류 차단기능을 추가하였다. 릴레이를 이용하여 대기전력을 차단하거나 명령에 따라 제어할 수 있다. ADC가 측정한 전압을 전류로 변환할 수 있는 선형 모델식을 구성하였다. 무선 범위를 개선하기 위해 PCB 타입의 안테나를 제작하였다. 홈게이트웨이는 IP 공유기 형태로, 무선 스마트 플러그로부터 측정 데이터를 수신할 수 있는 베이스 모듈이 USB로 연결된다. 수신 데이터는 인터넷을 통해 서버에 저장된다. 실제 가정에서 11개의 대표 가전의 사용량 실험 진행하였다.","This paper presented a system to monitor for electrical consumption of home appliances. The proposed system is composed of wireless smart plugs, a home gateway based on OpenWRT, and a remote server. The wireless smart plugs measure the current using CT (current transformer) sensor and send the current to server wirelessly. The smart plugs was designed to measure 0～1A low current region and 1～15A high current region, and to add over-current protection circuit. The smart plugs can cut the standby power or control by the command signal. We composed linear model equations to convert voltage measured by ADC into the current. The PCB type antenna was customized to improve the RF range. The home gateway is a IP router, connects with USB to receive sensing data from wireless smart plugs. The home gateway stores the received packets into a remote server. We evaluated system in the actual living testbed, presented electrical consumption data from eleven electrical appliances."
2035 미래교육 시나리오: 초·중등교육을 중심으로,2018,"['미래교육', '미래교육 시나리오', '모두가 주인공', 'future education', 'future education scenario', 'every one is a hero']","이 연구는 ‘우리가 원하는 미래교육은 어떤 모습이며, 지금 가는 방향에서 어떤 변화가 요청되는지’를 탐색하기 위해서 수행되었다. 이를 위해 시나리오법을 통해 2035년 시점에 ‘예상’되는 시나리오와 ‘희망’하는 시나리오를 개발하고 ‘희망’하는 모습과 정반대인 ‘좌절’ 시나리오를 추가로 개발하였다. 시나리오 개발 과정은 BASICS의 기본원리에 기반하여 데이터 분석을 통한 변인후보 추출, 전문가조사를 통한 변인 추출 및 시나리오 도출로 이루어졌다. 연구 결과, 모든 시나리오에서 공유하는 미래교육의 일반적인 모습은 유연한 평생학습체제, 강화된 지방자치, 역량 중심 교육, 종합 서비스 구심점으로서의 학교, 개별화된 교육과정, 학생별 학습이력관리, 멘토링과 코칭 및 롤(role)모델 역할이 강화된 교사, 트랜스포머-스마트 학습 공간으로서의 학교, 지역 네트워크형 교육체제 등으로 대표된다. 변인들의 조합에 따라 달라질 미래 교육의 모습으로는 1) 예상 시나리오: ‘한 지붕 세 가족’, 2) 희망 시나리오: ‘모두가 주인공’, 3)좌절 시나리오: ‘의자 게임’이 도출되었다. 예상 시나리오와 희망 시나리오를 구성하는 변인의 차이는 교육에서 시장화가 진척될지, 공공성이 강화될 지에 있으므로 희망 시나리오를 만들어 가기 위해서는 시장화가 아닌 공공성을 강화하는 노력이 요청된다. 또한 미래교육의 원리, 목표, 형태, 재정투자의 측면에서 각각 시장화, 수월성, 집합형, 재정축소의 특성을 띠지 않도록 견제하고 공공성, 평등성, 네트워크화, 재정확대의 특성을 갖도록 견인할 필요가 있다.","In this study, future education scenarios were developed to ask and answer questions about what we want future education to look like, and what changes are required. We developed 'predicted,' 'desired,' and 'pessimistic' scenarios. A scenario method was used as the method for the study, and scenario development was based on the basic principles of BASICS. A general form of future education that all of the scenarios shared incorporated the following: a flexible lifelong learning system, an enhanced municipal authority, competence-driven training, schools as centers of integrated services, individualized education, individual evaluation of learning history, teachers with enhanced mentoring capabilities, schools as transformer-smart learning spaces, and education systems with regional networks. According to a combination of the variations, 1) the predicted scenario: “3 families under one roof,” 2) the desired scenario: “Everyone is a hero,” and 3) the pessimistic scenario: “Zero-sum game” were derived. To make the desired scenario feasible in the future, the marketization of education should be prevented, and political efforts to make education quasi-public are required. Also, future education principles, purposes, formats, and financial investments should be geared toward becoming public, equal, network forming, and expanding in lieu of obtaining marketizing, emphasizing supremacy, clustering, and reducing finances."
S-Parameter를 이용한 변압기의 고주파 모델링 기법,2018,"['High Frequency Transformer', 'Parasitic Parameter', 'Electro Magnetic Interference(EMI)', 'Stray Capacitance', 'S-Parameter']","연구는 S-parameter를 이용한 변압기의 고주파 모델링 방법을 제시한다. 1차측과 2차측을 단락 또는 개방 회로를 구성하여 각 상태에서의 반사계수를 Vector Network Analyzer로 측정하였다. 측정 결과로부터 등가회로 소자를 추출하여 고주파 등가회로를 모델링하고, 2-port 회로에서 측정한 S-parameter 측정치와 시뮬레이션 결과를 비교함으로써 타당성을 검증하였다. 이는 정확하고 예측 가능한 고주파 변압기를 설계하는데 적용될 수 있다.","In this paper, we propose a method for high-frequency modeling of transformers using the S-parameter. The open and short circuits of the primary and secondary sides were configured, and the reflection coefficient in each circuit was measured using a vector network analyzer. The equivalent circuit elements were extracted from the measured results to model the high-frequency equivalent circuit, and the validity of the method was verified by comparing the measured S-parameters in a 2-port network with the simulation results."
전자레인지용 LLC 공진형 인버터의 입력전류 고조파 억제,2018,"['HFT(High Frequency Transformer)', 'Magnetron', 'LLC resonant inverter', 'Variable current controller']",,
Influence Analysis of Power Grid Harmonics on Synchronous Hydro Generators,2018,"['Average torque', 'Bulb tubular turbine generator', 'Eddy current loss', 'Harmonic current', 'Time harmonic', 'Torque ripple']",,"The content of harmonic current increases with an increase in the number of power electronic devices in power grid. When a generator is directly connected to the power grid through a step-up transformer, the influence of the harmonic currents on the generator is inevitable. To study the influences of harmonics on generators, a 24-MW bulb tubular turbine generator is taken as an example in this paper. A 2-D transient electromagnetic field model is established. Through a comparative analysis of the data of experiments and simulations, the correctness of the model is verified. The values of the air gap magnetic density, torque and losses of the generator under various conditions are calculated using the finite element method. Taking the rated condition as a reference, the influence of the harmonic currents on the magnetic flux density is analyzed. It is confirmed that the time harmonic is a key factor affecting the generator performance. At the same time, the effects of harmonic currents on the torque ripple, average torque and eddy current loss of the generator are studied, and the mechanism of the variation of the eddy current loss is also discussed."
Cost Effective Design of High Voltage Impulse Generator and Modeling in Matlab,2018,"['Capacitive energy storage', 'Dielectric breakdown', 'Impulse testing', 'Insulation testing', 'Voltage multiplier']",,"Quality of the power system depends upon the reliability of its components such as transformer, transmission lines, insulators, circuit breakers and isolators. The transient voltage due to internal or external reasons may affect the insulation level of the components. The insulation level of these components must be tested against these conditions. Different studies, testing of different electrical components against high voltage impulses and different industrial applications rely on the international manufactures for pulsed power generation and testing, that is quite expensive and large in size. In this paper a model of impulse voltage generator with capacitive load of pin type insulator is studied by simulation method and by an experimental setup. A ten stage high voltage impulse generator (HVIG) is designed and implemented for different applications. In this proposed model, the cost has been reduced by using small and cheap capacitors as an alternative for large and expensive ones while achieving the same effectiveness. Effect of the distributed capacitance in each stage is analyzed to prove the effectiveness of the model. Different values of front and tail resistances have been used to get IEC standard waveforms. Results reveal the effectiveness at reduced cost of the proposed model."
Cost Effective Design of High Voltage Impulse Generator& Modeling in Matlab,2018,"['Capacitive energy storage', 'Dielectric breakdown', 'Impulse testing', 'Insulation testing', 'Voltage multiplier']",,"Quality of the power system depends upon the reliability of its components such as transformer, transmission lines, insulators, circuit breakers and isolators. The transient voltage due to internal or external reasons may affect the insulation level of the components. The insulation level of these components must be tested against these conditions. Different studies, testing of different electrical components against high voltage impulses and different industrial applications rely on the international manufactures for pulsed power generation and testing, that is quite expensive and large in size. In this paper a model of impulse voltage generator with capacitive load of pin type insulator is studied by simulation method and by an experimental setup. A ten stage high voltage impulse generator (HVIG) is designed and implemented for different applications. In this proposed model, the cost has been reduced by using small and cheap capacitors as an alternative for large and expensive ones while achieving the same effectiveness. Effect of the distributed capacitance in each stage is analyzed to prove the effectiveness of the model. Different values of front and tail resistances have been used to get IEC standard waveforms. Results reveal the effectiveness at reduced cost of the proposed model."
Cost Effective Design of High Voltage Impulse Generator and Modeling in Matlab,2018,"['Capacitive energy storage', 'Dielectric breakdown', 'Impulse testing', 'Insulation testing', 'Voltage multiplier']",,"Quality of the power system depends upon the reliability of its components such as transformer, transmission lines, insulators, circuit breakers and isolators. The transient voltage due to internal or external reasons may affect the insulation level of the components. The insulation level of these components must be tested against these conditions. Different studies, testing of different electrical components against high voltage impulses and different industrial applications rely on the international manufactures for pulsed power generation and testing, that is quite expensive and large in size. In this paper a model of impulse voltage generator with capacitive load of pin type insulator is studied by simulation method and by an experimental setup. A ten stage high voltage impulse generator (HVIG) is designed and implemented for different applications. In this proposed model, the cost has been reduced by using small and cheap capacitors as an alternative for large and expensive ones while achieving the same effectiveness. Effect of the distributed capacitance in each stage is analyzed to prove the effectiveness of the model. Different values of front and tail resistances have been used to get IEC standard waveforms. Results reveal the effectiveness at reduced cost of the proposed model."
Influence Analysis of Power Grid Harmonics on Synchronous Hydro Generators,2018,"['Average torque', 'Bulb tubular turbine generator', 'Eddy current loss', 'Harmonic current', 'Time harmonic', 'Torque ripple']",,"The content of harmonic current increases with an increase in the number of power electronic devices in power grid. When a generator is directly connected to the power grid through a step-up transformer, the influence of the harmonic currents on the generator is inevitable. To study the influences of harmonics on generators, a 24-MW bulb tubular turbine generator is taken as an example in this paper. A 2-D transient electromagnetic field model is established. Through a comparative analysis of the data of experiments and simulations, the correctness of the model is verified. The values of the air gap magnetic density, torque and losses of the generator under various conditions are calculated using the finite element method. Taking the rated condition as a reference, the influence of the harmonic currents on the magnetic flux density is analyzed. It is confirmed that the time harmonic is a key factor affecting the generator performance. At the same time, the effects of harmonic currents on the torque ripple, average torque and eddy current loss of the generator are studied, and the mechanism of the variation of the eddy current loss is also discussed."
A Study on the Effective Downscaling Methodology for Design of a Micro Smart Grid Simulator,2018,"['Smart grid', 'Micro smart grid simulator', 'Distribution system', 'MEMS']",,"In this paper, a methodology was proposed to reduce the electrical level and spatial size of the smart grid with distributed generations (DGs) to a scale in which the electrical phenomena and control strategies for disturbances on the smart grid could be safely and freely experimented and observed. Based on the design methodology, a micro smart grid simulator with a substation transformer capacity of 190VA, voltage level of 19V, maximum breaking current of 20A and size of $2{\times}2m^2$ was designed by reducing the substation transformer capacity of 45MVA, voltage level of 23kV and area of $2{\times}2km^2$ of the smart grid to over one thousandth, and also reducing the maximum breaking current of 12kA of the smart grid to 1/600. It was verified that the proposed design methodology and designed micro smart grid simulator were very effective by identifying how all of the fault currents are limited to within the maximum breaking current of 20A, and by confirming that the maximum error between the fault currents obtained from the fault analysis method and the simulation method is within 1.8% through the EMTP-RV simulation results to the micro smart grid simulator model."
"Thermodynamic kernel, IMEP, and response based on three plasma energies",2018,,,"<P>The key element of this work is that it consists of experiments and simulations concerned with kernel characteristics, secondary plasma signal, IMEP performance, and combustion response, making use of MEHV (matching effect of high voltage) in order to increase thermodynamic combustion energy. This system, involving three plasma models, tanks, mixtures, mass flow controllers, regulators, coils, a high-speed camera and plugs, was designed by Labview software. The jet plasma model was verified as having characteristics increased greatly up to 39.8 kV of the surge voltage amplified by the transformer, from (-)0.11 ms to 0 ms and the jet plasma discharge was verified as having double characteristics increased to 32 kV primary and 8 kV secondary between 0 ms and 1 ms. Consequently, the IMEP performance analyzed by these experiments and simulations was notable in that it was demonstrated that the plasma energies could be promoted significantly and quickly to create a thermochemical reaction in the order of spark < arc < jet model in a chamber, and the plasma energies were shown to be predictable in that FCR (fuel consumption rate) could demonstrably be improved in a chamber.</P>"
철도차량 상부의 검측장치를 위한 전력 커플러 설계 연구,2018,"['철도차량', '검측장치', '에너지 하베스팅', '전력 커플러', '모니터링', 'Railway vehicle', 'Inspection device', 'Energy harvesting', 'Power coupler', 'Monitoring']",,"A power coupler for supplying power to an inspection system for the power collector at the top of a railwayvehicle is studied. In consideration of the environment, a method of harvesting power by installing a power couplercapable of magnetic field coupling at a position where current is concentrated is proposed. We analyzed the availablepower and design constraints using the equivalent circuit model for the main transformer line and coupler operation; wethen designed a power coupler to collect the power required for the inspection equipment. The fabricated coupler wasinstalled on a power line, and the collected power was measured. In the results, when the power line current is 30A ormore, it is possible to collect more than 2W, exceeding the maximum use power of the test apparatus. Also, we analyzedthe consumption power of the train and showed that the average collectable power is 2.85W if the power coupler isapplied to the actual environment."
A Study on the Effective Downscaling Methodology for Design of a Micro Smart Grid Simulator,2018,"['Smart grid', 'Micro smart grid simulator', 'Distribution system', 'MEMS']",,"In this paper, a methodology was proposed to reduce the electrical level and spatial size of the smart grid with distributed generations (DGs) to a scale in which the electrical phenomena and control strategies for disturbances on the smart grid could be safely and freely experimented and observed. Based on the design methodology, a micro smart grid simulator with a substation transformer capacity of 190VA, voltage level of 19V, maximum breaking current of 20A and size of 2 x 2 ㎡ was designed by reducing the substation transformer capacity of 45MVA, voltage level of 23kV and area of 2 x 2 k㎡ of the smart grid to over one thousandth, and also reducing the maximum breaking current of 12kA of the smart grid to 1/600. It was verified that the proposed design methodology and designed micro smart grid simulator were very effective by identifying how all of the fault currents are limited to within the maximum breaking current of 20A, and by confirming that the maximum error between the fault currents obtained from the fault analysis method and the simulation method is within 1.8% through the EMTP-RV simulation results to the micro smart grid simulator model."
장거리 영상기반 변위계측 시스템 검증,2018,"['영상분석', '장거리 계측', '구조물 모니터링', 'PSD 함수', 'Image Analysis', 'Long-distance Measurement', 'Structural Monitoring', 'PSD function']","본 연구에서는 파이프에 하중 재하 시 좌굴에 의해 발생하는 변위를 계측하기 위해 영상기반 변위계측 시스템의 적용성을 평가하였다. 하중 재하 방식으로는 UTM에서 액추에이터의 변위를 일정시간 간격으로 조절하여 하중을 가하는 방식을 사용하였으며, 높이에 따른 정확도 비교 분석을 위해, 일반 구조용 탄소 강관과 강재 파이프 서포트의 높이를 2m부터 4m까지 0.5m 간격으로 설정하였다. 영상기반 변위계측을 위해 DDVS (Dynamic Displacement Vision System) 기법을 활용하였으며, 변위 발생 시 타겟이 ROI (Region Of Interest)를 벗어나는 문제를 해결하기 위해 ROI를 추적하도록 설정하였다. 영상기반 변위계측 결과는 기존의 접촉식 센서인 LVDT (The Linear Variable Differential Transformer)의 변위계측 결과를 비교하여 그 오차를 분석하였다. 또한 영상기반 계측변위는 데이터로거로부터 수집된 하중으로부터 하중-변위 관계 데이터를 형성하여 LVDT로부터 수집된 하중-변위 데이터와 비교하여 오차를 분석하였다. DDVS 오차를 분석하는 방법으로 상관계수의 제곱 값 (R^2)을 적용하였으며, 모든 높이에서 상관계수의 제곱 값 (R^2)이 1에 가까워 오차가 매우 적게 발생하였다.","The purpose of this study is to verify the long - range measurement performance for practical field application of VDMS. The reliability of the VDMS was verified by comparison with the existing monitoring sensor, GPS, Accelerometer and LDS. It showed the ability to accurately measure the dynamic displacement by tracking a motion of free vibration of target. And using the PSD function of measured data, the results in the frequency domain were also analyzed. We judged that VDMS is able to identify the higher system mode and has sufficient reliability. Based on the reliability verification, we conducted tests for long-distance applicability for actual application of VDMS. The distance from the stationary target model structure was increased by 50m interval, and the maximum distance was set to 400m. From the distance of 150m, the image obtained by the commercial camcorder has an error in the analysis, so the measured displacement comparison was performed between the LDS and the refractor telescope measurement results. In the measurement results of the displacement area of V DMS, the data validity was deteriorated due to the data shift by the external force and the quality degradation of the enlarged image. However, even under the condition that the effectiveness of the displacementmeasurement data of VDMS is low, the first mode characteristic included in the free vibration of the object is clearly measured. If the influence from the external environment is controlled and stable data is collected, It is judged that reliability of long-distance VDMS can be secured."
"Selection of Contactless-Power-Supply Housing Material Considering Eddy Current Loss, Thermal Load, and Structure Safety",2018,"['finite element analysis', 'housing material', 'magnetic loss', 'thermal analysis']",,"This paper deals with the selection of the housing material of the contactless power supplier (CPS) used for the field winding power supply in wound field synchronous machine (WFSM). The housing of the CPS encloses the rotary transformer and the converter of secondary side. The housing prevents the damage of ferrite core in the rotary transformer and the secondary converter due to centrifugal force in the highest speed, 10,000 rpm. Therefore, the housing should have been designed considering not only strengthen, but also lighten. Furthermore, efficiency is also one of important characteristics in power transfer to improve the whole system efficiency. Taking account of aforementioned points, the stainless steel (SUS) and aluminum (Al), which are commonly used as housing materials, were under reviewed as CPS housing. After comparing the characteristic of CPSs according to housing material in term of eddy current loss, thermal characteristic, and mechanical stability, the appropriate housing material is suggested. After that, experimental results deriving from tests are presented to confirm the analysis results."
Low Phase-noise Voltage-controlled Oscillator for Wireless Personal Area Networks,2018,"['VCO', 'Phase noise', 'Voltage controlled oscillator', 'Millimeter wave', 'FOM']",,"A novel tuning technique is presented here for 60 GHz applications. Coarse and fine tuning is performed using an octagonal transformer and a metal-oxide semiconductor variable capacitor (varactor), respectively. For the LC tanks inductive element, a transformer is used in which switches are placed at primary and secondary coils to tune the voltage-controlled oscillator (VCO). The classical P- type metal-oxide semiconductor varactor is used as a fine-tuning element with the advantage being that a linear frequency tuning range (FTR) is obtained. In each obtained band, the varactor provides a frequency range of approximately 2.9 GHz. Simulation shows that by on/off switches, obtain three frequency bands (55 GHz to 57.943 GHz, 57.172 GHz to 60.357 GHz, and 59.329 GHz to 62.4 GHz) to cover the whole V-band (60 GHz) frequency. The proposed 60 GHz VCO is designed and simulated using United Microelectronics Corporation’s 65 nm single poly 8 metal (1P810) complementary metal-oxide semiconductor technology. The FTR is from 55 GHz to 62.4 GHz with phase noise variation from -116.5 dBc/Hz to -114.5 dBc/Hz at a 10 MHz offset from the carrier. For the entire FTR, the calculated figure of merit is from 182.8239 dBc/Hz to -181.4564 dBc/Hz."
