title,date,keywords,abstract,multilingual_abstract
차량 검출용 CNN 분류기의 실시간 처리를 위한 하드웨어 설계,2016,"['Convolutional Neural Network', 'ADAS', 'FPGA', 'Vehicle Detection', 'Mechine Learning']","최근 딥 러닝을 중심으로 빠르게 발전하고 있는 기계학습 분류 알고리즘은 기존의 방법들보다 뛰어난 성능으로 인하여 주목받고 있다. 딥 러닝 중에서도 Convolutional Neural Network(CNN)는 영상처리에 뛰어나 첨단 운전자 보조 시스템(Advanced Driver Assistance System : ADAS)에서 많이 사용되고 있는 추세이다. 하지만 차량용 임베디드 환경에서 CNN을 소프트웨어로 동작시켰을 때는 각 Layer마다 연산이 반복되는 알고리즘의 특성으로 인해 수행시간이 길어져 실시간 처리가 어렵다. 본 논문에서는 임베디드 환경에서 CNN의 실시간 처리를 위하여 Convolution 연산 및 기타 연산들을 병렬로 처리하여 CNN의 속도를 향상시키는 하드웨어 구조를 제안한다. 제안하는 하드웨어의 성능을 검증하기 위하여 Xilinx ZC706 FPGA 보드를 이용하였다. 입력 영상은 36x36 크기이며, 동작주파수 100MHz에서 하드웨어 수행시간은 약 2.812ms로 실시간 처리가 가능함을 확인했다.","Recently, machine learning algorithms, especially deep learning-based algorithms, have been receiving attention due to its high classification performance. Among the algorithms, Convolutional Neural Network(CNN) is known to be efficient for image processing tasks used for Advanced Driver Assistance Systems(ADAS). However, it is difficult to achieve real-time processing for CNN in vehicle embedded software environment due to the repeated operations contained in each layer of CNN. In this paper, we propose a hardware accelerator which enhances the execution time of CNN by parallelizing the repeated operations such as convolution. Xilinx ZC706 evaluation board is used to verify the performance of the proposed accelerator. For 36x36 input images, the hardware execution time of CNN is 2.812ms in 100MHz clock frequency and shows that our hardware can be executed in real-time."
CNN을 사용한 차선검출 시스템,2016,"['Lane detection', 'CNN', 'Machine learning', 'Image processing']",,"Lane detection is a widely researched topic. Although simple road detection is easily achieved by previous methods, lane detection becomes very difficult in several complex cases involving noisy edges. To address this, we use a Convolution neural network (CNN) for image enhancement. CNN is a deep learning method that has been very successfully applied in object detection and recognition. In this paper, we introduce a robust lane detection method based on a CNN combined with random sample consensus (RANSAC) algorithm. Initially, we calculate edges in an image using a hat shaped kernel, then we detect lanes using the CNN combined with the RANSAC. In the training process of the CNN, input data consists of edge images and target data is images that have real white color lanes on an otherwise black background. The CNN structure consists of 8 layers with 3 convolutional layers, 2 subsampling layers and multi-layer perceptron (MLP) of 3 fully-connected layers. Convolutional and subsampling layers are hierarchically arranged to form a deep structure. Our proposed lane detection algorithm successfully eliminates noise lines and was found to perform better than other formal line detection algorithms such as RANSAC"
효과적인 2차 최적화 적용을 위한 Minibatch 단위 DNN 훈련 관점에서의 CNN 구현,2016,"['automatic speech recognition', 'DNN', 'CNN', 'second order optimization']",,"This paper describes some implementation schemes of CNN in view of mini-batch DNN training for efficient second order optimization. This uses same procedure updating parameters of DNN to train parameters of CNN by simply arranging an input image as a sequence of local patches, which is actually equivalent with mini-batch DNN training. Through this conversion, second order optimization providing higher performance can be simply conducted to train the parameters of CNN. In both results of image recognition on MNIST DB and syllable automatic speech recognition, our proposed scheme for CNN implementation shows better performance than one based on DNN."
역전파가 제거된 CNN과 LDA를 이용한 얼굴 영상 해상도별 얼굴 인식률 분석,2016,"['저해상도 얼굴 영상', '원거리 얼굴 인식', 'LDA', 'CNN', 'Low resolution face image', 'Long distance face recognition', 'Linear Discriminant Analysis', 'Convolution Neural Network']","높은 수준의 지능형 영상 감시 시스템을 만족하기 위해서는 단순히 객체를 검출해서 분류하는 것뿐만 아니라 대상에 대한 정확한 신원 정보까지 확인할 수 있어야 한다. 사람을 구별하는 대표적인 얼굴 인식은 얼굴 자체의 가변성뿐만 아니라 조명, 배경, 카메라의 각도와 같은 외적요인에 따라 인식률의 변화가 발생한다. 본 논문에서는 다양한 실험을 통해 거리 변화에 의한 얼굴 영상의 크기 변화에 강인한 얼굴 인식 방법을 분석한다. 얼굴 인식 실험은 1m~5m에서 추출한 실제 거리별 얼굴 영상으로 이루어졌다. 실험결과, 1인당 학습 영상의 수가 많을 경우는 얼굴 특징 추출 방법으로 LDA를 사용한 방법이 전체 평균 75.4% 로 가장 우수한 성능을 나타냈다. 하지만 1인당 학습 영상의 수가 5장 이하가 될 때는 CNN을 사용한 방법이 69.8%로 가장 우수한 성능을 나타냈다. 또한, 저해상도 얼굴 인식의 경우 얼굴 영상의 크기가 15×15보다 작아지면 인식률이 급격히 감소함을 확인했다.","To satisfy the needs of high-level intelligent surveillance system, it shall be able to extract objects and classify to identify precise information on the object. The representative method to identify one’s identity is face recognition that is caused a change in the recognition rate according to environmental factors such as illumination, background and angle of camera. In this paper, we analyze the robust face recognition of face image by changing the distance through a variety of experiments. The experiment was conducted by real face images of 1m to 5m. The method of face recognition based on Linear Discriminant Analysis show the best performance in average 75.4% when a large number of face images per one person is used for training. However, face recognition based on Convolution Neural Network show the best performance in average 69.8% when the number of face images per one person is less than five. In addition, rate of low resolution face recognition decrease rapidly when the size of the face image is smaller than 15×15."
Faster R-CNN 기반의 실시간 번호판 검출,2016,"['자동차 번호판', 'Deep Learning', '컨볼루션 신경망', 'Faster Region Based Convolutional Neural Networks', 'License Plate', 'Convolutional Neural Network', 'Faster Region Based Convolutional Neural Network']",,"Automatic License Plate Detection (ALPD) is a key technology for a efficient traffic control. It is used to improve work efficiency in many applications such as toll payment systems and parking and traffic management. Until recently, the hand-crafted features made for image processing are used to detect license plates in most studies. It has the advantage in speed. but can degrade the detection rate with respect to various environmental changes. In this paper, we propose a way to utilize a Faster Region based Convolutional Neural Networks (Faster R-CNN) and a Conventional Convolutional Neural Networks (CNN), which improves the computational speed and is robust against changed environments. The module based on Faster R-CNN is used to detect license plate candidate regions from images and is followed by the module based on CNN to remove False Positives from the candidates. As a result, we achieved a detection rate of 99.94% from images captured under various environments. In addition, the average operating speed is 80ms/image. We implemented a fast and robust Real-Time License Plate Detection System."
한글 인식을 위한 CNN 기반의 간소화된 GoogLeNet 알고리즘 연구,2016,[],"CNN(Convolutional Neural Network)을 사용한 심화 학습이 다양한 분야에서 진행되고 있으며 관련 연구들은 이미지 인식의 많은 분야에서 높은 성능을 보이고 있다. 본 논문에서는 한글 인식을 위해 대규모 한글 데이터베이스를 학습할 수 있는 CNN 구조의 간소화된 GoogLeNet을 사용한다. 본 논문에 사용된 데이터베이스는 대규모 한글 데이터베이스인 PHD08로 총 2,350개의 한글 문자에 대해 각 2,187개의 샘플을 가져 총 5,139,450개의 데이터로 구성되어 있다. 간소화된 GoogLeNet은 학습의 결과로 학습 종료 시점에서 PHD08에 대해 99% 이상의 Top-1 테스트 정확도를 보였으며 실험의 객관성을 높이기 위해 PHD08에 존재하지 않는 한글 폰트로 이루어진 한글 데이터를 제작하여 상용 OCR 프로그램들과 분류 성능을 비교하였다. 상용 OCR 프로그램들은 66.95%에서 83.17%의 분류 성공률을 보인 반면, 제안하는 간소화된 GoogLeNet은 평균 89.14%의 분류 성공률을 보여 상용 OCR 프로그램들보다 높은 분류 성공률을 보였다.",
CNN 기반의 와일드 환경에 강인한 고속 얼굴 검출 방법,2016,[],,"Face detection is the first step in a wide range of face applications. However, detecting faces in the wild is still a challenging task due to the wide range of variations in pose, scale, and occlusions. Recently, many deep learning methods have been proposed for face detection. However, further improvements are required in the wild. Another important issue to be considered in the face detection is the computational complexity. Current state-of-the-art deep learning methods require a large number of patches to deal with varying scales and the arbitrary image sizes, which result in an increased computational complexity.To reduce the complexity while achieving better detection accuracy, we propose a fully convolutional network-based face detection that can take arbitrarily-sized input and produce feature maps (heat maps) corresponding to the input image size. To deal with the various face scales, a multi-scale network architecture that utilizes the facial components when learning the feature maps is proposed. On top of it, we design multi-task learning technique to improve detection performance. Extensive experiments have been conducted on the FDDB dataset. The experimental results show that the proposed method outperforms state-of-the-art methods with the accuracy of 82.33% at 517 false alarms, while improving computational efficiency significantly."
CNN 기반의 와일드 환경에 강인한 고속 얼굴 검출 방법,2016,"['Face Detection', 'Deep Learning', 'Fully Convolutional Network', 'Heat Map', 'Facial Component', 'Face Bound Regression']",,
CNN에 기반한 실제 환경에서의 색상 및 문자 인식,2016,"['색 항상성', '문자 인식', 'CNN', 'CNN', 'Color Constancy', 'Character Recognition']","본 연구는 산업체 현장에서 사람이 직접 수행하는 색선 및 문자 인식을 자동화하기 위한 기초연구이다. 과거의 산업 체 현장에서 사용된 문자 추출 방법은 획득한 영상에서 고정된 카메라 각도, 일정한 조명 그리고 문자가 이루는 일 정한 패턴에 따라 정해진 파라미터 값으로 문자추출 시스템이 진행된다. 본 논문에서는 과거의 고정된 파라미터 값 에 따라 순차적인 시스템으로 추출하던 방법과 달리 환경 변화에도 강인한 결과를 보여주었던 컨볼루션 신경망 (Convolutional Neural Network, CNN)을 통하여 문자영역을 추정하고자 한다. 본 논문에서 문자 영역 추정에 사용되는 CNN 구조는 컨볼루션 단계와 풀링 단계가 하나씩 이루어진 구조를 사용하여 문자영역과 비 문자영역으 로 분류를 시도하고자 한다. 산업체 현장에서 발생되는 색선 인식의 주요 문제 중 첫 번째는 색선에 사용하는 도료 의 농도와 조명의 밝기 변화에 따라 달라지는 색선 분류 문제이다. 이는 색선의 색상이 RGB 색 공간에서 명도와 채도가 낮은 값을 가질 때 색선의 고유색이 이웃한 색조로 잘못 분류되는 문제이다. 본 논문에서는 색 분류 문제를 전방향 신경망을 통하여 해결한다. 두 번째 문제는 조명의 색상 변화에 따른 색 항상성 문제이다. 사물의 색은 광원 의 색상에 따라 그 반사광이 달라진다. 때문에 조명의 색에 변화가 생길 경우 색선의 반사광 또한 달라질 수 있다. 영상의 적절한 보정을 위하여 광원의 색을 추정할 필요가 있다. 본 논문에서는 RGB 3채널에 대해 1x1x3 컨볼루션 이 이루어지는 CNN 구조를 통하여 광원의 색을 추정하고자 한다.","This research study is conducted in an attempt to automate the task of color and character recognition, particularly used in industries. This task was done manually by humans which is a waste of human resources. Current systems that are employed for automatic extraction of characters require a constant source of illumination, a certain pattern, and a fixed camera angle. Convolutional Neural Network (CNN) promises a high recognition rate of 99% for optical character recognition and outputs stable results even in varying environmental conditions. Therefore, this paper implements CNN for the estimation of the character region. For color classification in industries, the color strongly depends on the concentration of the paint and the illumination conditions. The first problem is the misclassification of the chromatic color to another unique color and the neighboring hue of the chromatic color when the brightness and chroma are low in the RGB color space. This paper uses a feed forward neural network to solve the first issue of color classification. The color of an object is perceived by the ray of light that it reflects. When this light color changes, the color of the object looks different. This attributes to the second problem in which the perception of colors varies with the change in the illumination color of the light source. To tackle this issue, this paper proposes to implement CNN for the approximation of the color of the light source."
Real-time Human Detection under Omni-dir ectional Camera based on CNN with Unified Detection and AGMM for Visual Surveillance,2016,"['Human Detection', 'Omni-Directional Camera', 'CNN (Convolutional Neural Networks)', 'AGMM (Adaptive Gaussian Mixture Model)', 'Visual Surveillance']",,"In this paper, we propose a new real-time human detection under omni-directional cameras for visual surveillance purpose, based on CNN with unified detection and AGMM. Compared to CNN-based state-of-the-art object detection methods. YOLO model-based object detection method boasts of very fast object detection, but with less accuracy. The proposed method adapts the unified detecting CNN of YOLO model so as to be intensified by the additional foreground contextual information obtained from pre-stage AGMM. Increased computational time incurred by additional AGMM processing is compensated by speed-up gain obtained from utilizing 2-D input data consisting of grey-level image data and foreground context information instead of 3-D color input data. Through various experiments, it is shown that the proposed method performs better with respect to accuracy and more robust to environment changes than YOLO model-based human detection method, but with the similar processing speeds to that of YOLO model-based one. Thus, it can be successfully employed for embedded surveillance application."
Real-time Human Detection under Omni-directional Camera based on CNN with Unified Detection and AGMM for Visual Surveillance,2016,"['Human Detection', 'Omni-Directional Camera', 'CNN (Convolutional Neural Networks)', 'AGMM (Adaptive Gaussian Mixture Model)', 'Visual Surveillance']",,"In this paper, we propose a new real-time human detection under omni-directional cameras for visual surveillance purpose, based on CNN with unified detection and AGMM. Compared to CNN-based state-of-the-art object detection methods. YOLO model-based object detection method boasts of very fast object detection, but with less accuracy. The proposed method adapts the unified detecting CNN of YOLO model so as to be intensified by the additional foreground contextual information obtained from pre-stage AGMM. Increased computational time incurred by additional AGMM processing is compensated by speed-up gain obtained from utilizing 2-D input data consisting of grey-level image data and foreground context information instead of 3-D color input data. Through various experiments, it is shown that the proposed method performs better with respect to accuracy and more robust to environment changes than YOLO model-based human detection method, but with the similar processing speeds to that of YOLO model-based one. Thus, it can be successfully employed for embedded surveillance application."
Real-time Human Detection under Omni-directional Camera based on CNN with Unified Detection and AGMM for Visual Surveillance,2016,"['Human Detection', 'Omni-Directional Camera', 'CNN (Convolutional Neural Networks)', 'AGMM (Adaptive Gaussian Mixture Model)', 'Visual Surveillance']",,"In this paper, we propose a new real-time human detection under omni-directional cameras for visual surveillance purpose, based on CNN with unified detection and AGMM. Compared to CNN-based state-of-the-art object detection methods. YOLO model-based object detection method boasts of very fast object detection, but with less accuracy. The proposed method adapts the unified detecting CNN of YOLO model so as to be intensified by the additional foreground contextual information obtained from pre-stage AGMM. Increased computational time incurred by additional AGMM processing is compensated by speed-up gain obtained from utilizing 2-D input data consisting of grey-level image data and foreground context information instead of 3-D color input data. Through various experiments, it is shown that the proposed method performs better with respect to accuracy and more robust to environment changes than YOLO model-based human detection method, but with the similar processing speeds to that of YOLO model-based one. Thus, it can be successfully employed for embedded surveillance application."
CNN을 활용한 영상 기반의 화재 감지,2016,[],,"Performance of the existing sensor-based fire detection system is limited according to factors in the environment surrounding the sensor. A number of image-based fire detection systems were introduced in order to solve these problem. But such a system can generate a false alarm for objects similar in appearance to fire due to algorithm that directly defines the characteristics of a flame. Also fir detection systems using movement between video flames cannot operate correctly as intended in an environment in which the network is unstable. In this paper, we propose an image-based fire detection method using CNN (Convolutional Neural Network). In this method, firstly we extract fire candidate region using color information from video frame input and then detect fire using trained CNN. Also, we show that the performance is significantly improved compared to the detection rate and missing rate found in previous studies."
발화구간 검출을 위해 학습된 CNN 기반 입 모양 인식 방법,2016,"['이미지 프로세싱', '시청각음성인식', '입모양 인식', '발화구간검출', '심화신경망', 'Image Processing', 'AVSR', 'Lip Reading', 'Motion Segmentation', 'DNN']",,
Breast Mass Classification using the Fundamental Deep Learning Approach: To build the optimal model applying various methods that influence the performance of CNN,2016,"['Breast mass', 'Classification', 'Deep learning', 'Tensorflow']",,"Deep learning enables machines to have perception and can potentially outperform humans in the medical field. It can save a lot of time and reduce human error by detecting certain patterns from medical images without being trained. The main goal of this paper is to build the optimal model for breast mass classification by applying various methods that influence the performance of Convolutional Neural Network (CNN). Google's newly developed software library Tensorflow was used to build CNN and the mammogram dataset used in this study was obtained from 340 breast cancer cases. The best classification performance we achieved was an accuracy of 0.887, sensitivity of 0.903, and specificity of 0.869 for normal tissue versus malignant mass classification with augmented data, more convolutional filters, and ADAM optimizer. A limitation of this method, however, was that it only considered malignant masses which are relatively easier to classify than benign masses. Therefore, further studies are required in order to properly classify any given data for medical uses."
Real-time Human Detection under Omni-directional Camera based on CNN with Unified Detection and AGMM for Visual Surveillance,2016,"['Human Detection', 'Omni-Directional Camera', 'CNN (Convolutional Neural Networks)', 'AGMM (Adaptive Gaussian Mixture Model)', 'Visual Surveillance']",,
CNN Based Lithography Hotspot Detection,2016,"['Lithography hotspot detection', 'Convolutional neural network']",,"The lithography hotspot detection process is crucial for semiconductor design development process. But, the lithography hotspot detection using optical simulation method takes much time and it slowdown the layout design development cycle. Though the geometry based approach is introduced as an alternative, it still revealed low detection performance and sophisticated framework. To solve this problem, we introduce a deep convolutional neural network based hotspot detection method. Our method made better results in ICCCAD 2012 dataset. To reach this score, we used lots of technical effort to improve the result in addition to just utilizing the nature of convolutional neural network. Inspection region reduction, data augmentation, DBSCAN clustering helped our work more stable and faster."
CNN Based Lithography Hotspot Detection,2016,"['Lithography hotspot detection', 'Convolutional neural network']",,"The lithography hotspot detection process is crucial for semiconductor design development process. But, the lithography hotspot detection using optical simulation method takes much time and it slowdown the layout design development cycle. Though the geometry based approach is introduced as an alternative, it still revealed low detection performance and sophisticated framework. To solve this problem, we introduce a deep convolutional neural network based hotspot detection method. Our method made better results in ICCCAD 2012 dataset. To reach this score, we used lots of technical effort to improve the result in addition to just utilizing the nature of convolutional neural network. Inspection region reduction, data augmentation, DBSCAN clustering helped our work more stable and faster."
CNN 기반의 와일드 환경에 강인한 고속 얼굴 검출 방법,2016,"['Face Detection', 'Deep Learning', 'Fully Convolutional Network', 'Heat Map', 'Facial Component', 'Face Bound Regression']",,"Face detection is the first step in a wide range of face applications. However, detecting faces in the wild is still a challenging task due to the wide range of variations in pose, scale, and occlusions. Recently, many deep learning methods have been proposed for face detection. However, further improvements are required in the wild. Another important issue to be considered in the face detection is the computational complexity. Current state-of-the-art deep learning methods require a large number of patches to deal with varying scales and the arbitrary image sizes, which result in an increased computational complexity. To reduce the complexity while achieving better detection accuracy, we propose a fully convolutional network-based face detection that can take arbitrarily-sized input and produce feature maps (heat maps) corresponding to the input image size. To deal with the various face scales, a multi-scale network architecture that utilizes the facial components when learning the feature maps is proposed. On top of it, we design multi-task learning technique to improve detection performance. Extensive experiments have been conducted on the FDDB dataset. The experimental results show that the proposed method outperforms state-of-the-art methods with the accuracy of 82.33% at 517 false alarms, while improving computational efficiency significantly."
New Approach to Optimize the Size of Convolution Mask in Convolutional Neural Networks,2016,"['Convolutional Neural Network', 'Convolution Mask', 'Convolution Layer']",,"Convolutional neural network (CNN) consists of a few pairs of both convolution layer and subsampling layer. Thus it has more hidden layers than multi-layer perceptron. With the increased layers, the size of convolution mask ultimately determines the total number of weights in CNN because the mask is shared among input images. It also is an important learning factor which makes or breaks CNN""s learning. Therefore, this paper proposes the best method to choose the convolution size and the number of layers for learning CNN successfully. Through our face recognition with vast learning examples, we found that the best size of convolution mask is 5 by 5 and 7 by 7, regardless of the number of layers. In addition, the CNN with two pairs of both convolution and subsampling layer is found to make the best performance as if the multi-layer perceptron having two hidden layers does."
컬러 입력 영상을 갖는 Convolutional Neural Networks를 이용한 QFN 납땜 불량 검출,2016,"['Machine Learning', 'Convolutional Neural Network', 'QFN', 'solder', 'Dicing', 'Punch']",,"QFN (Quad Flat No-leads Package) is one of the SMD (Surface Mount Device). Since there is no lead in QFN, there are many defects on solder. Therefore, we propose an efficient mechanism for QFN solder defect detection at this paper. For this, we employ Convolutional Neural Network (CNN) of the Machine Learning algorithm. QFN solder’s color multi-layer images are used to train CNN. Since these images are 3-channel color images, they have a problem with applying to CNN. To solve this problem, we used each 1-channel grayscale image (Red, Green, Blue) that was separated from 3-channel color images. We were able to detect QFN solder defects by using this CNN. In this paper, it is shown that the CNN is superior to the conventional multi-layer neural networks in detecting QFN solder defects. Later, further research is needed to detect other QFN."
분산전원이 있는 배전계통에서 딥러닝을 통한 고저항 지락사고 판별,2022,"['High-resistance ground fault', 'Deep learning', 'CNN', 'Distribution system', 'Protection system']",,"This paper proposes a method to detect a high-resistance ground fault in a distribution system with complicated configuration such as installation of a distributed generation. A method to detect high-resistance ground fault accidents by converting the fault current into visual data and applying the CNN technique to this is presented and verified. The data for learning the CNN technique was generated through simulation of the model system. Simulations were performed for data generation by changing the fault resistance, the size, location of faults and amount of distributed power generation, in the case of a high-resistance ground fault and an increase in load in the model system. The generated data was transformed into graphic data by applying Morlett wavelet transform, and then learning was performed by applying CNN. As a result of the learning, high-resistance ground faults were identified with 98.29% accuracy, and a protective algorithm including this result that can respond to high-resistance ground faults occurring in the distribution system was proposed."
Number Plate Detection with a Multi-Convolutional Neural Network Approach with Optical Character Recognition for Mobile Devices,2016,"['Convolutional Neural Network', 'Number Plate Detection', 'OCR']",,"In this paper, we propose a method to achieve improved number plate detection for mobile devices by applying a multiple convolutional neural network (CNN) approach. First, we processed supervised CNN-verified car detection and then we applied the detected car regions to the next supervised CNN-verifier for number plate detection. In the final step, the detected number plate regions were verified through optical character recognition by another CNN-verifier. Since mobile devices are limited in computation power, we are proposing a fast method to recognize number plates. We expect for it to be used in the field of intelligent transportation systems."
Number Plate Detection with a Multi-Convolutional Neural Network Approach with Optical Character Recognition for Mobile Devices,2016,"['Convolutional Neural Network', 'Number Plate Detection', 'OCR']",,"In this paper, we propose a method to achieve improved number plate detection for mobile devices by applying a multiple convolutional neural network (CNN) approach. First, we processed supervised CNN-verified car detection and then we applied the detected car regions to the next supervised CNN-verifier for number plate detection. In the final step, the detected number plate regions were verified through optical character recognition by another CNN-verifier. Since mobile devices are limited in computation power, we are proposing a fast method to recognize number plates. We expect for it to be used in the field of intelligent transportation systems."
컨볼루션 신경망을 이용한 지능형 화재 학습 및 탐지 시스템,2016,"['컨볼루션 신경망', '화재 학습', '화재 탐지', 'Convolution Neural Network', 'Fire Learning', 'Fire Recognition']",,"In this paper, we propose an intelligent fire learning and detection system using convolutional neural networks (CNN). Through the convolutional layer of the CNN, various features of flame and smoke images are automatically extracted, and these extracted features are learned to classify them into flame or smoke or no fire. In order to detect fire in the image, candidate fire regions are first extracted from the image and extracted candidate regions are passed through CNN. Experimental results on various image shows that our system has better performances over previous work."
Repeated Cropping based on Deep Learning for Photo Re-composition,2016,"['사진 구도 개선', '반복적 크롭핑', '딥러닝', '미학적 사진 평가', 'photo recomposition', 'iterative cropping', 'deep learning', 'aesthetic photo assessment']",,
Convolutional Neural Networks 특징을 이용한 지문 이미지의 위조여부 판별 및 시각화,2016,"['fingerprint liveness detection', 'CNN', 'visualization']","최근 지문 인식을 통한 사용자 인증 기술이 상용화 되면서 위조 지문 이미지 판별이 더욱 중요해졌다. 본 논문에서는 CNN 특징을 이용한 위조 지문 이미지 판별 방법을 제안하였으며, CNN 모델이 실제 지문의 어느 부분에 반응하여 위조지문을 분류하는지 시각화 방법을 통해 분석하였다. 제안하는 방법은 지문영역과 배경영역을 분리하는 전처리 작업후 CNN 모델을 이용하여 지문의 위조여부를 분류한다. 지문을 단순히 생체지문과 위조지문으로 분류하는 것이 아니라 위조지문을 구성하는 물질별로 분류하여 생체지문과 위조지문들에 대한 특징분석을 제공한다. 실험에 사용한 데이터베이스로는 생체 지문 이미지 6500여 장과 위조 지문 이미지 6000여 장으로 구성되어 있는 LivDet2013을 사용하였으며 위조여부에 대한 ACE 값으로 3.1%, 구성 물질 분류 정확도는 평균 79.58%를 보여 높은 수준의 분류성능을 갖고 있음을 확인하였다.","With the growing use of fingerprint authentication systems in recent years, the fake fingerprint detection is becoming more and more important. This paper mainly proposes a method for fake fingerprint detection based on CNN, it will visualize the distinctive part of detected fingerprint which provides a deeper insight in CNN model. After the preprocessing part using fingerprint segmentation, the pretrained CNN model is used for detecting the liveness detection. Not only a liveness detection but also feature analysis about the live fingerprint and fake fingerprint are provided after classifying which materials are used for making the fake fingerprint. Our system is evaluated on three databases in LivDet2013, which compromise almost 6500 live fingerprint images and 6000 fake fingerprint images in total. The proposed method achieves 3.1% ACE value about the liveness detection and achieves 79.58% accuracy on LiveDet2013."
The training of convolution neural network for advanced driver assistant system,2016,"['Convolution neural network', 'Deep Learning', 'Image enhancement', 'Learning method']",,"In this paper, the learning technique for CNN processor on vehicle is proposed. In the case of conventional CNN processors, weighted values learned through training are stored for use, but when there  is distortion in the image due to the weather conditions, the accuracy is decreased. Therefore, the method  of enhancing the input image for classification is general, but it has the weakness of increasing the  processor size. To solve this problem, the CNN performance was improved in this paper through the learning method of the distorted image. As a result, the proposed method showed improvement of approximately 38%  better accuracy than the conventional method."
The training of convolution neural network for advanced driver assistant system,2016,"['Convolution neural network', 'Deep Learning', 'Image enhancement', 'Learning method']",,"In this paper, the learning technique for CNN processor on vehicle is proposed. In the case of conventional CNN processors, weighted values learned through training are stored for use, but when there is distortion in the image due to the weather conditions, the accuracy is decreased. Therefore, the method of enhancing the input image for classification is general, but it has the weakness of increasing the processor size. To solve this problem, the CNN performance was improved in this paper through the learning method of the distorted image. As a result, the proposed method showed improvement of approximately 38% better accuracy than the conventional method."
The training of convolution neural network for advanced driver assistant system,2016,"['Convolution neural network', 'Deep Learning', 'Image enhancement', 'Learning method']",,"In this paper, the learning technique for CNN processor on vehicle is proposed. In the case of conventional CNN processors, weighted values learned through training are stored for use, but when there is distortion in the image due to the weather conditions, the accuracy is decreased. Therefore, the method of enhancing the input image for classification is general, but it has the weakness of increasing the processor size. To solve this problem, the CNN performance was improved in this paper through the learning method of the distorted image. As a result, the proposed method showed improvement of approximately 38% better accuracy than the conventional method."
Multi-spectral Vehicle Detection based on Convolutional Neural Network,2016,"['Vehicle Detection', 'Convolutional Neural Network', 'Multi-spectral Imaging']",,"This paper presents a unified framework for joint Convolutional Neural Network (CNN) based vehicle detection by leveraging multi-spectral image pairs. With the observation that under challenging environments such as night vision and limited light source, vehicle detection in a single color image can be more tractable by using additional far-infrared (FIR) image, we design joint CNN architecture for both RGB and FIR image pairs. We assume that a score map from joint CNN applied to overall image can be considered as confidence of vehicle existence. To deal with various scale ratios of vehicle candidates, multi-scale images are first generated scaling an image according to possible scale ratio of vehicles. The vehicle candidates are then detected on local maximal on each score maps. The generation of overlapped candidates is prevented with non-maximal suppression on multi-scale score maps. The experimental results show that our framework have superior performance than conventional methods with a joint framework of multi-spectral image pairs reducing false positive generated by conventional vehicle detection framework using only single color image."
Multi-spectral Vehicle Detection based on Convolutional Neural Network,2016,"['Vehicle Detection', 'Convolutional Neural Network', 'Multi-spectral Imaging']",,"This paper presents a unified framework for joint Convolutional Neural Network (CNN) based vehicle detection by leveraging multi-spectral image pairs. With the observation that under challenging environments such as night vision and limited light source, vehicle detection in a single color image can be more tractable by using additional far-infrared (FIR) image, we design joint CNN architecture for both RGB and FIR image pairs. We assume that a score map from joint CNN applied to overall image can be considered as confidence of vehicle existence. To deal with various scale ratios of vehicle candidates, multi-scale images are first generated scaling an image according to possible scale ratio of vehicles. The vehicle candidates are then detected on local maximal on each score maps. The generation of overlapped candidates is prevented with non-maximal suppression on multi-scale score maps. The experimental results show that our framework have superior performance than conventional methods with a joint framework of multi-spectral image pairs reducing false positive generated by conventional vehicle detection framework using only single color image."
Content-Aware Convolutional Neural Network for Object Recognition Task,2016,"['deep learning', 'convolutional neural network', 'seam carving', 'image resizing']",,"In existing Convolutional Neural Network (CNNs) for object recognition task, there are only few efforts known to reduce the noises from the images. Both convolution and pooling layers perform the features extraction without considering the noises of the input image, treating all pixels equally important. In computer vision field, there has been a study to weight a pixel importance. Seam carving resizes an image  by sacrificing the least important pixels, leaving only the most important ones. We propose a new way to combine seam carving approach with current existing CNN model for object recognition task. We attempt  to remove the noises or the “unimportant” pixels in the image before doing convolution and pooling, in order to get better feature representatives. Our model shows promising result with CIFAR-10 dataset."
이미지와 텍스트 정보의 카테고리 분류에 의한 SNS 팔로잉 추천 방법,2016,"['소셜네트워크', '사용자 정보', '추천시스템', '오픈 디렉토리 프로젝트', 'Sosial Network Service', 'User Information', 'Recommendation System', 'Open Directory Project']","다양한 스마트 디바이스의 발전에 따라 거리, 공간의 제약 없이 실시간으로 의사소통, 정보공유 등이 가능한 SNS(Social Network Service)를 즐기는 사용자(User)가 증가하고 있다. 의사소통, 관계 형성에 중점을 두었던 SNS 사용자들이 정보공유의 기능으로 SNS를 활용하는 추세이다. 본 논문에서는 사용자의 SNS 게시글을 이용하여 카테고리를 추출하고 정보제공자 (Information provider)를 팔로잉 추천해주는 방법을 기술한다. 게시글의 텍스트에서 단어를 분류하고 빈도수를 측정하며, 머신 러닝 기법 중 하나인 CNN(Convolutional Neural Network)을 바탕으로 구축한 Inception-v3 모델을 이용하여 이미지를 단어로 분류한다. 텍스트와 이미지에서 분류한 단어를 DMOZ 기준으로 카테고리 분류하여 정보제공자 DB를 구축한다. 정보제공자 DB의 카테고리와 게시글에서 분류한 사용자의 카테고리를 비교한다. 카테고리가 일치할 경우 카테고리에 분류되어 있는 정보 제공자들를 대상으로 유사도를 측정하여 가장 비슷한 정보제공자의 계정을 추천해주는 방법에 대해 제안한다.","According to many smart devices are development, SNS(Social Network Service) users are getting higher that is possible for real-time communicating, information sharing without limitations in distance and space. Nowadays, SNS users that based on communication and relationships, are getting uses SNS for information sharing. In this paper, we used the SNS posts for users to extract the category and information provider, how to following of recommend method. Particularly, this paper focuses on classifying the words in the text of the posts and measures the frequency using Inception-v3 model, which is one of the machine learning technique –CNN(Convolutional Neural Network) we classified image word. By classifying the category of a word in a text and image, that based on DMOZ to build the information provider DB. Comparing user categories classified in categories and posts from information provider DB. If the category is matched by measuring the degree of similarity to the information providers is classified in the category, we suggest that how to recommend method of the most similar information providers account."
Machine Learning-Based Imaging System for Surface Defect Inspection,2016,"['Defect detection', 'Deep neural networks', 'Machine learning', 'Machine vision']",,"Modern inspection systems based on smart sensor technology like image processing and machine vision have been widely spread into several fields of industry such as process control, manufacturing, and robotics applications in factories. Machine learning for smart sensors is a key element for the visual inspection of parts on a product line that has been manually inspected by people. This paper proposes a method for automatic visual inspection of dirties, scratches, burrs, and wears on surface parts. Imaging analysis with CNN (Convolution Neural Network) of training samples is applied to confirm the defect's existence in the target region of an image. In this paper, we have built and tested several types of deep networks of different depths and layer nodes to select adequate structure for surface defect inspection. A single CNN based network is enough to test several types of defects on textured and non-textured surfaces while conventional machine learning methods are separately applied according to type of each surface. Experiments for surface defects in real images prove the possibility for use of imaging sensors for detection of different types of defects. In terms of energy saving, the experiment result shows that proposed method has several advantages in time and cost saving and shows higher performance than traditional manpower inspection system."
시각장애인을 위한 딥러닝기반 심볼인식,2016,"['Convolutional neural network', 'Deep learning', 'Deep neural network', 'Machine learning', 'Symbol recognization']","최근 시각장애인 및 교통약자의 자유로운 보행을 보장하기 위한 많은 기술들이 연구되고 있다. 자유로운 보행을 위한 장치로는 영상카메라, 초음파센서 및 가속도 센서 등을 이용하는 스마트 지팡이와 스마트 안경 관련 기술이 있다. 대표적인 기술로는 물체를 식별하여 장애물을 검출하고 보행 가능 영역을 추출하는 기술, 랜드마크 심볼 정보를 인식하여 주위 환경 정보를 주는 기술 등 여러 가지 기술이 개발되고 있다. 본 논문에서는 시각장애인에게 필요한 시설의 대표 심볼을 선정하여 착용한 영상 장치의 정보로부터 심볼을 인식하는 알고리즘을 딥러닝 기술을 이용하여 연구하였다. 그 결과로 딥러닝 영상처리 분야에서 사용되는 CNN(Convolutional Neural Network)기법을 사용하여 서로 다른 딥러닝 구조를 실험을 통하여 비교하고 분석하였다.","Recently, a number of techniques to ensure the free walking for the visually impaired and transportation vulnerable have been studied. As a device for free walking, there are such as a smart cane and smart glasses to use the computer vision, ultrasonic sensor, acceleration sensor technology. In a typical technique, such as techniques for finds object and detect obstacles and walking area and recognizes the symbol information for notice environment information. In this paper, we studied recognization algorithm of the selected symbols that are required to visually impaired, with the deep learning algorithm. As a results, Use CNN(Convolutional Nueral Network) technique used in the field of deep-learning image processing, and analyzed by comparing through experimentation with various deep learning architectures."
픽셀 데이터를 이용한 강화 학습 알고리즘 적용에 관한 연구,2016,"['Artificial Intelligence', 'Reinforcement Learning', 'CNN(Convolutional Neural Networks)', 'DQN(Deep Q-Networks)', 'PG(Policy Gradient)']",,"Recently, deep learning and machine learning have attracted considerable attention and many supporting frameworks appeared. In artificial intelligence field, a large body of research is underway to apply the relevant knowledge for complex problem-solving, necessitating the application of various learning algorithms and training methods to artificial intelligence systems. In addition, there is a dearth of performance evaluation of decision making agents. The decision making agent that can find optimal solutions by using reinforcement learning methods designed through this research can collect raw pixel data observed from dynamic environments and make decisions by itself based on the data. The decision making agent uses convolutional neural networks to classify situations it confronts, and the data observed from the environment undergoes preprocessing before being used. This research represents how the convolutional neural networks and the decision making agent are configured, analyzes learning performance through a value-based algorithm and a policy-based algorithm : a Deep Q-Networks and a Policy Gradient, sets forth their differences and demonstrates how the convolutional neural networks affect entire learning performance when using pixel data. This research is expected to contribute to the improvement of artificial intelligence systems which can efficiently find optimal solutions by using features extracted from raw pixel data."
HBO 드라마 『트레메』에 나타난 생명정치와 다중의 삶에 대한 전망,2016,"['Treme', 'David Simon', 'Michel Foucault', 'Biopolitics', 'New Orleans', 'Hurricane Katrina', 'HBO', '『트레메』', '데이빗 사이몬', '푸코', '생명정치', '뉴올리언스', '허리케인 카트리나', 'HBO.']","『트레메』는 허리케인 카트리나 이후 뉴올리언스 다중의 삶과 도시의 다양한 재건 노력을 그린 HBO의 텔레비전 드라마이다. 이 드라마는 미국에서 2010년 4월 11일 최초 방영되었고 2013년 12월 29일 종영되었다. 허리케인 카트리나 이후 뉴올리언스라는 시공간은 다양한 생명정치 논의의 장이 되었다. 주류언론은 뉴올리언스에 남겨진 가난한 아프리카계 미국인을 표상할 때 미국의 오래된 인종차별주의를 드러냈다. 국가는 재해지역에 비상사태를 선포했다. 카트리나 후의 뉴올리언스에서 법은 중지되고, 구조는 연기되었다. 이런 점에서 뉴올리언스는 조르조 아감벤의 ‘예외상태’의 또 다른 현실태였다. 카트리나로 가장 많은 피해를 받은 이들은 도시에 돌아오지 못하는 가난한 아프리카계 미국인들이다. 그들은 지그문트 바우만이 말하는 ‘쓰레기가 되어버린 삶’의 전형이다. 도시는 법의 중지와 쓸모없는 생명의 추방을 통해 엘리트 자본가들의 기회의 땅으로 재탄생한다.『트레메』는 도시의 다양한 군상들을 보여준다. 그들 개개인의 삶이 기거하는 도시라는 물리적 공간은 그 공간 속에 스며들어 있는 개인과 공동체의 시간․기억과 공명한다. 주인공들의 삶은 때로는 비극으로, 때로는 희극으로 전개된다. 그들은 개인으로, 혹은 집단으로 자본이 기획한 도시의 재건과는 다른 방식으로 도시와 자신들의 삶을 재건한다. 『트레메』에 나타난 이 모든 노력은 결국 오늘날 국가․자본의 생명정치가 기획하고 재생산하는 규범적 삶과는 차별화되는 다른 삶에 대한 갈망이며, 동시에 규정되지 않은 어떤 새로운 한 삶에 대한 상상력이다.","HBO’s Treme is an American TV drama focusing on the reconstruction of New Orleans after Hurricane Katrina. It was first aired on April 11, 2010 and concluded on December 29, 2013 in the US, comprising 4 seasons and 36 episodes. Pst-Katrina New Orleans has been a controversial example in recent academic discussions on biopolitics, neoliberalism, and the state of exception. In representing the flooded New Orleans, the mainstream media, such as The New York Times and CNN, revealed the inherent racism in American society. The state declared a state of emergency in the state of Louisiana. Instead of immediate humanitarian relief, the military mounted a massive response to the poor and troubled citizens in the shocked city. As a result, the city turned into a present example of Giorgio Agamben’s state of exception. The people who lived in the most damaged areas were mainly poor, low-income working class African-Americans. They are the disposable people, or what Zygmunt Bauman names the human waste in the age of neoliberalism. Hurricane Katrina was a second chance for the local politicians and the business elite of the city. In contrast to their neoliberal reconstruction of the city, Treme foregrounds the autonomous practices of ordinary people’s efforts to recover what they lost. Here the city’s unique culture matters most. Treme portrays various characters’ struggles and lives after the storm. This paper explores how their culturally driven lifestyles can be an example of Hardt and Negri’s biopolitical production, which aims to create a new form of life. This paper concludes that what Treme eventually projects to us is a vision for a form of life, which diverges from the dominant neoliberal lifestyle and subjectivity."
시공간 템플릿과 컨볼루션 신경망을 사용한 깊이 영상 기반의 사람 행동 인식,2016,"['Human action recognition', 'Convolution neural network', 'Spatio-temporal templates', 'Motion history image', 'Depth information']",,"In this paper, a method is proposed to recognize human actions as nonverbal expression; the proposed method is composed of two steps which are action representation and action recognition. First, MHI(Motion History Image) is used in the action representation step. This method includes segmentation based on depth information and generates spatio-temporal templates to describe actions. Second, CNN(Convolution Neural Network) which includes feature extraction and classification is employed in the action recognition step. It extracts convolution feature vectors and then uses a classifier to recognize actions. The recognition performance of the proposed method is demonstrated by comparing other action recognition methods in experimental results."
미디어로서의 봇(bot),2016,"['메신저', '봇', '챗봇', '페이스북', '인공지능', '봇 스토어', '저널리즘', 'Messenger', 'Bot', 'Chatbot', 'Facebook', 'Artificial Intelligence', 'Bot Store', 'Journalism']","뉴스 미디어 산업이 위기를 겪으면서 새로운 기술이 구원이 될 수 있다는 전망이 많이 나오고 있다. 하지만, 그 기술이 어떤 원리로 작동하는지, 그것이 가진 한계는 무엇인지, 어떤 방향으로의 발전이 필요한지에 대해서는 논의가 제대로 이루어지지 않고 있다. 이 글은 현재 주목받고 있는 새로운 기술인 뉴스 챗봇의 의미와 작동 방식, 그리고 전망에 대해 미디어 관점에서 시론적으로 분석했다. 쿼츠, 포브스, CNN 챗봇 등의 사례를 분석한 결과, 현재 챗봇은 초기 인공지능이 적용된 뉴스 추천 서비스 수준이라고 할 수 있었다. 뉴스 챗봇은 대화라는 의인화된 행위를 통해 뉴스를 전달할 뿐, 능동적 수행 측면에서는 완전하다고 할 수 없었다. 인공지능의 발전에 따라 챗봇도 지속해서 진화가 이루어질 것은 분명하지만, 어떠한 방향을 갖고 가느냐에 따라 결과가 심하게 달라질 수 있다. 이에 따라 규범론적 접근, 하향식 접근, 상향식 접근 등 세 가지 방식을 어떠한 방향을 갖고 가야 할지에 대한 논의를 위한 출발점으로 제시했다.","In the face of crisis in the news media industry, many people prospect that new technology can save it. But there is no discussion about how new technology works and what is its limitations and which direction of development is needed. In view of media, this article analyzed ‘news chatbot’ as new technology. Firstly, this article defined bot and discussed bot’s agency based on actor network theory. Secondly, it analysed bots which are acting as media and discussed features of the messenger platform as a communication tool. Thirdly, it presents examples of news chatbot and analyzed how they work. Finally, it predicts the future of news chatbot and discussed the possibility of journalism."
Development of Prognostics and Health Management System for Rotating Machine and Application to Rotary Table,2022,"['Smart factory (스마트팩토리)', 'Prognostics and health management (건전성 예측 및 관리)', 'Deep learning (딥러닝)', 'Convolutional neural network (합성곱 신경망)']",,"Recently, interest in Prognostics and Health management (PHM) has been increasing as an advanced technology of maintenance. PHM technology is a technology that allows equipment to check its condition and predict failures in advance. To realize PHM technology, it is important to implement artificial intelligence technology that diagnoses failures based on data. Vibration data is often used to diagnose the state of the rotating machine. Additionally, there have been many efforts to convert vibration data into 2D images to apply a convolutional neural network (CNN), which is emerging as a powerful algorithm in the image processing field, to vibration data. In this study, a series of PHM processes for acquiring data from a rotary machine and using it to check the condition of the machine were applied to the rotary table. Additionally, a study was conducted to introduce and compare two methodologies for converting vibration data into 2D images. Finally, a GUI program to implement the PHM process was developed."
Content-Aware Convolutional Neural Network for Object Recognition Task,2016,"['deep learning', 'convolutional neural network', 'seam carving', 'image resizing']",,"In existing Convolutional Neural Network (CNNs) for object recognition task, there are only few efforts known to reduce the noises from the images. Both convolution and pooling layers perform the features extraction without considering the noises of the input image, treating all pixels equally important. In computer vision field, there has been a study to weight a pixel importance. Seam carving resizes an image by sacrificing the least important pixels, leaving only the most important ones. We propose a new way to combine seam carving approach with current existing CNN model for object recognition task. We attempt to remove the noises or the ""unimportant"" pixels in the image before doing convolution and pooling, in order to get better feature representatives. Our model shows promising result with CIFAR-10 dataset."
미디어로서의 봇(bot): 뉴스 챗봇에 대한 시론적 논의,2016,"['Messenger', 'Bot', 'Chatbot', 'Facebook', 'Artificial Intelligence', 'Bot Store', 'Journalism', '메신저', '봇', '챗봇', '페이스북', '인공지능', '봇 스토어', '저널리즘']","뉴스 미디어 산업이 위기를 겪으면서 새로운 기술이 구원이 될 수 있다는 전망이 많이 나오고 있다. 하지만, 그 기술이 어떤 원리로 작동하는지, 그것이 가진 한계는 무엇인지, 어떤 방향으로의 발전이 필요한 지에 대해서는 논의가 제대로 이루어지지 않고 있다. 이 글은 현재 주목받고 있는 새로운 기술인 뉴스 챗봇의 의미와 작동 방식, 그리고 전망에 대해 미디어 관점에서 시론적으로 분석했다. 쿼츠, 포브스, CNN 챗봇 등의 사례를 분석한 결과, 현재 챗봇은 초기 인공지능이 적용된 뉴스 추천 서비스 수준이라고 할 수 있었다. 뉴스 챗봇은 대화라는 의인화된 행위를 통해 뉴스를 전달할 뿐, 능동적 수행 측면에서는 완전하다고 할 수 없었다. 인공지능의 발전에 따라 챗봇도 지속해서 진화가 이루어질 것은 분명하지만, 어떠한 방향을 갖고 가느냐에 따라 결과가 심하게 달라질 수 있다. 이에 따라 규범론적 접근, 하향식 접근, 상향식 접근 등 세 가지 방식을 어떠한 방향을 갖고 가야 할지에 대한 논의를 위한 출발점으로 제시했다.","In the face of crisis in the news media industry, many people prospect that new technology can save it. But there is no discussion about how new technology works and what is its limitations and which direction of development is needed. In view of media, this article analyzed ‘news chatbot’ as new technology. Firstly, this article defined bot and discussed bot’s agency based on actor network theory. Secondly, it analysed bots which are acting as media and discussed features of the messenger platform as a communication tool. Thirdly, it presents examples of news chatbot and analyzed how they work. Finally, it predicts the future of news chatbot and discussed the possibility of journalism."
Deep Learning을 위한 GPGPU 기반 Convolution 가속기 구현,2016,"['Stack Monitoring System', 'Scintillation Detector', 'Variable High Voltage', 'AMP', 'Embedded Control Board']","본 논문에서는 GPGPU를 활용하여 Convolutional neural network의 가속화 방법을 제안한다. Convolutional neural network는 이미지의 특징 값을 학습하여 분류하는 neural network의 일종으로 대량의 데이터를 학습해야하는 영상처리에 적합하다. 기존의 Convolutional neural network의 convolution layer는 다수의 곱셈 연산을 필요로 하여 임베디드 환경에서 실시간으로 동작하기에 어려움이 있다. 본 논문에서는 이러한 단점을 해결하기 위하여 winograd convolution 연산을 통하여 곱셈 연산을 줄이고 GPGPU의 SIMT 구조를 활용하여 convolution 연산을 병렬 처리한다. 실험은 ModelSim, TestDrive를 사용하여 진행하였고 실험 결과 기존의 convolution 연산보다 처리 시간이 약 17% 개선되었다.","In this paper, we propose a method to accelerate convolutional neural network by utilizing a GPGPU. Convolutional neural network is a sort of the neural network learning features of images. Convolutional neural network is suitable for the image processing required to learn a lot of data such as images. The convolutional layer of the conventional CNN required a large number of multiplications and it is difficult to operate in the real-time on the embedded environment. In this paper, we reduce the number of multiplications through Winograd convolution operation and perform parallel processing of the convolution by utilizing SIMT-based GPGPU. The experiment was conducted using ModelSim and TestDrive, and the experimental results showed that the processing time was improved by about 17%, compared to the conventional convolution."
