title,date,keywords,abstract,multilingual_abstract
LSTM을 이용한 열화상 카메라의 고장진단,2022,"['Thermal Imaging Camera', 'Deep Learning', 'Failure Diagnostics', 'Failure Mode', 'LSTM']","열화상카메라는 주로 야간, 악천후 및 고온의 환경에서 사용되며, 고장이 발생하면 치명적인 손상을 입을 수있어 장기간 사용에 따른 내구성이 매우 중요하다. 최근, 방역, 화재 및 고장진단 등 다양한 용도로 사용되는 열화상카메라의 수요가 증가하고 있다. 열화상카메라를 이용하여 다른 시스템의 고장을 진단하는 연구는 많지만, 열화상카메라 자체의 고장진단을 연구하는 사례는 거의 없다. 따라서 본 연구에서는 열화상카메라의 FMEA(Failure Mode and Effect Analysis)에 대해 RPN(Risk Priority Number)이 높은 PCB(Printed Circuit Board) 및 적외선 렌즈(IR Lens)를 대상으로 70~90°C 온도에 따른 데이터 값을 추출하였으며, PCB 모듈의 고장 시 저항이 증가하는 것을 확인하였다. 획득한시계열 데이터를 딥러닝 기법 중 하나인 LSTM(Long Short-Term Memory)을 사용하여 분석을 진행하였다. 그 결과, 3가지의 데이터 정확도 오차를 온도별로 구하여 보았을 때, 다른 시스템의 모델에 비해 0.028~4.208%의 높은 정확도를얻었다.","Thermal imaging cameras are mainly used at night, in bad weather, and in high-temperature environments. Their durability due to the intended long-term use is very important as failure can cause fatal damage. Recently, the demand for thermal imaging cameras used for various purposes, such as communicable disease control, fire, and failure diagnostics, has been increasing. There are many studies on failure diagnostics in systems using thermal imaging cameras. However, few studies diagnose faults specifically in thermal imaging cameras. Therefore, this study extracted data values at a temperature range of 70~90°C for the printed circuit board (PCB) and infrared (IR) lenses with high risk priority number (RPN) for the failure mode and effect analysis (FMEA) of thermal imaging cameras and confirmed that the resistance increased during the failure of the PCB module. The acquired time series data were analyzed using long short-term memory (LSTM), which is one of the deep learning techniques. The results showed that when three data accuracy errors were obtained by temperature, 0.028~4.208% higher accuracy was obtained compared to models of other systems."
LSTM을 활용한 난방과 급탕 예측 및 수요-공급분석,2022,"['태양열 에너지(Solar Thermal Energy)', '태양열 집열기(Solar Thermal Collector)', '스마트시티(Smartcity)', '딥러닝(Deep Learning)', 'LSTM(Long Short-Term Memory)']",,
LSTM 언어모델 기반 한국어 문장 생성,2016,"['LSTM', 'Recurrent Neural Networks', 'Language Model', 'Sentence Generation']",,
LSTM 딥러닝 기반 배터리실 이슬점 온도 예측 알고리즘에 관한 연구,2022,[],,
