title,date,keywords,abstract,multilingual_abstract
BERT 기반 Variational Inference와 RNN을 이용한 한국어 영화평 감성 분석,2019,"['sentimental analysis', 'movie review', 'BERT', 'Transformer', 'variational inference', 'RNN', '감성 분석', '영화평', 'BERT', 'Transformer', 'variational inference', 'RNN']","최근 자연어처리 분야에서 많은 성능 향상을 보이고 있는 BERT는 양방향성을 가진 트랜스포머(transformer)를 기반으로 한 모델이다. BERT는 OOV (Out Of Vocabulary) 문제를 해결하기 위하여 BPE (Byte Pair Encoding)를 적용하며, 이를 기반으로 언어 모델을 사전 학습하고 출력 층(layer)을 추가하여 자연어처리 태스크를 fine-tuning한다. 감성 분석은 주어진 문장에 대한 잠재적 의미를 분석하고 분류하는 문제이다. 본 논문에서는 감성 분석에 BERT로부터 생성되는 토큰 표현을 이용하기 위하여 대용량 한국어 코퍼스로 언어 모델을 학습한 BERT 모델을 사용한다. 또한 문맥 정보를 인코딩하는 RNN을 BERT 함께 사용하는 방법과, RNN으로 인코딩한 hidden state에 variational inference를 이용하여 감성 분석을 수행하는 방법을 제안한다.","BERT is a model based on a bidirectional transformer and has demonstrated immense improvement in performance in the field of natural language processing. BERT applies BPE (Byte Pair Encoding) to solve OOV (Out Of Vocabulary) problem, and pre-trains language model based on the BPE and fine-tunes natural language processing task by adding an output layer. Sentimental analysis is a task of analyzing and classifying the potential meaning of a given sentence. In the present work, we have employed the BERT model which trains the language model with large capacity Korean Corpus to use the token representation generated from BERT for sentimental analysis. In addition, we propose a method of using BERT along with RNN, which encodes context information and a method of performing sentimental analysis using variational inference in hidden state encoded by RNNv."
BERT 모델과 지식 그래프를 활용한 지능형 챗봇,2019,"['Knowledge Graph', 'BERT', 'Chatbot', 'Relation Extraction', '지식 그래프', 'BERT', '챗봇', '관계 추출']","인공지능이 활발하게 연구되면서 이미지, 영상, 자연어 처리와 같은 다양한 분야에 적용되고 있다. 특히 자연어 처리 분야는 사람이 말하고 쓰는 언어들을 컴퓨터가 이해할 수 있도록 하기 위한 연구들이 진행되고 있고 인공지능 기술에서 매우 중요한 영역 중 하나로 여겨진다. 자연어 처리에서 컴퓨터에게 사람의 상식을 이해할 수 있도록 학습시키고 사람의 상식을 기반으로 결과를 생성하도록 하는 것은 복잡하지만 중요한 기술이다. 단어들의 관계를 이용해 연결한 지식 그래프는 컴퓨터에게 쉽게 상식을 학습시킬 수 있다는 장점이 있다. 하지만 기존에 고안된 지식 그래프들은 특정 언어나 분야에만 집중해 구성되어 있거나 신조어 등에는 대응하지 못하는 한계점을 갖고 있다. 본 논문에서는 실시간으로 데이터를 수집 및 분석하여 자동으로 확장 가능한 지식 그래프를 구축하고, 이를 기반 데이터로 활용하는 챗봇 시스템을 제안하고자 한다. 특히 자동 확장 그래프에 BERT 기반의 관계 추출 모델을 적용시켜 성능을 향상시키고자 한다. 자동 확장 지식 그래프를 이용해 상식이 학습되어 있는 챗봇을 구축하여 지식 그래프의 활용 가능성과 성능을 검증한다.","As artificial intelligence is actively studied, it is being applied to various fields such as image, video and natural language processing. The natural language processing, in particular, is being studied to enable computers to understand the languages spoken and spoken by people and is considered one of the most important areas in artificial intelligence technology. In natural language processing, it is a complex, but important to make computers learn to understand a person’s common sense and generate results based on the person’s common sense. Knowledge graphs, which are linked using the relationship of words, have the advantage of being able to learn common sense easily from computers. However, the existing knowledge graphs are organized only by focusing on specific languages and fields and have limitations that cannot respond to neologisms. In this paper, we propose an intelligent chatbotsystem that collects and analyzed data in real time to build an automatically scalable knowledge graph and utilizes it as the base data. In particular, the fine-tuned BERT-based for relation extraction is to be applied to auto-growing graph to improve performance. And, we have developed a chatbot that can learn human common sense using auto-growing knowledge graph, it verifies the availability and performance of the knowledge graph."
BERT Transformer와 Deep Learning을 활용한 전이학습 효과 검증 연구 :법률상담데이터 분류문제 적용,2019,"['Transfer Learning', 'Natural Language Processing', 'BERT', 'Deep Learning', 'Classification', 'Neural Network']",,"As AI(artificial intelligence) is actively researched, it is being applied in various fields such as natural language processing, video and voice processing. However, voices pointing out the technical limitations of deep learning are spreading, and accordingly, researches for solving the technical limitations of deep learning are being actively conducted. In this paper, BERT, well known as the pre-training model of natural language processing, was applied to the classification problem of legal counseling data to verify the effect of transfer learning. Using BERT pre-trained data, the Transformer classification model was implemented and applied to the problem of legal counseling data classification, which showed higher accuracy than the traditional machine learning algorithm."
진단명 자동 레이블링을 위한 양방향 트랜스포머 사전학습 언어모델기반 최종진단명 분류,2019,"['Medical', 'Final Diagnosis', 'Classification', 'Pre-training', 'BERT']",최근 의료분야에서는 보다 나은 의료기술을 제공하기 위하여 인공지능을 적용한 많은 연구들이 진행되고 있다. 인공지능 학습에 있어 높은 정확성과 안정성을 확보하기 위해서는 충분한 수의 학습데이터가 필요하다는 것은 저명한 사실이다. 그러나 의료데이터 레이블링 작업은 노동 집약적이며 비용과 시간이 많이 들기 때문에 학습에 필요한 양질의 데이터를 확보하기가 쉽지 않다. 따라서 이러한 문제를 해결하기 위해 자동으로 레이블링을 하고자하는 필요성이 증대되었다. 본 논문에서는 인공지능 기반 의료영상 자동 판독 솔루션의 개발 및 검증을 위해 필요한 영상과 이에 해당하는 질환명을 레이블링 하고자 자연어처리 분야에서 높은 성능을 보여 많이 사용되고 있는 양방향 트랜스포머 사전학습 언어모델 기반인 BERT 모델을 사용하여 판독기록문에서 최종 진단명을 분류하는 문제를 해결하였다.,"Recently, many studies have been underway to provide better medical technology by applying artificial intelligence technology in the medical field. Building training data for learning artificial intelligence is a necessary process because it requires a sufficient number of medical data and corresponding labels. However, large numbers of medical data labeling is labor-intensive issue, which has increased the need for automatic labeling. In this paper, we will introduce the study of automatically labeling the final diagnosis in medical treatment record using the BERT model, which shows the best performance in natural language processing in recent years"
Energy Characteristics and Failure Mechanisms for Textile Spread Tow Thin Ply Thermoplastic Composites under Low-velocity Impact,2019,"['Spread tow', 'Thin ply', 'Composites', 'Impact', 'Testing']",,"Carbon composites are deemed suitable for components with complex geometries which require high impactresistance. The broad range of industrial applications requires composite structures to be lighter and not to compromise withtheir mechanical performance. Non-crimp fabrics with lower fibre areal weight (FAW) are the class of reinforcement materialwhich will only bring the advantages of better mechanical properties but will also offer more longevity to the structures andreduced maintenance costs. This research aims at investigating the low-velocity impact performance of textile spread towthin ply (100 gsm) composites with an aim to study the load bearing capability, deflection characteristics and energycharacteristics. The results are compared with the baseline thick (200 gsm) fibre reinforced composites. There was 19.2 %,16.6 %, and 6.57 % higher peak load for spread tow thin ply composites when compared to thick ply composites at 25 J, 42 J,and 52 J impact energies respectively. Significantly lower residual deflection (40 % to 76 %) and higher major damageenergy (20 % to 33 %) were observed for spread tow thin ply laminates compared to the thick ply variant at different impactenergies. At 42 J and 52 J impact energies, the damage index (DI) was 2 times and 4 times higher for Thick ply laminateshighlighting extensive damage, which is also observed with detailed failure mechanisms study."
Gene flow from herbicide resistant transgenic soybean to conventional soybean and wild soybean,2019,"['Biosafety', 'Gene flow', 'Glycine max', 'Glycine soja', 'Herbicide resistance', 'Hybridization']",,"Gene flow from transgenic crops to conventional cultivars or wild relatives is a major environmental and economic concern in many countries. South Korea is one of the major importer of transgenic crops for food and feed, although commercial cultivation of transgenic crops is not yet allowed in this country. This study evaluated gene flow from the herbicide glyphosate- and glufosinate-resistant transgenic soybean (Glycine max) to five non-transgenic soybean cultivars and three accessions of wild soybean (Glycine soja). Field trials were conducted over 2 years, and gene flow was monitored up to 10 m distance from the pollen source. The results indicated that the detectable rate of gene flow from transgenic to conventional soybeans varied between 0 and 0.049% in both 2014 and 2015 field trials, while no hybrids were detected among wild soybean progenies. The highest rate of gene flow was found in the progenies of the Bert cultivar, which exhibited the longest period of flowering synchronization between the pollen donor and the recipient. In addition, overall gene flow rates declined with increased distance from the transgenic soybean plot. Gene flow was observed up to 3 m and 8 m from the transgenic soybean plot in 2014 and 2015, respectively. Our results may be useful for developing measures to prevent gene flow from transgenic soybean."
라캉적 관점으로 보는 해롤드 핀터의 방,2019,"['Jacques Lacan', 'the symbolic', 'the real', 'patriarchy', 'truth', '자크 라캉', '상징계', '실재', '가부장제', '진리']",,"The purpose of this paper is to read Harold Pinter’s The Room from the Lacanian perspective. Since Jacques Lacan focuses on one’s unconscious and desire, his psychoanalysis studies how a subject perceives oneself in social reality through the relations with the symbolic, and tries to follow the repressed unconscious in that symbolic. He also insists that a subject should never ‘give ground relative to one’s desire,’ and this is the ethics of desire which he emphasizes. In this paper, I will look over Rose's identity which is unconsciously formed by sexual difference in patriarchal system and her unconscious with its relations with 'the room'. Here, I suggest the room itself represents the symbolic which activates by patriarchal system. From this point of view, the room turns out to be domestic sphere and Rose represents women who ‘are imprisoned’ in it while her husband Bert(men) holds social sphere and enjoys his social life.We will see the social and emotional repression of the women by the symbolic order and the fundamental lack caused by the repression. I will try to follow the movement of her unconscious and desire and analyze how Pinter leads her to the ethics of desire."
꿈에 가득 찬 아이의 꿈 ; 지상의 삶을 위하여,2019,"['Anne Hébert', 'l’enfant chargé de songes', 'songes', 'libération', 'vie libre', '안 에베르', '꿈에 가득 찬 아이', '꿈', '해방', '자유로운 삶']",,"Les personnages dans l’oeuvre d’Anne Hébert souffrent dans une famille ou une société patriarcale et tentent de se libérer. Ils finissent par commettre le meurtre comme Elisabeth et Nelson dans Kamouraska, se suicider comme François dans Torrant ou réussir à mener une nouvelle vie comme Flora dans Le premier jardin. Julien dans l’Enfant chargé de songes rê̂ve aussi de se libérer du passé écrasant et entreprend finalement de refaire sa vie.Pour les songes de Julien les trois femmes jouent des rô̂les importants au cours de sa vie: Pauline, Lydie et Aline.L’amour total de Pauline permet à ses enfants(Julien et Hélène) de vivre le temps béni dans une sorte de paradis “suspendu entre ciel et terre”qui les isole du monde. Mais l’apparition de Lydie bouleverse la vie tranquille dans leur ‘paradis’. Pauline, mère posséssive et souvraine interdit à ses enfants le nouveau monde où Lydie les amène à travers la poésie et la musique. Julien accablé de l’amour excessif de sa mère n’arrive pas à mener une lutte pour son émancipation. Pauline est à la fois la source du bonheur et le mal d’origine qui l’étouffe.Julien rê̂ve d'une vie libre et lumineuse avec Lydie, mais elle le refuse: elle n’aime que les poètes dans les livres. Elle disparait après la noyade d’Hélène provoquée par elle-mê̂me. Julien perd ainsi la guide du monde de l’art. Sa vie libre ne se réalise que dans son imaginaire.Julien vit comme prisonnier, entouré des femmes mortes, mê̂me après la mort de sa mère. C'est un vieux garçon attaché au paradis perdu de l’enfance. Après son travail comme employé des postes il se retrouve seul, enfermé dans son monde imaginaire.Il garde toujours la nostalgie de ‘l’amour de Pauline’(l’amour maternel comme au temps béni) et de ‘l’amour pour Lydie’(la liberation à travers l’art). Julien revit ‘l’amour de Pauline’ grâ̂ce à Aline qui l’aime à la folie. Mais il lui manque ‘l’amour pour Lydie’. Il part donc pour Paris, ville rê̂vée à travers la poésie, où il rencontre Camille qui ressemble à Lydie, mais elle n’est qu’une passante. Le changement d’espace ne change rien à la vie de Julien: il est toujours prisonnier du passé. Or, il reçoit une lettre d’Aline; il sera bientô̂t le père d’un enfant. Cet événement marque un tournant dans sa vie. Il se détache de son passé et décide de rentrer à Québec. Sera-t-il enfin un homme mû̂r, père fidèle à la vie de famille? La fin du roman est ambiguë. Mais Julien ne vivrait plus “suspendu entre ciel et terre”, ni enfermé dans les livres, mais sur la terre, avec son arbre généalogique enraciné dans le monde, et il rê̂verait d’un nouveau ‘paradis’ avec son futur enfant et des poèms à venir puisque “le songe est à nouveau devant lui”. Et les songes, n’enrichiraient-ils pas sa vie à leur tour au lieu de l’enfermer dans son imaginaire? Ne s’inscriraient-ils pas ainsi dans un cercle vertueux de sa nouvelle vie? Le songe serait toujours à nouveau devant Julien, et aussi devant les lecteurs."
프랑스 공화 2년의 마라 숭배 -공포정치의 탄생과 민중적 영웅주의-,2019,"['Cult of Marat', 'popular heroism', 'the Terror', 'Geertz', 'Robespierre', 'Sans-culotte', 'Cult of Bara', 'popular culture', 'expressionism', 'carnival', 'Dechristianization', 'ritual and body', 'Death of Marat', '마라 숭배', '민중적 영웅주의', '공포정치', '기어츠', '로베스피에르', '상퀼로트', '바라 숭배', '민중문화', '표현주의', '카니발', '비기독교화', '의례와 신체', '마라의 죽음']","이 논문의 목적은 두 가지다. 하나는 마라 숭배와 공포정치 탄생의 관련성을 통해 의례의 정치적 의미를 알아보는 것이고, 다른 하나는 민중적 영웅주의의 성격을 탐구하는 것이다. 1793년 7월 13일 마라가 암살되면서 일련의 장례식과 장례행진, 심장 안치식 등이 거행되었다. 슬픔과 분노 속에서 상퀼로트를 중심으로 복수를 위한 공포정치가 요구되었지만 로베스피에르는 신중했다. 공포정치의 요구에 명확한 근거를 제공한 것이 장례식에 전시된 마라의 시신과 상처였다. 그것은 혁명 초부터 도처에 존재했던, 하지만 눈에는 보이지 않았던 반혁명적 귀족의 음모가 실제로 존재한다는 명확하고 가시적인 증거였다.마라의 장례 절차가 끝난 이후, ‘마라의 정신’을 계승한 정치적 고발이 시민적 덕목으로 고양되고 공포정치에 대한 요구가 본격화되었다. 결국 1793년 9월 5일 공포정치가 제도화되기에 이르렀다. 에베르는 ‘제2의 마라’를 자처하며 정치적 고발의 대상을 넓혀갔다. 하지만 상퀼로트에 정치적, 문화적 이질감을 느낀 로베스피에르는 에베르를 제거함과 동시에 새롭게 바라 숭배를 내세워 마라 숭배를 무력화시켰다. 마라 숭배가 정치적 고발과 분열을 일으켰다면, 바라 숭배의 목적은 그 분열을 메우고 통합을 성취하는 것이었다.마라를 향한 추모의 열정은 공화 2년 프랑스 전국을 달구었다. 그 과정에서 마라 숭배가 탄생하고 새로운 혁명적 영웅상이 구체화되었다. 마라 숭배에 사용된 수많은 추도문과 거기에 반영된 집단 심성을 통해 민중적 영웅주의의 몇 가지 특징을 파악할 수 있다. 그것은 유혈적 표현주의와 종교적 심성, 카니발주의를 특징으로 했다. 이것은 혁명 엘리트의 고전주의적 영웅주의와 달리 민중의 오래된 전통과 심성을 반영했다. 본 논문을 통해 민중적 영웅주의의 특징과 더불어, 마라 숭배가 실제 공포정치로 이어지는 과정을 통해 기어츠의 가설, 즉 “의례는 단지 권력을 반영하고 선전하는 것이 아니라 권력을 창출하고 유지한다”는 점도 확인할 수 있었다.","The purpose of this paper is two. The one is to examine the political significance of ritual through the relation of the cult of Mara and The Terror, the other is to explore the nature of popular heroism. On July 13, 1793, after Mara being assassinated, funeral, funeral march, and translation of a heart of Marat were held. In sadness and anger, the Sans-culottes demanded the terror to revenge for Mara, but Robespierre was cautious. It was Mara's wounded body that was displayed at the funeral that provided clear grounds for the demands of the terror. Marat's wounded body was the clear and visible evidence that there was actually a conspiracy of anti-revolutionary nobility, the conspiracy existing everywhere since the beginning of the revolution but being invisible to the eye.After the funeral of Mara, the political accusation that inherited the spirit of Mara was elevated as a civic virtue and the terror was demanded in earnest by the Sans-culottes, Eventually, on September 5, 1793, the Terror became institutionalized. Hébert became 'the second Mara' and expanded the target of political accusations. However, Robespier who felt political and cultural heterogeneity in the Sans-culottes, removed Hébert and substituted the cult of Marat with the cult of Bara. If the cult of Mara caused political accusations and divisions, the purpose of the cult of Bara was to fill the divisions and achieved an unity.The passion of the memorial for Mara spreaded to France in the Year II. In the process, the cult of Mara developed and a new revolutionary hero image was embodied. Through the numerous eulogy used in the cult of Mara and the collective mentality reflected in it, some characteristics of the popular heroism can be grasped. It was characterized by bloodshed expressionism and religious mentality, carnival practices. This reflects the old traditions and mentalities of the people, unlike the classical heroism of the revolutionary elite. In this paper, I discussed the characteristic of the popular heroism, and confirmed Geertz's hypothesis, ""rituals are not just reflecting and propagating power but creating and maintaining power"" in an analysis of the relationship between the cult of Mara and The Terror."
