title,date,keywords,abstract,multilingual_abstract
센서 측정기와 회로형 순환 유닛(GRU)을 이용한 실내 공기 품질 측정 및 추세 예측 시스템,2017,"['대기 관측 시스템', '시계열 예측', '장기-단기 주기 메모리 네트워크', '회로형 순환 유닛']","실내 공기 품질 측정은 측정 대상 공간의 대기 상태 유지, 외부 변인으로 인한 대기 이상 현상을 검출하려는 방법이다. 실내 공기 품질을 주기적으로 기록하면서 변인에 따른 공기 변화에 특정 패턴이 발생함을 관측할 수 있었으나, 파라미터를 설정하고 계수를 찾아 나가기엔 파라미터의 개수나 그 영향력을 추산하기 어렵고 결과가 시간에 의존적이라는 문제가 있다. 따라서 본 실험은 이것을 공식화하는 대신, 측정 주기마다 추이를 예측하는 관측치 중심의 기계 학습 모델을 개발하는 것을 목표로 한다. 본 논문은 실내 대기 품질을 주기적으로 전송 및 저장하는 측정기의 기록 데이터로 공기 품질 변화를 예측하는 모델을 설명하고 시계열 분석 모델을 구축한다.","Indoor air quality analysis is conducted to understand abnormal atmospheric phenomena and the external factor affecting indoor air quality. By recording indoor air quality measurements periodically, we are able to observe patterns in air quality. However, it difficult to predict the number of potential parameters, set parameters for a given observation and find the coefficients. Moreover, the results are time-dependent. Thus to address these issues, we introduce a microchip capable of periodically recording indoor air quality and a model that estimates atmospheric changes based on time series data."
딥러닝 모델을 이용한 영상 기반 항만시설물 손상 탐지 프레임워크,2022,"['딥러닝', '영상', '항만시설물', '손상', 'Deep Learning', 'Vision', 'Port Structure', 'Damage']","우리나라에는 60개의 항만에 총 1,086개의 항만시설이 존재하며, 그중 30년이 지난 노후시설은 총 284개(27.7%)나 된다. 현재 항만시설물은 육안 점검을 통해 유지관리가 수행되고 있으나, 항만시설물의 규모와 접근성의 어려움으로 인해 많은 노동력과 작업시간, 그리고 점검자의 위험 노출의 문제점을 안고 있다. 본 연구에서는 영상으로 항만시설물을 촬영하고, 촬영된 영상을 학습된 딥러닝 모델을 이용하여 검출하는 항만시설물 손상 탐지 프레임워크를 제안하였다. 실제 항만에서 촬영한 영상을 이용하여 제안한 프레임워크의 성능을 검증한 결과, 높은 정확도로 손상을 자동 탐지할 수 있음을 보였다.",
Large-Scale Text Classification with Deep Neural Networks,2017,"['deep learning', 'large-scale text classification', 'natural language processing', 'artificial neural networks', '딥러닝', '대용량 문서 분류', '자연어 처리', '인공신경망']",,"The classification problem in the field of Natural Language Processing has been studied for a long time. Continuing forward with our previous research, which classifies large-scale text using Convolutional Neural Networks (CNN), we implemented Recurrent Neural Networks (RNN), Long- Short Term Memory (LSTM) and Gated Recurrent Units (GRU). The experiment’s result revealed that the performance of classification algorithms was Multinomial Naïve Bayesian Classifier < Support Vector Machine (SVM) < LSTM < CNN < GRU, in order. The result can be interpreted as follows: First, the result of CNN was better than LSTM. Therefore, the text classification problem might be related more to feature extraction problem than to natural language understanding problems. Second, judging from the results the GRU showed better performance in feature extraction than LSTM. Finally, the result that the GRU was better than CNN implies that text classification algorithms should consider feature extraction and sequential information. We presented the results of fine-tuning in deep neural networks to provide some intuition regard natural language processing to future researchers."
Evaluation of Recurrent Neural Network Variants for Person Re-identification,2017,"['Person re-identification', 'Multi-shot', 'Recurrent neural network', 'Optimization']",,"Instead of using only spatial features from a single frame for person re-identification, a combination of spatial and temporal factors boosts the performance of the system. A recurrent neural network (RNN) shows its effectiveness in generating highly discriminative sequence-level human representations. In this work, we implement RNN, three Long Short Term Memory (LSTM) network variants, and Gated Recurrent Unit (GRU) on Caffe deep learning framework, and we then conduct experiments to compare performance in terms of size and accuracy for person reidentification. We propose using GRU for the optimized choice as the experimental results show that the GRU achieves the highest accuracy despite having fewer parameters than the others."
순환신경망을 이용한 한글 필기체 인식,2017,"['순환신경망', '한글필기체 인식', '딥러닝 응용', '한글 구성 원리를 고려한 인식', '온라인 필기체 인식', 'recurrent neural networks', 'Hangul handwriting recognition', 'deep learning application', 'online handwriting recognition']","온라인 방식의 한글 필기체 인식 문제를 분석하고 순환신경망 기반의 해법을 모색한다. 한글 낱글자 인식 문제를 순서데이터 레이블링의 관점에서 서열 분류, 구간 분류, 시간별 분류의 세 단계로 구분하여 각각에 대한 해법을 살펴보며, 한글의 구성 원리를 고려한 해결 방안을 정리한다. 한글 2350글자에 대한 온라인 필기체 데이터에 GRU(gated recurrent unit)의 다층 구조를 가지는 서열 분류모델을 적용한 결과, 낱글자 인식 정확도는 86.2%, 초･중･종성 구성에 따른 6가지 유형 분류 정확도는 98.2%로 측정되었다. 유형 분류 모델로 획의 진행에 따른 유형 변화 역시 높은 정확도로 인식하는 결과를 통해, 순환신경망을 이용하여 순서 데이터에서 한글의 구조와 같은 고차원적 지식을 학습할 수 있음을 확인하였다.","We analyze the online Hangul handwriting recognition problem (HHR) and present solutions based on recurrent neural networks. The solutions are organized according to the three kinds of sequence labeling problem - sequence classifications, segment classification, and temporal classification, with additional consideration of the structural constitution of Hangul characters. We present a stacked gated recurrent unit (GRU) based model as the natural HHR solution in the sequence classification level. The proposed model shows 86.2% accuracy for recognizing 2350 Hangul characters and 98.2% accuracy for recognizing the six types of Hangul characters. We show that the type recognizing model successfully follows the type change as strokes are sequentially written. These results show the potential for RNN models to learn high-level structural information from sequential data."
전자상거래 추천시스템을 위한 순환신경망 알고리즘들의 성능평가,2017,"['전자상거래', '추천시스템', '머신러닝', '순환신경망', '최적화 알고리즘', '텐서플로우', 'e-commerce', 'recommendation system', 'machine learning', 'recurrent neural network', 'optimization algorithm', 'TensorFlow']","전자상거래 발전에 따라 온라인 쇼핑을 이용하는 사람들이 증가하였고 제품 또한 다양해지고 있다. 이러한 추세로 구매자가 만족할 수 있는 정확한 추천시스템의 중요성이 증대되었으며 정확도를 높이기 위한 새로운 방법의 연구가 계속되고 있다. 순환신경망은 시퀀스 학습에 적합한 딥 러닝 방법 중 하나이며 본 연구에서는 추천시스템의 정확도를 높이는 방법으로 구매자의 제품 접근순서를 순환신경망에 적용하여 알고리즘 성능평가를 하였다. 알고리즘 성능평가에는 대표적인 순환신경망 알고리즘과 최적화 알고리즘으로 진행하였다. 순환신경망 알고리즘으로는 RNN, LSTM, GRU 그리고 최적화 알고리즘으로는 Adagrad, RMSProp, Adam optimizer를 사용하였다. 실험 도구로는 구글의 오픈소스 라이브러리인 텐서플로우를 사용하였고 데이터는 RecSys Challenge 2015에서 제공하는 e-commerce session 데이터를 활용하였다. 실험 결과 실험 데이터에 적합한 최적의 하이퍼파라미터를 발굴하고 적용하여 RecSys Challenge 2015 참가자들의 결과와 비교하였다. 상품 접근 순서만을 학습시킨 결과이기 때문에 등수가 높지는 않았지만 기존 추천시스템에 접목한다면 정확도 향상에 기여할 수 있을 것으로 보인다.","Due to the advance of e-commerce systems, the number of people using online shopping and products has significantly increased. Therefore, the need for an accurate recommendation system is becoming increasingly more important. Recurrent neural network is a deep-learning algorithm that utilizes sequential information in training. In this paper, an evaluation is performed on the application of recurrent neural networks to recommendation systems. We evaluated three recurrent algorithms (RNN, LSTM and GRU) and three optimal algorithms(Adagrad, RMSProp and Adam) which are commonly used. In the experiments, we used the TensorFlow open source library produced by Google and e-commerce session data from RecSys Challenge 2015. The results using the optimal hyper-parameters found in this study are compared with those of RecSys Challenge 2015 participants."
End-to-end Korean Document Summarization using Copy Mechanism and Input-feeding,2017,"['문서요약', '인공신경망', '기계학습', '딥러닝', 'RNN', 'Deep Learning', 'GRU', 'Document Summarization']",,
주목 메커니즘 기반의 심층신경망을 이용한 음성 감정인식,2017,[],,"In this paper, we propose a speech emotion recognition method using a deep neural network based on the attention mechanism. The proposed method consists of a combination of CNN (Convolution Neural Networks), GRU (Gated Recurrent Unit), DNN (Deep Neural Networks) and attention mechanism. The spectrogram of the speech signal contains characteristic patterns according to the emotion. Therefore, we modeled characteristic patterns according to the emotion by applying the tuned Gabor filters as convolutional filter of typical CNN. In addition, we applied the attention mechanism with CNN and FC (Fully-Connected) layer to obtain the attention weight by considering context information of extracted features and used it for emotion recognition. To verify the proposed method, we conducted emotion recognition experiments on six emotions. The experimental results show that the proposed method achieves higher performance in speech emotion recognition than the conventional methods."
